timestamp_utc,pmid,doi,year,title,journal,decision,stage,include_reason,exclude_reason,flag_reason,background_reason,needs_human_review,reviewer_votes,evidence_spans,source_path,copy_path,confidence_score,confidence,reviewer_votes_normalized,automated_vote_count,automated_votes_summary
2026-07-27T12:23:32.158013+00:00,9419562,10.1016/s1076-6332(05)80184-9,1995,Detection of degradation of magnetic resonance (MR) images: comparison of an automated MR image-quality analysis system with trained human observers.,Academic radiology,include,fulltext_Thu_adjudication+reverified_clean_data,"automated_vs_human_evaluation_baseline: Head-to-head comparison of an automated MR image-quality analysis system against trained human observers for detecting intentionally introduced image degradation (SNR loss, geometric distortion, slice ...",,,,FALSE,"{""Dat Mai_fulltext"": ""flagged"", ""Thu_adjudicator"": ""include""}","[""compared the sensitivity of a test object and automated image analysis system for MR imaging QC with the sensitivity of trained human observers"", ""The human observers were able to detect a 6-13% reduction in the SNR and distortions of mor ...",1995 - Detection of degradation of magnetic resonance (MR) images comparison of an automated MR image-quality analysis system w - PMID 9419562.md,,0.55,low,"{""Thu_adjudicator"": ""include""}",1,"{""flagged"": 1}"
2026-07-27T12:23:32.158013+00:00,,10.1109/42.387716,1995,Using an image database to constrain the acquisition and reconstruction of MR images of the human head,IEEE Transactions on Medical Imaging,include,fulltext_Thu_adjudication,fidelity_failure_mode_evaluation: Learning/training-set-constrained (data-driven prior) reconstruction of undersampled brain MRI that explicitly stress-tests the safety-critical failure mode of a learned prior by inserting simulated lesions ...,,,,FALSE,"{""Dat Mai_fulltext"": ""flagged"", ""Thu_adjudicator"": ""include""}","[""a simulated 'lesion' unlike any lesion in the training set"", ""the FR method did not lead to accurate images when the 'lesion' was outside the head"", ""signal intensity from the extracranial lesion was 'aliased' into the head, producing a p ...",1995 - Using an image database to constrain the acquisition and reconstruction of MR images of the human head - IEEEXPLORE 387716.md,,0.7,medium,"{""Thu_adjudicator"": ""include""}",1,"{""flagged"": 1}"
2026-07-27T12:23:32.158013+00:00,11517069,10.2214/ajr.177.3.1770671,2001,Articular cartilage and the magic angle effect.,AJR. American journal of roentgenology,background_only,fulltext_screening,,,,"review_for_background: Commentary (publication type Comment) on musculoskeletal MRI, off-topic and non-original.",FALSE,"{""Dat Mai_fulltext"": ""background_only""}","[""Commentary"", ""Articular Cartilage and the Magic Angle Effect""]",2001 - Articular cartilage and the magic angle effect. - PMID 11517069.md,,0.9,high,{},1,"{""background_only"": 1}"
2026-07-27T12:23:32.158013+00:00,12812965,,2003,Diffusion-weighted imaging of the spine: is it reliable?,AJNR. American journal of neuroradiology,exclude,fulltext_screening,,out_of_scope: Editorial-style piece on spinal DWI reliability; not brain MRI reconstruction and no methodological reconstruction-safety evaluation.,,,FALSE,"{""Dat Mai_fulltext"": ""exclude""}","[""Diffusion-weighted imaging of the spine: is it reliable?""]",2003 - Diffusion-weighted imaging of the spine is it reliable - PMID 12812965.md,,0.75,medium,{},1,"{""exclude"": 1}"
2026-07-27T12:23:32.158013+00:00,13679300,,2003,Flow voids and carotid MR angiography.,AJNR. American journal of neuroradiology,background_only,fulltext_screening,,,,review_for_background: Comment/Letter on carotid MR angiography; non-original and off-topic.,FALSE,"{""Dat Mai_fulltext"": ""background_only""}","[""Comment"", ""Letter""]",2003 - Flow voids and carotid MR angiography. - PMID 13679300.md,,0.85,high,{},1,"{""background_only"": 1}"
2026-07-27T12:23:32.158013+00:00,12814987,10.1161/01.CIR.0000068034.93450.FE,2003,Images in cardiovascular medicine. Visualization of anomalous coronary artery in the presence of arrhythmia using radial balanced fast field echo coronary magnetic resonance angiography.,Circulation,exclude,fulltext_screening,,"wrong_study_design: Case report of coronary MR angiography; cardiac, not brain MRI reconstruction, and an excluded study design.",,,FALSE,"{""Dat Mai_fulltext"": ""exclude""}","[""Images in cardiovascular medicine"", ""Case Reports""]",2003 - Images in cardiovascular medicine. Visualization of anomalous coronary artery in the presence of arrhythmia using radial - PMID 12814987.md,,0.9,high,{},1,"{""exclude"": 1}"
2026-07-27T12:23:32.158013+00:00,,10.1109/ISSPIT.2005.1577201,2005,Quality evaluation of fast morphing interpolation model for 3D volume reconstruction,"Proceedings of the Fifth IEEE International Symposium on Signal Processing and Information Technology, 2005.",include,fulltext_screening,"Quality/accuracy evaluation of a 3D volume reconstruction model on brain MRI, comparing against linear interpolation via error metrics (reconstruction fidelity assessment).",,,,FALSE,"{""Dat Mai_fulltext"": ""include""}","[""Quality evaluation of a 3D volume reconstruction model"", ""Error analysis using average Mean Square and Absolute error""]",2005 - Quality evaluation of fast morphing interpolation model for 3D volume reconstruction - IEEEXPLORE 1577201.md,,0.55,low,{},1,"{""include"": 1}"
2026-07-27T12:23:32.158013+00:00,17117780,10.1109/TMI.2006.881374,2006,Using human and model performance to compare MRI reconstructions.,IEEE transactions on medical imaging,include,fulltext_screening,"Directly proposes human and model observers as an evaluation methodology for MRI reconstructions, comparing three reconstructions and arguing observer studies are needed to validate reconstructions.",,,,FALSE,"{""Dat Mai_fulltext"": ""include""}","[""human and model observers as a novel approach to evaluating reconstructions"", ""human observer studies are important for validating MRI reconstructions""]",2006 - Using human and model performance to compare MRI reconstructions. - PMID 17117780.md,,0.9,high,{},1,"{""include"": 1}"
2026-07-27T12:23:32.158013+00:00,17765574,10.1016/j.neuroimage.2007.06.040,2007,Isoflurane anesthesia effect in functional imaging studies.,NeuroImage,exclude,fulltext_screening,,wrong_population: Animal (cat) functional imaging study of anesthesia effects; no reconstruction-safety evaluation and animal-only.,,,FALSE,"{""Dat Mai_fulltext"": ""exclude""}","[""Animals"", ""Cats"", ""Models, Animal""]",2007 - Isoflurane anesthesia effect in functional imaging studies. - PMID 17765574.md,,0.9,high,{},1,"{""exclude"": 1}"
2026-07-27T12:23:32.158013+00:00,,10.1109/ICIP.2007.4379268,2007,Parallel Magnetic Resonance Imaging using Neural Networks,2007 IEEE International Conference on Image Processing,exclude,fulltext_Thu_adjudication,,"wrong_outcome: Neural-network parallel-imaging reconstruction method development validated on phantom and brain data against standard parallel imaging techniques, with no safety, fidelity or failure-mode evaluation focus and no evaluation-m ...",,,FALSE,"{""Dat Mai_fulltext"": ""flagged"", ""Thu_adjudicator"": ""exclude""}","[""results have been compared with the standard existing parallel imaging techniques"", ""The proposed approach is found to perform better than the standard existing techniques""]",2007 - Parallel Magnetic Resonance Imaging using Neural Networks - IEEEXPLORE 4379268.md,,0.7,medium,"{""Thu_adjudicator"": ""exclude""}",1,"{""flagged"": 1}"
2026-07-27T12:23:32.158013+00:00,22311115,10.1007/s00062-012-0131-8,2012,Quantitative magnetic resonance angiography.,Clinical neuroradiology,exclude,fulltext_screening+reverified_clean_data,,"out_of_scope: Overview of quantitative MR angiography methods for cerebral vessels (no abstract); angiography quantification, not AI/ML reconstruction-safety evaluation. [re-verified on clean data: no abstract, no full text — thin evidence, ...",,,TRUE,"{""Dat Mai_fulltext"": ""exclude""}","[""Quantitative magnetic resonance angiography""]",2012 - Quantitative magnetic resonance angiography. - PMID 22311115.md,,0.6,low,{},1,"{""exclude"": 1}"
2026-07-27T12:23:32.158013+00:00,23218792,10.1016/j.mri.2012.09.009,2013,A new perceptual difference model for diagnostically relevant quantitative image quality evaluation: a preliminary study.,Magnetic resonance imaging,include,fulltext_screening,"Develops a perceptual difference model to evaluate reconstruction artifacts (noise, blur, aliasing, oil-painting) on brain MRI, validated against human observers and used to compare CS vs GRAPPA reconstruction.",,,,FALSE,"{""Dat Mai_fulltext"": ""include""}","[""evaluating CS and GRAPPA reconstruction algorithms"", ""Four types of artifacts (noise, blur, aliasing or \""oil painting\"")""]",2013 - A new perceptual difference model for diagnostically relevant quantitative image quality evaluation a preliminary study. - PMID 23218792.md,,0.9,high,{},1,"{""include"": 1}"
2026-07-27T12:23:32.158013+00:00,24110610,10.1109/EMBC.2013.6610423,2013,Anisotropic smoothing regularization (AnSR) in Thirion's Demons registration evaluates brain MRI tissue changes post-laser ablation.,IEEE EMBC Annual International Conference,exclude,fulltext_screening,,"wrong_intervention_or_index: Deformable image registration regularization method for brain MRI, not image reconstruction or its safety/fidelity evaluation.",,,FALSE,"{""Dat Mai_fulltext"": ""exclude""}","[""Thirion's Demons algorithm"", ""regularize the deformation field""]",2013 - Anisotropic smoothing regularization (AnSR) in Thirion's Demons registration evaluates brain MRI tissue changes post-las - PMID 24110610.md,,0.7,medium,{},1,"{""exclude"": 1}"
2026-07-27T12:23:32.158013+00:00,23857073,10.1055/s-0033-1350117,2013,Application of a novel metal artifact correction algorithm in flat-panel CT after coil embolization of brain aneurysms: intraindividual comparison.,RoFo,exclude,fulltext_screening,,wrong_intervention_or_index: Metal artifact correction in flat-panel CT (not MRI); off-topic modality.,,,FALSE,"{""Dat Mai_fulltext"": ""exclude""}","[""flat-panel CT"", ""beam hardening artifacts caused by metal implants in computed tomography""]",2013 - Application of a novel metal artifact correction algorithm in flat-panel CT after coil embolization of brain aneurysms i - PMID 23857073.md,,0.85,high,{},1,"{""exclude"": 1}"
2026-07-27T12:23:32.158013+00:00,23595762,10.1523/JNEUROSCI.3081-12.2013,2013,Application of high-frequency repetitive transcranial magnetic stimulation to the DLPFC alters human prefrontal-hippocampal functional interaction.,The Journal of neuroscience,exclude,fulltext_screening,,out_of_scope: Cognitive neuroscience rTMS/fMRI connectivity study; no MRI reconstruction or its safety/fidelity evaluation.,,,FALSE,"{""Dat Mai_fulltext"": ""exclude""}","[""prefrontal-hippocampal seeded connectivity"", ""functional connectivity analyses""]",2013 - Application of high-frequency repetitive transcranial magnetic stimulation to the DLPFC alters human prefrontal-hippocam - PMID 23595762.md,,0.9,high,{},1,"{""exclude"": 1}"
2026-07-27T12:23:32.158013+00:00,24450256,10.2298/vsp1312117n,2013,Assessing the quality of angiographic display of brain blood vessels aneurysms compared to intraoperative state.,Vojnosanitetski pregled,exclude,fulltext_screening,,out_of_scope: Clinical comparison of angiographic modalities (CTA/MSCTA/DSA/MRA) for aneurysm visualization quality vs intraoperative gold standard; not AI/ML MRI reconstruction-safety evaluation.,,,FALSE,"{""Dat Mai_fulltext"": ""exclude""}","[""evaluate the reliability of spatial reconstruction of blood vessels of the brain"", ""compared to intraoperative identification""]",2013 - Assessing the quality of angiographic display of brain blood vessels aneurysms compared to intraoperative state. - PMID 24450256.md,,0.75,medium,{},1,"{""exclude"": 1}"
2026-07-27T12:23:32.158013+00:00,23555711,10.1371/journal.pone.0059573,2013,Automated transmission-mode scanning electron microscopy (tSEM) for large volume analysis at nanoscale resolution.,PloS one,exclude,fulltext_screening,,wrong_intervention_or_index: Electron microscopy imaging methodology (animal brain ultrastructure); not MRI and animal tissue.,,,FALSE,"{""Dat Mai_fulltext"": ""exclude""}","[""transmission-mode scanning electron microscopy (tSEM)"", ""Rats""]",2013 - Automated transmission-mode scanning electron microscopy (tSEM) for large volume analysis at nanoscale resolution. - PMID 23555711.md,,0.9,high,{},1,"{""exclude"": 1}"
2026-07-27T12:23:32.158013+00:00,,10.1109/ISBI.2014.6868038,2014,Improving magnetic resonance resolution with supervised learning,2014 IEEE 11th International Symposium on Biomedical Imaging (ISBI),exclude,fulltext_Thu_adjudication,,wrong_outcome: Supervised random-forest super-resolution method development for brain MR images evaluated solely with PSNR against interpolation and self-similarity super-resolution baselines; the word 'hallucination' is used in its older s ...,,,FALSE,"{""Dat Mai_fulltext"": ""flagged"", ""Thu_adjudicator"": ""exclude""}","[""computing the peak signal to noise ratio (PSNR) for each of the four methods"", ""Table 3 shows the average PSNR (and standard deviation) values of the super-resolution T2-w images""]",2014 - Improving magnetic resonance resolution with supervised learning - IEEEXPLORE 6868038.md,,0.75,medium,"{""Thu_adjudicator"": ""exclude""}",1,"{""flagged"": 1}"
2026-07-27T12:23:32.158013+00:00,25143262,10.1002/jmri.24728,2015,Artifactual microhemorrhage generated by susceptibility weighted image processing.,Journal of magnetic resonance imaging : JMRI,include,fulltext_screening,"Characterizes a reconstruction/processing failure mode where SWI homodyne filtering fabricates false microhemorrhages that could cause pathology overestimation, evaluated by neuroradiologist review, and shows 3D phase unwrapping mitigates i ...",,,,FALSE,"{""Dat Mai_fulltext"": ""include""}","[""artifactual microhemorrhages are introduced by the two-dimensional (2D) homodyne filtering"", ""could lead to overestimation of pathology""]",2015 - Artifactual microhemorrhage generated by susceptibility weighted image processing. - PMID 25143262.md,,0.85,high,{},1,"{""include"": 1}"
2026-07-27T12:23:32.158013+00:00,26646346,10.12968/hmed.2015.76.12.C189,2015,Functional magnetic resonance imaging.,British journal of hospital medicine,background_only,fulltext_screening,,,,review_for_background: Review article (publication type Review) overviewing fMRI; no original reconstruction-safety evaluation.,FALSE,"{""Dat Mai_fulltext"": ""background_only""}","[""Review"", ""Functional magnetic resonance imaging""]",2015 - Functional magnetic resonance imaging. - PMID 26646346.md,,0.85,high,{},1,"{""background_only"": 1}"
2026-07-27T12:23:32.158013+00:00,26606457,10.1016/j.media.2015.10.012,2015,Sparse Reconstruction Challenge for diffusion MRI: Validation on a physical phantom to determine which acquisition scheme and analysis method to use?,Medical image analysis,include,fulltext_screening,Community challenge benchmarking 16 diffusion-MRI reconstruction algorithms on a physical phantom to assess reconstruction accuracy and guide brain neuroimaging protocols (evaluation methodology comparing reconstructions).,,,,FALSE,"{""Dat Mai_fulltext"": ""include""}","[""validate the performance of multiple reconstruction methods"", ""quantitative results pertaining to each reconstruction algorithm""]",2015 - Sparse Reconstruction Challenge for diffusion MRI Validation on a physical phantom to determine which acquisition scheme - PMID 26606457.md,,0.7,medium,{},1,"{""include"": 1}"
2026-07-27T12:23:32.158013+00:00,26221716,10.1007/978-3-319-19992-4_58,2015,Tree-Encoded Conditional Random Fields for Image Synthesis.,Information processing in medical imaging,exclude,fulltext_Thu_adjudication,,wrong_outcome: Cross-contrast brain MR image synthesis (T1-w to T2-w/FLAIR) and super-resolution method development evaluated with synthesis quality metrics and downstream segmentation agreement; although the paper notes in passing that a c ...,,,FALSE,"{""Dat Mai_fulltext"": ""flagged"", ""Thu_adjudicator"": ""exclude""}","[""FUSION results (Fig. 1(b)) have the highest PSNR, but produce anatomically incorrect images, especially in the presence of abnormal tissue anatomy (lesions for example)"", ""showing similar segmentations to those obtained from real FLAIRs""]",2015 - Tree-Encoded Conditional Random Fields for Image Synthesis. - PMID 26221716.md,,0.6,low,"{""Thu_adjudicator"": ""exclude""}",1,"{""flagged"": 1}"
2026-07-27T12:23:32.158013+00:00,28149968,10.1007/978-3-319-46723-8_66,2016,7T-Guided Learning Framework for Improving the Segmentation of 3T MR Images.,MICCAI,exclude,fulltext_Thu_adjudication,,wrong_outcome: Learning-based 3T-to-7T-like brain MR image enhancement/synthesis method development whose endpoints are reconstruction quality versus state-of-the-art methods and downstream WM/GM/CSF segmentation accuracy; there is no asses ...,,,FALSE,"{""Dat Mai_fulltext"": ""flagged"", ""Thu_adjudicator"": ""exclude""}","[""through the reconstruction of a higher-quality 7T-like MR image"", ""the outperformance of the proposed 7T MRI reconstruction method when compared to other state-of-the-art methods""]",2016 - 7T-Guided Learning Framework for Improving the Segmentation of 3T MR Images. - PMID 28149968.md,,0.7,medium,"{""Thu_adjudicator"": ""exclude""}",1,"{""flagged"": 1}"
2026-07-27T12:23:32.158013+00:00,,10.1109/ISBI.2016.7493412,2016,Compressive sensing based Q-space resampling for handling fast bulk motion in hardi acquisitions,2016 IEEE 13th International Symposium on Biomedical Imaging (ISBI),include,fulltext_Thu_adjudication,"fidelity_failure_mode_evaluation: Beyond proposing a resampling method, the authors explicitly contribute a systematic evaluation framework that simulates a defined corruption failure mode (intra-gradient motion signal dropout) in clean bra ...",,,,FALSE,"{""Dat Mai_fulltext"": ""flagged"", ""Thu_adjudicator"": ""include""}","[""we present a systematic evaluation framework to study the impact of the exclusion of corrupted gradients versus QBI and SHORE-based resampling strategies on the reconstruction of orientation distribution functions"", ""Assessing deviations ...",2016 - Compressive sensing based Q-space resampling for handling fast bulk motion in hardi acquisitions - IEEEXPLORE 7493412.md,,0.6,low,"{""Thu_adjudicator"": ""include""}",1,"{""flagged"": 1}"
2026-07-27T12:23:32.158013+00:00,26301458,10.1002/mrm.25899,2016,Correcting heat-induced chemical shift distortions in proton resonance frequency-shift thermometry.,Magnetic resonance in medicine,exclude,fulltext_Thu_adjudication,,wrong_intervention_or_index: Physics-based k-space signal-model algorithm that corrects heat-induced chemical-shift geometric distortion in MR thermometry temperature maps for MR-guided focused ultrasound therapy; although geometric distort ...,,,FALSE,"{""Dat Mai_fulltext"": ""flagged"", ""Thu_adjudicator"": ""exclude""}","[""results in a change in proton resonance frequency that causes geometric distortions in the image and calculated temperature maps"", ""peak temperature and thermal dose measurements were spatially offset by approximately 1 mm in vivo""]",2016 - Correcting heat-induced chemical shift distortions in proton resonance frequency-shift thermometry. - PMID 26301458.md,,0.65,low,"{""Thu_adjudicator"": ""exclude""}",1,"{""flagged"": 1}"
2026-07-27T12:23:32.158013+00:00,26758838,10.1523/JNEUROSCI.3248-15.2016,2016,De Novo Emergence of Odor Category Representations in the Human Brain.,The Journal of neuroscience,exclude,fulltext_screening,,out_of_scope: Cognitive-neuroscience multivariate fMRI study of odor categorization; no MRI reconstruction or its safety evaluation.,,,FALSE,"{""Dat Mai_fulltext"": ""exclude""}","[""multivariate fMRI techniques"", ""emergence of novel odor category representations""]",2016 - De Novo Emergence of Odor Category Representations in the Human Brain. - PMID 26758838.md,,0.92,high,{},1,"{""exclude"": 1}"
2026-07-27T12:23:32.158013+00:00,26714794,10.1002/mrm.26080,2016,Diffusion in realistic biophysical systems can lead to aliasing effects in diffusion spectrum imaging.,Magnetic resonance in medicine,include,fulltext_screening,"Evaluates and identifies a reconstruction failure mode where aliasing from fast diffusion components produces artifactual fiber reconstructions in brain DSI, characterizing the limitation and a mitigation.",,,,FALSE,"{""Dat Mai_fulltext"": ""include""}","[""aliasing ... can lead to artifactual fiber reconstructions"", ""evaluate DSI performances' under realistic biophysical conditions""]",2016 - Diffusion in realistic biophysical systems can lead to aliasing effects in diffusion spectrum imaging. - PMID 26714794.md,,0.6,low,{},1,"{""include"": 1}"
2026-07-27T12:23:32.158013+00:00,27459133,10.1055/s-0042-109071,2016,Dynamic 3D MR-Defecography.,RoFo,exclude,fulltext_screening,,out_of_scope: Pelvic-floor MR defecography; not brain MRI and no reconstruction-safety evaluation (no abstract).,,,FALSE,"{""Dat Mai_fulltext"": ""exclude""}","[""MR-Defecography"", ""Constipation / diagnostic imaging""]",2016 - Dynamic 3D MR-Defecography. - PMID 27459133.md,,0.85,high,{},1,"{""exclude"": 1}"
2026-07-27T12:23:32.158013+00:00,26625404,10.1109/TBME.2015.2503756,2016,Fast Multiclass Dictionaries Learning With Geometrical Directions in MRI Reconstruction.,IEEE transactions on bio-medical engineering,exclude,fulltext_Thu_adjudication,,"wrong_outcome: Dictionary-learning compressed-sensing reconstruction method development for undersampled brain MRI, benchmarked against state-of-the-art reconstruction methods on generic image-quality grounds (artifact suppression, edge pre ...",,,FALSE,"{""Dat Mai_fulltext"": ""flagged"", ""Thu_adjudicator"": ""exclude""}","[""Artifacts are better suppressed and image edges are better preserved than the compared methods"", ""reconstruct images with better image quality""]",2016 - Fast Multiclass Dictionaries Learning With Geometrical Directions in MRI Reconstruction. - PMID 26625404.md,,0.75,medium,"{""Thu_adjudicator"": ""exclude""}",1,"{""flagged"": 1}"
2026-07-27T12:23:32.158013+00:00,26511101,10.1002/mrm.25854,2016,High spatial resolution compressed sensing (HSPARSE) functional MRI.,Magnetic resonance in medicine,exclude,fulltext_screening,,"wrong_population: Compressed-sensing high-resolution fMRI reconstruction demonstrated in rats (animal-only optogenetic fMRI), despite evaluating fidelity metrics.",,,FALSE,"{""Dat Mai_fulltext"": ""exclude""}","[""Animals"", ""Rats"", ""hemodynamic response function distortion""]",2016 - High spatial resolution compressed sensing (HSPARSE) functional MRI. - PMID 26511101.md,,0.6,low,{},1,"{""exclude"": 1}"
2026-07-27T12:23:32.158013+00:00,28269146,10.1109/EMBC.2016.7591588,2016,Motion invariant contrast enhancement of optical imaging data in the gradient domain.,IEEE EMBC Annual International Conference,exclude,fulltext_screening,,out_of_scope: Optical imaging (not MRI) motion-compensation/denoising pipeline in animals; off-topic modality.,,,FALSE,"{""Dat Mai_fulltext"": ""exclude""}","[""Functional optical imaging (OI)"", ""optic flow guided denoising""]",2016 - Motion invariant contrast enhancement of optical imaging data in the gradient domain. - PMID 28269146.md,,0.9,high,{},1,"{""exclude"": 1}"
2026-07-27T12:23:32.158013+00:00,27637185,10.1186/s12938-016-0223-9,2016,Reproducibility of image-based computational models of intracranial aneurysm; methodological issue.,Biomedical engineering online,background_only,fulltext_screening,,,,review_for_background: Letter (publication type Letter) commenting on reproducibility methodology of aneurysm CFD models; non-original and off-topic to reconstruction-safety evaluation.,FALSE,"{""Dat Mai_fulltext"": ""background_only""}","[""Letter"", ""methodological issue""]",2016 - Reproducibility of image-based computational models of intracranial aneurysm; methodological issue. - PMID 27637185.md,,0.8,medium,{},1,"{""background_only"": 1}"
2026-07-27T12:23:32.158013+00:00,26140504,10.1002/mrm.25830,2016,Reverse retrospective motion correction.,Magnetic resonance in medicine,include,fulltext_Thu_adjudication,safety_verification_methodology: Proposes a reconstruction-based verification methodology that generates a second 'de-corrected' brain MRI dataset so that the effect of prospective motion correction on image quality can be directly evaluate ...,,,,FALSE,"{""Dat Mai_fulltext"": ""flagged"", ""Thu_adjudicator"": ""include""}","[""it has to be ensured that motion correction does not worsen quality of images compared to an uncorrected scan"", ""This allows for a direct evaluation of the effects of PMC on image quality"", ""since erroneous feedback during PMC may introdu ...",2016 - Reverse retrospective motion correction. - PMID 26140504.md,,0.7,medium,"{""Thu_adjudicator"": ""include""}",1,"{""flagged"": 1}"
2026-07-27T12:23:32.158013+00:00,,10.1109/MMSP.2016.7813392,2016,Robust MRI reconstruction via re-weighted total variation and non-local sparse regression,2016 IEEE 18th International Workshop on Multimedia Signal Processing (MMSP),exclude,fulltext_Thu_adjudication,,wrong_outcome: Compressed-sensing brain MRI reconstruction method development (re-weighted total variation plus non-local sparse regression solved by ADMM) benchmarked against other CS approaches on generic edge preservation and artifact re ...,,,FALSE,"{""Dat Mai_fulltext"": ""flagged"", ""Thu_adjudicator"": ""exclude""}","[""show our method to outperform state-of-the-art compressed sensing approaches, by better preserving edges and removing artifacts in the image""]",2016 - Robust MRI reconstruction via re-weighted total variation and non-local sparse regression - IEEEXPLORE 7813392.md,,0.75,medium,"{""Thu_adjudicator"": ""exclude""}",1,"{""flagged"": 1}"
2026-07-27T12:23:32.158013+00:00,26268139,10.1002/mrm.25863,2016,Rotated stack-of-spirals partial acquisition for rapid volumetric parallel MRI.,Magnetic resonance in medicine,exclude,fulltext_Thu_adjudication,,wrong_outcome: Acquisition-trajectory design study (rotating spiral interleaves in a stack-of-spirals trajectory) whose endpoints are aliasing-artifact appearance and g-factor at high acceleration; this is routine parallel-imaging performan ...,,,FALSE,"{""Dat Mai_fulltext"": ""flagged"", ""Thu_adjudicator"": ""exclude""}","[""Images reconstructed with a reduction factor of 16 were compared for aliasing artifacts and geometry factor (g-factor)""]",2016 - Rotated stack-of-spirals partial acquisition for rapid volumetric parallel MRI. - PMID 26268139.md,,0.75,medium,"{""Thu_adjudicator"": ""exclude""}",1,"{""flagged"": 1}"
2026-07-27T12:23:32.158013+00:00,25765372,10.1002/mrm.25648,2016,Self-calibrated trajectory estimation and signal correction method for robust radial imaging using GRAPPA operator gridding.,Magnetic resonance in medicine,exclude,fulltext_Thu_adjudication,,wrong_outcome: Parallel-imaging-based retrospective correction of radial trajectory errors (gradient delays and eddy currents) that restores image quality and reduces streak and signal-void artifacts; the contribution is an artifact-correct ...,,,FALSE,"{""Dat Mai_fulltext"": ""flagged"", ""Thu_adjudicator"": ""exclude""}","[""image reconstruction with the estimated trajectory restores image quality and reduces artifacts such as streaks and signal voids""]",2016 - Self-calibrated trajectory estimation and signal correction method for robust radial imaging using GRAPPA operator gridd - PMID 25765372.md,,0.7,medium,"{""Thu_adjudicator"": ""exclude""}",1,"{""flagged"": 1}"
2026-07-27T12:23:32.158013+00:00,26612076,10.1016/j.mri.2015.11.003,2016,Separation of parallel encoded complex-valued slices (SPECS) from a single complex-valued aliased coil image.,Magnetic resonance imaging,exclude,fulltext_Thu_adjudication,,"wrong_outcome: Multiband slice-unaliasing reconstruction model development for fMRI; although inter-slice signal leakage is a genuine reconstruction failure mode, the paper's aim is to eliminate it with a new least-squares estimator and to ...",,,FALSE,"{""Dat Mai_fulltext"": ""flagged"", ""Thu_adjudicator"": ""exclude""}","[""The SPECS model eliminates the consequential inter-slice signal leakage from the slice unaliasing"", ""to achieve separated images, with virtually no residual artifacts""]",2016 - Separation of parallel encoded complex-valued slices (SPECS) from a single complex-valued aliased coil image. - PMID 26612076.md,,0.65,low,"{""Thu_adjudicator"": ""exclude""}",1,"{""flagged"": 1}"
2026-07-27T12:23:32.158013+00:00,27511014,10.1523/JNEUROSCI.4509-15.2016,2016,The Face-Processing Network Is Resilient to Focal Resection of Human Visual Cortex.,The Journal of neuroscience,exclude,fulltext_screening,,out_of_scope: Cognitive-neuroscience fMRI patient study of face processing after resection; no MRI reconstruction or its safety evaluation.,,,FALSE,"{""Dat Mai_fulltext"": ""exclude""}","[""multiple fMRI measurements"", ""face-selective regions""]",2016 - The Face-Processing Network Is Resilient to Focal Resection of Human Visual Cortex. - PMID 27511014.md,,0.92,high,{},1,"{""exclude"": 1}"
2026-07-27T12:23:32.158013+00:00,28790433,10.1038/s41598-017-07792-7,2017,A Neural Marker of Obsessive-Compulsive Disorder from Whole-Brain Functional Connectivity.,Scientific reports,exclude,fulltext_screening,,out_of_scope: Machine-learning diagnostic biomarker from resting-state fMRI connectivity for OCD; not MRI reconstruction or its safety evaluation.,,,FALSE,"{""Dat Mai_fulltext"": ""exclude""}","[""machine learning algorithm identified an OCD biomarker"", ""functional connectivity""]",2017 - A Neural Marker of Obsessive-Compulsive Disorder from Whole-Brain Functional Connectivity. - PMID 28790433.md,,0.9,high,{},1,"{""exclude"": 1}"
2026-07-27T12:23:32.158013+00:00,27259117,10.1002/nbm.3550,2017,A comprehensive numerical analysis of background phase correction with V-SHARP.,NMR in biomedicine,exclude,fulltext_Thu_adjudication,,"wrong_outcome: Parameter-sensitivity and optimisation study of the V-SHARP background-field-removal step for brain QSM, using RMSE against a numerical ground-truth brain model to select kernel radius and regularization and to propose a new ...",,,FALSE,"{""Dat Mai_fulltext"": ""flagged"", ""Thu_adjudicator"": ""exclude""}","[""an extensive analysis of the effect of these two parameters on the corrected phase images and on the reconstructed susceptibility maps"", ""The local root-mean-square error (RMSE) between the ground-truth, background-corrected field map and ...",2017 - A comprehensive numerical analysis of background phase correction with V-SHARP. - PMID 27259117.md,,0.55,low,"{""Thu_adjudicator"": ""exclude""}",1,"{""flagged"": 1}"
2026-07-27T12:23:32.158013+00:00,28350887,10.1371/journal.pone.0174462,2017,Auditory steady state responses and cochlear implants: Modeling the artifact-response mixture in the perspective of denoising.,PloS one,exclude,fulltext_screening,,out_of_scope: Evaluates ICA denoising algorithms for cochlear-implant artifacts in EEG/evoked potentials; not MRI reconstruction.,,,FALSE,"{""Dat Mai_fulltext"": ""exclude""}","[""evaluate the performance of denoising algorithms"", ""cochlear implant electrical stimulation artifact""]",2017 - Auditory steady state responses and cochlear implants Modeling the artifact-response mixture in the perspective of denoi - PMID 28350887.md,,0.85,high,{},1,"{""exclude"": 1}"
2026-07-27T12:23:32.158013+00:00,28594352,10.3390/s17061326,2017,Automatic Artifact Removal in EEG of Normal and Demented Individuals Using ICA-WT during Working Memory Tasks.,"Sensors (Basel, Switzerland)",exclude,fulltext_screening,,out_of_scope: EEG artifact removal/denoising methodology (ICA-WT); not MRI reconstruction.,,,FALSE,"{""Dat Mai_fulltext"": ""exclude""}","[""Automatic Artifact Removal in EEG"", ""reconstructed to obtain artifact-free EEG signals""]",2017 - Automatic Artifact Removal in EEG of Normal and Demented Individuals Using ICA-WT during Working Memory Tasks. - PMID 28594352.md,,0.85,high,{},1,"{""exclude"": 1}"
2026-07-27T12:23:32.158013+00:00,26778056,10.1002/mrm.26087,2017,Automatic recognition of subject-specific cerebrovascular trees.,Magnetic resonance in medicine,exclude,fulltext_Thu_adjudication,,"wrong_intervention_or_index: Hessian-based image filter for extracting cerebrovascular trees from MR angiography/venography; 'reconstruction' here means vascular tree segmentation and geometric model building, not MR image reconstruction fr ...",,,FALSE,"{""Dat Mai_fulltext"": ""flagged"", ""Thu_adjudicator"": ""exclude""}","[""A novel Hessian-based filter for contrast-enhancement in MR angiography and venography for blood vessel reconstruction without introducing dangling segments"", ""the filter correctly detects blood vessels across all length scales without fa ...",2017 - Automatic recognition of subject-specific cerebrovascular trees. - PMID 26778056.md,,0.65,low,"{""Thu_adjudicator"": ""exclude""}",1,"{""flagged"": 1}"
2026-07-27T12:23:32.158013+00:00,28595120,10.1016/j.jmr.2017.05.004,2017,Background field removal using a region adaptive kernel for quantitative susceptibility mapping of human brain.,Journal of magnetic resonance,exclude,fulltext_Thu_adjudication,,"wrong_outcome: Development of R-SHARP, a region-adaptive kernel extension of V-SHARP for background field removal in brain QSM, benchmarked against V-SHARP and RESHARP on shadow-artifact reduction and local-field accuracy; this is reconstru ...",,,FALSE,"{""Dat Mai_fulltext"": ""flagged"", ""Thu_adjudicator"": ""exclude""}","[""demonstrate improved performance of R-SHARP compared to V-SHARP and RESHARP"", ""Shadow artifacts due to strong susceptibility variations in the derived QSM maps could also be largely eliminated""]",2017 - Background field removal using a region adaptive kernel for quantitative susceptibility mapping of human brain. - PMID 28595120.md,,0.7,medium,"{""Thu_adjudicator"": ""exclude""}",1,"{""flagged"": 1}"
2026-07-27T12:23:32.158013+00:00,,10.1007/978-3-319-67564-0_12,2017,Context-Sensitive Super-Resolution for Fast Fetal Magnetic Resonance Imaging,"Molecular Imaging, Reconstruction and Analysis of Moving Body Organs, and Stroke Imaging and Treatment",exclude,fulltext_Thu_adjudication,,"wrong_outcome: Full text matches the title and is a CNN super-resolution method-development paper for fetal brain slice-to-volume reconstruction whose entire evaluation is routine image-quality metrics (PSNR, SSIM) versus linear upsampling; ...",,,FALSE,"{""Dat Mai_fulltext"": ""flagged"", ""Thu_adjudicator"": ""exclude""}","[""our approach yields an increased PSNR of 1.25 dB when applied to under-sampled fetal data cf. baseline upsampling"", ""Quantitative reconstruction performance, peak signal-to-noise-ratio (PSNR) and structural similarity index measure (SSIM) ...",2017 - Context-Sensitive Super-Resolution for Fast Fetal Magnetic Resonance Imaging - SPRINGER 10.1007_978-3-319-67564-0_12.md,,0.72,medium,"{""Thu_adjudicator"": ""exclude""}",1,"{""flagged"": 1}"
2026-07-27T12:23:32.158013+00:00,28945803,10.1371/journal.pone.0184661,2017,MRIQC: Advancing the automatic prediction of image quality in MRI from unseen sites.,PloS one,include,fulltext_screening,Introduces an automated image-quality assessment tool/classifier for brain MRI that extracts quality measures and flags artifact-affected scans versus subjective visual inspection (an automated evaluation methodology relevant as a comparato ...,,,,FALSE,"{""Dat Mai_fulltext"": ""include""}","[""a tool for extracting quality measures and fitting a binary (accept/exclude) classifier"", ""unable to account for artifacts specific to new sites""]",2017 - MRIQC Advancing the automatic prediction of image quality in MRI from unseen sites. - PMID 28945803.md,,0.6,low,{},1,"{""include"": 1}"
2026-07-27T12:23:32.158013+00:00,29379264,10.1007/978-3-319-59050-9_52,2017,Population Based Image Imputation.,Information processing in medical imaging,exclude,fulltext_Thu_adjudication,,"wrong_outcome: Full text matches the title: a GMM-based imputation/super-resolution method for sparsely sampled clinical brain MRI evaluated only with MSE/PSNR against nearest-neighbour, linear and NLM upsampling plus a single illustrative ...",,,FALSE,"{""Dat Mai_fulltext"": ""flagged"", ""Thu_adjudicator"": ""exclude""}","[""We use mean squared error ... and peak signal to noise ratio"", ""patch-based methods that rely on redundancy within a single scan to \""hallucinate\"" missing fine scale structure ... fail to produce anatomically plausible reconstructions""]",2017 - Population Based Image Imputation. - PMID 29379264.md,,0.6,low,"{""Thu_adjudicator"": ""exclude""}",1,"{""flagged"": 1}"
2026-07-27T12:23:32.158013+00:00,27550015,10.1007/s00429-016-1286-x,2017,Resting-state test-retest reliability of a priori defined canonical networks over different preprocessing steps.,Brain structure & function,exclude,fulltext_screening,,"out_of_scope: Study of confound-removal effects on resting-state fMRI connectivity reliability, not MRI reconstruction safety/fidelity.",,,FALSE,"{""Dat Mai_fulltext"": ""exclude""}","[""effect of various confound removal approaches on the test-retest reliability of functional-connectivity estimates""]",2017 - Resting-state test-retest reliability of a priori defined canonical networks over different preprocessing steps. - PMID 27550015.md,,0.92,high,{},1,"{""exclude"": 1}"
2026-07-27T12:23:32.158013+00:00,28643694,10.1088/1361-6560/aa7b49,2017,Simultaneous maximum a posteriori longitudinal PET image reconstruction.,Physics in medicine and biology,exclude,fulltext_screening,,"wrong_intervention_or_index: PET image reconstruction method, not AI/ML brain MRI reconstruction or its safety evaluation.",,,FALSE,"{""Dat Mai_fulltext"": ""exclude""}","[""MAP simultaneous longitudinal reconstruction (SLR) method"", ""reduced reconstruction errors""]",2017 - Simultaneous maximum a posteriori longitudinal PET image reconstruction. - PMID 28643694.md,,0.9,high,{},1,"{""exclude"": 1}"
2026-07-27T12:23:32.158013+00:00,27332141,10.1002/nbm.3570,2017,Single-step quantitative susceptibility mapping with variational penalties.,NMR in biomedicine,exclude,fulltext_screening,,"wrong_intervention_or_index: Classical (non-AI) QSM reconstruction method development; contribution is a reconstruction algorithm, not a safety-evaluation methodology.",,,FALSE,"{""Dat Mai_fulltext"": ""exclude""}","[""reduce the reconstruction error by up to 66% relative to the multi-step methods"", ""dramatic reduction in dipole streaking artifacts""]",2017 - Single-step quantitative susceptibility mapping with variational penalties. - PMID 27332141.md,,0.75,medium,{},1,"{""exclude"": 1}"
2026-07-27T12:23:32.158013+00:00,,10.1186/s40349-017-0092-0,2017,Spatially-segmented undersampled MRI temperature reconstruction for transcranial MR-guided focused ultrasound,Journal of Therapeutic Ultrasound,exclude,fulltext_screening,,wrong_intervention_or_index: Non-AI undersampled MR thermometry reconstruction method for MRgFUS; not AI/ML reconstruction safety evaluation.,,,FALSE,"{""Dat Mai_fulltext"": ""exclude""}","[""spatially-segmented iterative reconstruction method"", ""temperature errors in the brain due to signal aliasing""]",2017 - Spatially-segmented undersampled MRI temperature reconstruction for transcranial MR-guided focused ultrasound - SPRINGER 10.1186_s40349-017-0092-0.md,,0.85,high,{},1,"{""exclude"": 1}"
2026-07-27T12:23:32.158013+00:00,28880888,10.1371/journal.pone.0182939,2017,Temporal interpolation alters motion in fMRI scans: Magnitudes and consequences for artifact detection.,PloS one,exclude,fulltext_screening,,"out_of_scope: Concerns fMRI temporal-interpolation effects on motion/artifact detection, not MRI reconstruction fidelity/safety.",,,FALSE,"{""Dat Mai_fulltext"": ""exclude""}","[""temporal interpolation will alter head motion in a scan"", ""degrade the sensitivity of analyses aimed at detecting motion-related artifact""]",2017 - Temporal interpolation alters motion in fMRI scans Magnitudes and consequences for artifact detection. - PMID 28880888.md,,0.9,high,{},1,"{""exclude"": 1}"
2026-07-27T12:23:32.158013+00:00,29116093,10.1038/s41467-017-01285-x,2017,The challenge of mapping the human connectome based on diffusion tractography.,Nature communications,exclude,fulltext_Thu_adjudication,,"wrong_intervention_or_index: Full text matches the title; this is a ground-truth simulation challenge quantifying valid versus invalid white-matter bundles produced by 96 tractography submissions, i.e. an excellent reliability/false-structu ...",,,FALSE,"{""Dat Mai_fulltext"": ""flagged"", ""Thu_adjudicator"": ""exclude""}","[""the same tractograms contain many more invalid than valid bundles, and half of these invalid bundles occur systematically across research groups"", ""Our approach provides a novel framework for estimating reliability of tractography""]",2017 - The challenge of mapping the human connectome based on diffusion tractography. - PMID 29116093.md,,0.58,low,"{""Thu_adjudicator"": ""exclude""}",1,"{""flagged"": 1}"
2026-07-27T12:23:32.158013+00:00,29567655,10.3174/ajnr.A5597,2018,3D Deep Learning Angiography (3D-DLA) from C-arm Conebeam CT.,AJNR. American journal of neuroradiology,exclude,fulltext_screening,,wrong_intervention_or_index: Deep-learning angiography from conebeam CT (not MRI); modality is CT reconstruction.,,,FALSE,"{""Dat Mai_fulltext"": ""exclude""}","[""deep learning angiography method to generate 3D cerebral angiograms from a single contrast-enhanced C-arm conebeam CT""]",2018 - 3D Deep Learning Angiography (3D-DLA) from C-arm Conebeam CT. - PMID 29567655.md,,0.85,high,{},1,"{""exclude"": 1}"
2026-07-27T12:23:32.158013+00:00,,10.1109/SIPROCESS.2018.8600479,2018,A New Compressed Sensing Model Based on Median Filter with Application to Reconstruct Brain MR Images,2018 IEEE 3rd International Conference on Signal and Image Processing (ICSIP),exclude,fulltext_screening,,"wrong_intervention_or_index: Non-AI compressed-sensing reconstruction method for brain MR; contribution is a reconstruction algorithm, not safety evaluation.",,,FALSE,"{""Dat Mai_fulltext"": ""exclude""}","[""a new compressed sensing model with median filtering is established for reconstructing MR images"", ""alleviate those artifacts""]",2018 - A New Compressed Sensing Model Based on Median Filter with Application to Reconstruct Brain MR Images - IEEEXPLORE 8600479.md,,0.82,medium,{},1,"{""exclude"": 1}"
2026-07-27T12:23:32.158013+00:00,29769079,10.1186/s12880-018-0256-6,2018,A consistency evaluation of signal-to-noise ratio in the quality assessment of human brain magnetic resonance images.,BMC medical imaging,include,fulltext_screening,"outcome_unclear: Evaluates automated image-quality-assessment methods (SNR, no-reference IQA models) for human brain MR images, a comparable automated fidelity-evaluation baseline.",,,,FALSE,"{""Dat Mai_fulltext"": ""include""}","[""automated quality estimation of human brain MR images"", ""borrowed to predict the quality of MR images""]",2018 - A consistency evaluation of signal-to-noise ratio in the quality assessment of human brain magnetic resonance images. - PMID 29769079.md,,0.55,low,{},1,"{""include"": 1}"
2026-07-27T12:23:32.158013+00:00,29520831,10.1002/mrm.27166,2018,A convolutional neural network to filter artifacts in spectroscopic MRI.,Magnetic resonance in medicine,include,fulltext_screening,"outcome_unclear: Automated CNN judge that detects/filters spectral artifacts (false information) in brain MRSI, validated against an expert panel.",,,,FALSE,"{""Dat Mai_fulltext"": ""include""}","[""identifying and filtering out poor quality spectra"", ""compared with a panel of MRS experts""]",2018 - A convolutional neural network to filter artifacts in spectroscopic MRI. - PMID 29520831.md,,0.68,medium,{},1,"{""include"": 1}"
2026-07-27T12:23:32.158013+00:00,,10.1186/s40658-018-0225-8,2018,A deep learning approach for 18F-FDG PET attenuation correction,EJNMMI Physics,exclude,fulltext_screening,,"wrong_intervention_or_index: Deep-learning PET attenuation correction (pseudo-CT); output/target is PET, not MRI reconstruction.",,,FALSE,"{""Dat Mai_fulltext"": ""exclude""}","[""deep learning approach (deepAC) for positron-emission tomography (PET) image attenuation correction""]",2018 - A deep learning approach for 18F-FDG PET attenuation correction - SPRINGER 10.1186_s40658-018-0225-8.md,,0.88,high,{},1,"{""exclude"": 1}"
2026-07-27T12:23:32.158013+00:00,29722063,10.1002/mrm.27219,2018,A discrete polar Stockwell transform for enhanced characterization of tissue structure using MRI.,Magnetic resonance in medicine,exclude,fulltext_screening,,"out_of_scope: Signal-transform for tissue characterization/segmentation and denoising, not reconstruction safety/fidelity evaluation.",,,FALSE,"{""Dat Mai_fulltext"": ""exclude""}","[""enhanced characterization of tissue structure"", ""new applications including denoising and tissue segmentation""]",2018 - A discrete polar Stockwell transform for enhanced characterization of tissue structure using MRI. - PMID 29722063.md,,0.82,medium,{},1,"{""exclude"": 1}"
2026-07-27T12:23:32.158013+00:00,30075277,10.1016/j.neuroimage.2018.07.065,2018,A robust multi-scale approach to quantitative susceptibility mapping.,NeuroImage,exclude,fulltext_screening,,"wrong_intervention_or_index: Non-AI Bayesian QSM reconstruction algorithm (MSDI); contribution is a reconstruction method, not a safety-evaluation methodology.",,,FALSE,"{""Dat Mai_fulltext"": ""exclude""}","[""reduce the impact of dipole-incompatible fields and measurement errors"", ""top-10 for all metrics evaluated in the 2016 QSM Reconstruction Challenge""]",2018 - A robust multi-scale approach to quantitative susceptibility mapping. - PMID 30075277.md,,0.75,medium,{},1,"{""exclude"": 1}"
2026-07-27T12:23:32.158013+00:00,,10.1109/PRNI.2018.8423948,2018,Automatic detection of motion artifacts on MRI using Deep CNN,2018 International Workshop on Pattern Recognition in Neuroimaging (PRNI),include,fulltext_screening,outcome_unclear: Automated deep-CNN evaluation methodology detecting motion artifacts / assessing image quality in brain MRI vs expert manual QC.,,,,FALSE,"{""Dat Mai_fulltext"": ""include""}","[""automatically detect the images containing motion artifacts using Deep Convolutional Neural Networks"", ""assessing the image quality is essential""]",2018 - Automatic detection of motion artifacts on MRI using Deep CNN - IEEEXPLORE 8423948.md,,0.62,low,{},1,"{""include"": 1}"
2026-07-27T12:23:32.158013+00:00,29898715,10.1186/s12938-018-0514-4,2018,Blind blur assessment of MRI images using parallel multiscale difference of Gaussian filters.,Biomedical engineering online,include,fulltext_screening,"outcome_unclear: No-reference automated image-quality (blur) assessment methodology for brain MRI, a comparable automated fidelity-evaluation baseline.",,,,FALSE,"{""Dat Mai_fulltext"": ""include""}","[""new blind blur assessment method for different types of MRI images"", ""very good correlation with human perception""]",2018 - Blind blur assessment of MRI images using parallel multiscale difference of Gaussian filters. - PMID 29898715.md,,0.55,low,{},1,"{""include"": 1}"
2026-07-27T12:23:32.158013+00:00,28925823,10.1148/radiol.2017170700,2018,Deep Learning MR Imaging-based Attenuation Correction for PET/MR Imaging.,Radiology,exclude,fulltext_screening,,"wrong_intervention_or_index: Deep-learning MR-based attenuation correction (pseudo-CT) for PET; output/target is PET, not MRI reconstruction.",,,FALSE,"{""Dat Mai_fulltext"": ""exclude""}","[""deep learning approaches for magnetic resonance (MR) imaging-based attenuation correction"", ""reduced PET reconstruction error""]",2018 - Deep Learning MR Imaging-based Attenuation Correction for PET MR Imaging. - PMID 28925823.md,,0.87,high,{},1,"{""exclude"": 1}"
2026-07-27T12:23:32.158013+00:00,29399869,10.1002/mrm.27106,2018,Deep learning with domain adaptation for accelerated projection-reconstruction MR.,Magnetic resonance in medicine,exclude,fulltext_Thu_adjudication,,"wrong_outcome: Full text matches the title; a CNN with CT-to-MR domain adaptation is proposed to remove streaking artifacts from undersampled radial k-space, and it is evaluated only on image quality versus compressed-sensing baselines (TV, ...",,,FALSE,"{""Dat Mai_fulltext"": ""flagged"", ""Thu_adjudicator"": ""exclude""}","[""The proposed method outperforms existing compressed sensing algorithms, such as the total variation and PR-FOCUSS methods"", ""The proposed deep network removes the streaking artifacts from the artifact corrupted images""]",2018 - Deep learning with domain adaptation for accelerated projection-reconstruction MR. - PMID 29399869.md,,0.7,medium,"{""Thu_adjudicator"": ""exclude""}",1,"{""flagged"": 1}"
2026-07-27T12:23:32.158013+00:00,29106742,10.1002/mrm.26987,2018,Density-weighted concentric circle trajectories for high resolution brain magnetic resonance spectroscopic imaging at 7T.,Magnetic resonance in medicine,exclude,fulltext_screening,,"wrong_intervention_or_index: Non-AI acquisition/trajectory method for brain MRSI; reconstruction/acquisition development, not safety evaluation.",,,FALSE,"{""Dat Mai_fulltext"": ""exclude""}","[""SNR-efficient spatial-spectral sampling scheme using concentric circle echo planar trajectories"", ""removed Gibbs-ringing artifacts""]",2018 - Density-weighted concentric circle trajectories for high resolution brain magnetic resonance spectroscopic imaging at 7T - PMID 29106742.md,,0.83,high,{},1,"{""exclude"": 1}"
2026-07-27T12:23:32.158013+00:00,29190575,10.1016/j.media.2017.11.010,2018,Dictionary-based fiber orientation estimation with improved spatial consistency.,Medical image analysis,exclude,fulltext_screening,,"wrong_intervention_or_index: Diffusion-MRI fiber-orientation estimation method (tract reconstruction), not image-reconstruction safety evaluation.",,,FALSE,"{""Dat Mai_fulltext"": ""exclude""}","[""dictionary-based framework to achieve reliable FO estimation"", ""FORNI+ produces FOs with better quality""]",2018 - Dictionary-based fiber orientation estimation with improved spatial consistency. - PMID 29190575.md,,0.82,medium,{},1,"{""exclude"": 1}"
2026-07-27T12:23:32.158013+00:00,28207387,10.1109/TMI.2017.2667227,2018,Distortion Correction in Fetal EPI Using Non-Rigid Registration With a Laplacian Constraint.,IEEE transactions on medical imaging,exclude,fulltext_screening,,"wrong_intervention_or_index: Geometric-distortion correction method for fetal brain EPI; a correction technique, not a reconstruction safety-evaluation methodology.",,,FALSE,"{""Dat Mai_fulltext"": ""exclude""}","[""simultaneous motion and distortion correction of fetal EPI"", ""estimated distortion fields are consistent with fields calculated from acquired field maps""]",2018 - Distortion Correction in Fetal EPI Using Non-Rigid Registration With a Laplacian Constraint. - PMID 28207387.md,,0.78,medium,{},1,"{""exclude"": 1}"
2026-07-27T12:23:32.158013+00:00,,10.1109/NSSMIC.2018.8824466,2018,Dual-modality joint reconstruction of PET-MRI incorporating a cross-guided prior,2018 IEEE Nuclear Science Symposium and Medical Imaging Conference Proceedings (NSS/MIC),exclude,fulltext_screening,,"wrong_intervention_or_index: Non-AI joint PET-MRI reconstruction method (MAP cross-guided prior) on brain phantom; reconstruction development, not safety evaluation.",,,FALSE,"{""Dat Mai_fulltext"": ""exclude""}","[""cross-guided (CG) prior model"", ""substantially reduced the noise and reconstruction error of both PET and MR images""]",2018 - Dual-modality joint reconstruction of PET-MRI incorporating a cross-guided prior - IEEEXPLORE 8824466.md,,0.78,medium,{},1,"{""exclude"": 1}"
2026-07-27T12:23:32.158013+00:00,29953459,10.1371/journal.pone.0199372,2018,Effectiveness of navigator-based prospective motion correction in MPRAGE data acquired at 3T.,PloS one,exclude,fulltext_screening,,"wrong_intervention_or_index: Evaluates a prospective motion-correction acquisition technique's effect on morphometry, not AI/ML reconstruction fidelity/safety.",,,FALSE,"{""Dat Mai_fulltext"": ""exclude""}","[""evaluate the effectiveness of navigator-based PMC techniques"", ""improve both the accuracy and reproducibility of cortical morphometry""]",2018 - Effectiveness of navigator-based prospective motion correction in MPRAGE data acquired at 3T. - PMID 29953459.md,,0.72,medium,{},1,"{""exclude"": 1}"
2026-07-27T12:23:32.158013+00:00,29689283,10.1016/j.jneumeth.2018.04.008,2018,Geometry processing of conventionally produced mouse brain slice images.,Journal of neuroscience methods,exclude,fulltext_screening,,"wrong_population: Animal (mouse) histological slice image registration/reconstruction, not human brain MRI.",,,FALSE,"{""Dat Mai_fulltext"": ""exclude""}","[""automatic registration and 3D reconstruction of conventionally produced mouse brain slices"", ""histological artifacts such as tissue tears""]",2018 - Geometry processing of conventionally produced mouse brain slice images. - PMID 29689283.md,,0.93,high,{},1,"{""exclude"": 1}"
2026-07-27T12:23:32.158013+00:00,29408461,10.1016/j.neuroimage.2018.01.078,2018,Impacts of simultaneous multislice acquisition on sensitivity and specificity in fMRI.,NeuroImage,include,fulltext_screening,"outcome_unclear: Evaluates slice-GRAPPA reconstruction algorithms' failure mode (slice-leakage causing spurious/false activation) via sensitivity/specificity, a reconstruction-fidelity safety assessment.",,,,FALSE,"{""Dat Mai_fulltext"": ""include""}","[""signal \""leakage\"" between aliased locations"", ""lead to spurious activation (decreased specificity)""]",2018 - Impacts of simultaneous multislice acquisition on sensitivity and specificity in fMRI. - PMID 29408461.md,,0.58,low,{},1,"{""include"": 1}"
2026-07-27T12:23:32.158013+00:00,30385467,10.3174/ajnr.A5847,2018,Interaction of Developmental Venous Anomalies with Resting-State Functional MRI Measures.,AJNR. American journal of neuroradiology,exclude,fulltext_screening,,"out_of_scope: Studies vascular anomalies as a physiological confound in fMRI, not MRI reconstruction fidelity/safety.",,,FALSE,"{""Dat Mai_fulltext"": ""exclude""}","[""developmental venous anomalies... can bias fMRI measures by appearing as true neural signal""]",2018 - Interaction of Developmental Venous Anomalies with Resting-State Functional MRI Measures. - PMID 30385467.md,,0.88,high,{},1,"{""exclude"": 1}"
2026-07-27T12:23:32.158013+00:00,29537385,10.1088/1361-6560/aab68d,2018,Low dose CBCT reconstruction via prior contour based total variation (PCTV) regularization: a feasibility study.,Physics in medicine and biology,exclude,fulltext_screening,,wrong_intervention_or_index: Cone-beam CT reconstruction method (not MRI); modality is CT.,,,FALSE,"{""Dat Mai_fulltext"": ""exclude""}","[""prior contour based TV (PCTV) method to enhance the edge information in compressed sensing reconstruction for CBCT""]",2018 - Low dose CBCT reconstruction via prior contour based total variation (PCTV) regularization a feasibility study. - PMID 29537385.md,,0.88,high,{},1,"{""exclude"": 1}"
2026-07-27T12:23:32.158013+00:00,29624736,10.1002/mrm.27198,2018,MR fingerprinting Deep RecOnstruction NEtwork (DRONE).,Magnetic resonance in medicine,exclude,fulltext_screening,,"wrong_outcome: Deep-learning MR fingerprinting reconstruction method; contribution is the reconstruction network with standard accuracy metrics, not a safety-evaluation methodology.",,,FALSE,"{""Dat Mai_fulltext"": ""exclude""}","[""reconstruction of multi-dimensional MR Fingerprinting (MRF) data using Deep Learning"", ""more robust to noise and undersampling than conventional MRF dictionary matching""]",2018 - MR fingerprinting Deep RecOnstruction NEtwork (DRONE). - PMID 29624736.md,,0.6,low,{},1,"{""exclude"": 1}"
2026-07-27T12:23:32.158013+00:00,30446748,10.1038/s41596-018-0065-y,2018,Mitigating head motion artifact in functional connectivity MRI.,Nature protocols,background_only,fulltext_screening,,,,review_for_background: Nature Protocols methods/protocol paper describing an fMRI motion-denoising pipeline; protocol publication type.,FALSE,"{""Dat Mai_fulltext"": ""background_only""}","[""this protocol describes the implementation of a validated, high-performance denoising strategy""]",2018 - Mitigating head motion artifact in functional connectivity MRI. - PMID 30446748.md,,0.7,medium,{},1,"{""background_only"": 1}"
2026-07-27T12:23:32.158013+00:00,28556180,10.1002/mrm.26731,2018,Multiple-coil k-space interpolation enhances resolution in single-shot spatiotemporal MRI.,Magnetic resonance in medicine,exclude,fulltext_screening,,"wrong_intervention_or_index: Non-AI k-space interpolation reconstruction/resolution method for brain MRI; method development, not safety evaluation.",,,FALSE,"{""Dat Mai_fulltext"": ""exclude""}","[""multiple-sensor interpolation"", ""full-brain coverage could be recorded free from distortions""]",2018 - Multiple-coil k-space interpolation enhances resolution in single-shot spatiotemporal MRI. - PMID 28556180.md,,0.83,high,{},1,"{""exclude"": 1}"
2026-07-27T12:23:32.158013+00:00,28910761,10.1109/TMI.2017.2750978,2018,Phantomless Auto-Calibration and Online Calibration Assessment for a Tracked Freehand 2-D Ultrasound Probe.,IEEE transactions on medical imaging,exclude,fulltext_screening,,wrong_intervention_or_index: Ultrasound probe calibration/assessment method (not MRI); modality is ultrasound.,,,FALSE,"{""Dat Mai_fulltext"": ""exclude""}","[""automatically calibrating and assessing the calibration quality of an externally tracked 2-D ultrasound (US) probe""]",2018 - Phantomless Auto-Calibration and Online Calibration Assessment for a Tracked Freehand 2-D Ultrasound Probe. - PMID 28910761.md,,0.88,high,{},1,"{""exclude"": 1}"
2026-07-27T12:23:32.158013+00:00,28926370,10.1097/RLI.0000000000000418,2018,Photon-Counting Computed Tomography for Vascular Imaging of the Head and Neck: First In Vivo Human Results.,Investigative radiology,exclude,fulltext_screening,,wrong_intervention_or_index: Photon-counting CT image-quality evaluation (not MRI); modality is CT.,,,FALSE,"{""Dat Mai_fulltext"": ""exclude""}","[""evaluate image quality of a spectral photon-counting detector (PCD) computed tomography""]",2018 - Photon-Counting Computed Tomography for Vascular Imaging of the Head and Neck First In Vivo Human Results. - PMID 28926370.md,,0.9,high,{},1,"{""exclude"": 1}"
2026-07-27T12:23:32.158013+00:00,30441499,10.1109/EMBC.2018.8513475,2018,Pseudo CT Estimation using Patch-based Joint Dictionary Learning.,Annual International Conference of the IEEE Engineering in Medicine and Biology Society,exclude,fulltext_screening,,"wrong_intervention_or_index: MR-to-pseudo-CT synthesis for radiotherapy planning/attenuation correction, not MRI reconstruction fidelity/safety.",,,FALSE,"{""Dat Mai_fulltext"": ""exclude""}","[""method for pseudo CT estimation from MR images based on joint dictionary learning"", ""MRI-based radiation treatment planning or attenuation correction""]",2018 - Pseudo CT Estimation using Patch-based Joint Dictionary Learning. - PMID 30441499.md,,0.85,high,{},1,"{""exclude"": 1}"
2026-07-27T12:23:32.158013+00:00,29761624,10.1002/jmri.26193,2018,Quantification of 89 Zr-Iron oxide nanoparticle biodistribution using PET-MR and ultrashort TE sequences.,Journal of magnetic resonance imaging : JMRI,exclude,fulltext_screening,,wrong_population: Animal (swine) PET-MR nanoparticle biodistribution letter; not human brain MRI reconstruction safety.,,,FALSE,"{""Dat Mai_fulltext"": ""exclude""}","[""89 Zr-Iron oxide nanoparticle biodistribution using PET-MR""]",2018 - Quantification of 89 Zr-Iron oxide nanoparticle biodistribution using PET-MR and ultrashort TE sequences. - PMID 29761624.md,,0.85,high,{},1,"{""exclude"": 1}"
2026-07-27T12:23:32.158013+00:00,30012537,10.1016/j.neuroimage.2018.07.030,2018,Quantifying the performance of MEG source reconstruction using resting state data.,NeuroImage,exclude,fulltext_screening,,wrong_intervention_or_index: Evaluates MEG source-reconstruction inversion algorithms (not MRI image reconstruction); modality/index is MEG.,,,FALSE,"{""Dat Mai_fulltext"": ""exclude""}","[""quantify algorithm performance"", ""validate MEG source reconstruction methods""]",2018 - Quantifying the performance of MEG source reconstruction using resting state data. - PMID 30012537.md,,0.75,medium,{},1,"{""exclude"": 1}"
2026-07-27T12:23:32.158013+00:00,28971513,10.1002/mrm.26953,2018,Rapid dual-echo ramped hybrid encoding MR-based attenuation correction (dRHE-MRAC) for PET/MR.,Magnetic resonance in medicine,exclude,fulltext_screening,,"wrong_intervention_or_index: MR-based attenuation correction (pseudo-CT) for PET; target is PET reconstruction, not MRI reconstruction safety.",,,FALSE,"{""Dat Mai_fulltext"": ""exclude""}","[""rapid acquisition for MR-based attenuation correction (MRAC) in positron emission tomography (PET)/MR""]",2018 - Rapid dual-echo ramped hybrid encoding MR-based attenuation correction (dRHE-MRAC) for PET MR. - PMID 28971513.md,,0.85,high,{},1,"{""exclude"": 1}"
2026-07-27T12:23:32.158013+00:00,29232494,10.1002/hipo.22819,2018,Reconstructing relational information.,Hippocampus,exclude,fulltext_screening,,"out_of_scope: Behavioral spatial/relational memory reconstruction task in hippocampal-damage patients; 'reconstruction' is cognitive, not image reconstruction.",,,FALSE,"{""Dat Mai_fulltext"": ""exclude""}","[""spatial reconstruction (SR) paradigms"", ""reconstruct the studied display after a short delay""]",2018 - Reconstructing relational information. - PMID 29232494.md,,0.95,high,{},1,"{""exclude"": 1}"
2026-07-27T12:23:32.158013+00:00,30118870,10.1016/j.neuroimage.2018.08.029,2018,Reliable individual differences in fine-grained cortical functional architecture.,NeuroImage,exclude,fulltext_screening,,"out_of_scope: fMRI hyperalignment reliability of individual differences in functional architecture, not MRI reconstruction safety/fidelity.",,,FALSE,"{""Dat Mai_fulltext"": ""exclude""}","[""Hyperalignment markedly improved the reliability of individual differences""]",2018 - Reliable individual differences in fine-grained cortical functional architecture. - PMID 30118870.md,,0.9,high,{},1,"{""exclude"": 1}"
2026-07-27T12:23:32.158013+00:00,29440410,10.1073/pnas.1720985115,2018,Ridding fMRI data of motion-related influences: Removal of signals with distinct spatial and physical bases in multiecho data.,Proceedings of the National Academy of Sciences of the United States of America,exclude,fulltext_screening,,"out_of_scope: fMRI motion/respiratory artifact-removal methodology for functional connectivity, not MRI reconstruction fidelity/safety.",,,FALSE,"{""Dat Mai_fulltext"": ""exclude""}","[""removal of certain kinds of artifactual variance, namely, spatially focal artifacts due to motion""]",2018 - Ridding fMRI data of motion-related influences Removal of signals with distinct spatial and physical bases in multiecho - PMID 29440410.md,,0.9,high,{},1,"{""exclude"": 1}"
2026-07-27T12:23:32.158013+00:00,30063192,10.1148/radiol.2018180180,2018,Robust Motion Correction Strategy for Structural MRI in Unsedated Children Demonstrated with Three-dimensional Radial MPnRAGE.,Radiology,exclude,fulltext_screening,,wrong_intervention_or_index: Retrospective motion-correction reconstruction technique for structural brain MRI; contribution is the correction method rather than a general safety-evaluation methodology.,,,FALSE,"{""Dat Mai_fulltext"": ""exclude""}","[""retrospective method to minimize motion artifacts in structural MRI"", ""scored by using a Likert scale... by two experienced neuroradiologists""]",2018 - Robust Motion Correction Strategy for Structural MRI in Unsedated Children Demonstrated with Three-dimensional Radial MP - PMID 30063192.md,,0.62,low,{},1,"{""exclude"": 1}"
2026-07-27T12:23:32.158013+00:00,28321904,10.1002/mrm.26671,2018,Rotating single-shot acquisition (RoSA) with composite reconstruction for fast high-resolution diffusion imaging.,Magnetic resonance in medicine,exclude,fulltext_screening,,"wrong_intervention_or_index: Non-AI acquisition/reconstruction method for fast diffusion brain MRI; method development, not safety evaluation.",,,FALSE,"{""Dat Mai_fulltext"": ""exclude""}","[""rotating single-shot acquisition (RoSA) with composite reconstruction"", ""superior image quality and minimum geometric distortion""]",2018 - Rotating single-shot acquisition (RoSA) with composite reconstruction for fast high-resolution diffusion imaging. - PMID 28321904.md,,0.83,high,{},1,"{""exclude"": 1}"
2026-07-27T12:23:32.158013+00:00,28626962,10.1002/mrm.26796,2018,Three-dimensional motion corrected sensitivity encoding reconstruction for multi-shot multi-slice MRI: Application to neonatal brain imaging.,Magnetic resonance in medicine,exclude,fulltext_screening,,"wrong_intervention_or_index: Non-AI motion-corrected SENSE reconstruction method for neonatal brain MRI; reconstruction method development, not safety-evaluation methodology.",,,FALSE,"{""Dat Mai_fulltext"": ""exclude""}","[""reconstruction of multi-shot, multi-slice magnetic resonance imaging able to cope with... rigid motion"", ""greatly diminished artifacts""]",2018 - Three-dimensional motion corrected sensitivity encoding reconstruction for multi-shot multi-slice MRI Application to neo - PMID 28626962.md,,0.7,medium,{},1,"{""exclude"": 1}"
2026-07-27T12:23:32.158013+00:00,28178885,10.1177/0271678X17692599,2018,Validation of an automatic reference region extraction for the quantification of [18F]DPA-714 in dynamic brain PET studies.,Journal of cerebral blood flow and metabolism,exclude,fulltext_screening,,wrong_intervention_or_index: PET tracer quantification/reference-region method validation; not MRI reconstruction fidelity/safety.,,,FALSE,"{""Dat Mai_fulltext"": ""exclude""}","[""validated a supervised clustering (SCA) for [18F]DPA-714 analysis"", ""quantification of translocator protein""]",2018 - Validation of an automatic reference region extraction for the quantification of 18F DPA-714 in dynamic brain PET studie - PMID 28178885.md,,0.88,high,{},1,"{""exclude"": 1}"
2026-07-27T12:23:32.158013+00:00,,10.1109/NSS/MIC42101.2019.9059905,2019,3D Convolutional Adversarial Micro-networks for Low Count PET-MR Post-processing,2019 IEEE Nuclear Science Symposium and Medical Imaging Conference (NSS/MIC),exclude,fulltext_screening,,"wrong_intervention_or_index: CNN denoising/post-processing of low-count PET (MR-assisted); target/output is PET, not MRI reconstruction.",,,FALSE,"{""Dat Mai_fulltext"": ""exclude""}","[""low count PET-MR"", ""risk of false positive lesions""]",2019 - 3D Convolutional Adversarial Micro-networks for Low Count PET-MR Post-processing - IEEEXPLORE 9059905.md,,0.75,medium,{},1,"{""exclude"": 1}"
2026-07-27T12:23:32.158013+00:00,,10.1093/SCHBUL/SBZ022.173,2019,42.1 AUDITORY HALLUCINATIONS ACROSS THE PSYCHOSIS SPECTRUM: EVIDENCE OF CEREBELLAR DYSCONNECTIVITY,Schizophrenia bulletin,exclude,fulltext_screening,,"out_of_scope: Clinical functional-connectivity/DTI study of auditory hallucinations in psychosis; 'hallucinations' is a clinical symptom, not image hallucination or reconstruction safety.",,,FALSE,"{""Dat Mai_fulltext"": ""exclude""}","[""functional connectivity (FC) abnormalities associated with AH across the spectrum of psychosis""]",2019 - 42.1 AUDITORY HALLUCINATIONS ACROSS THE PSYCHOSIS SPECTRUM EVIDENCE OF CEREBELLAR DYSCONNECTIVITY - SEMANTICSCHOLAR 50f75d93044b76d2e52581e6cc28dee666ac70e6.md,,0.92,high,{},1,"{""exclude"": 1}"
2026-07-27T12:23:32.158013+00:00,,10.1109/RCAR47638.2019.9043993,2019,A Parameter-Insensitive Solution for Hybrid Compressed Sensing and Parallel Imaging,2019 IEEE International Conference on Real-time Computing and Robotics (RCAR),exclude,fulltext_screening,,"wrong_intervention_or_index: Non-AI compressed-sensing/parallel-imaging reconstruction method for brain MRI; reconstruction development, not safety evaluation.",,,FALSE,"{""Dat Mai_fulltext"": ""exclude""}","[""reconstruct magnetic resonance (MR) images from undersampled k-space data"", ""remove undersampling artifact, preserve details""]",2019 - A Parameter-Insensitive Solution for Hybrid Compressed Sensing and Parallel Imaging - IEEEXPLORE 9043993.md,,0.83,high,{},1,"{""exclude"": 1}"
2026-07-27T12:23:32.158013+00:00,31119818,10.1002/hbm.24635,2019,A comparison of denoising pipelines in high temporal resolution task-based functional magnetic resonance imaging data.,Human brain mapping,exclude,fulltext_screening,,"out_of_scope: Comparison of fMRI denoising/motion-regression pipelines for task data, not MRI reconstruction fidelity/safety.",,,FALSE,"{""Dat Mai_fulltext"": ""exclude""}","[""blind-source denoising strategies (FIX and AROMA)... analyses were therefore compared"", ""no single denoising approach... appropriate for all fMRI designs""]",2019 - A comparison of denoising pipelines in high temporal resolution task-based functional magnetic resonance imaging data. - PMID 31119818.md,,0.88,high,{},1,"{""exclude"": 1}"
2026-07-27T12:23:32.158013+00:00,,10.1109/NSS/MIC42101.2019.9059962,2019,A novel convolutional neural network for predicting full dose from low dose PET scans,2019 IEEE Nuclear Science Symposium and Medical Imaging Conference (NSS/MIC),exclude,fulltext_screening,,"wrong_intervention_or_index: Deep-learning low-dose-to-full-dose PET reconstruction/denoising; target/output is PET, not MRI reconstruction.",,,FALSE,"{""Dat Mai_fulltext"": ""exclude""}","[""reconstruct full-dose (FD) from low-dose (LD) PET images"", ""generate artefact-free diagnostic quality images""]",2019 - A novel convolutional neural network for predicting full dose from low dose PET scans - IEEEXPLORE 9059962.md,,0.82,medium,{},1,"{""exclude"": 1}"
2026-07-27T12:23:32.158013+00:00,30672166,10.3348/kjr.2017.0634,2019,Accelerated Time-of-Flight Magnetic Resonance Angiography with Sparse Undersampling and Iterative Reconstruction for the Evaluation of Intracranial Arteries.,Korean journal of radiology,include,fulltext_screening,"outcome_unclear: Blinded radiologist reader study comparing image quality and artifacts of sparse-undersampled iterative brain MRA reconstruction versus conventional, a fidelity evaluation.",,,,FALSE,"{""Dat Mai_fulltext"": ""include""}","[""image quality was scored using a five-point scale based on the delineation of arterial vessel segments, artifacts""]",2019 - Accelerated Time-of-Flight Magnetic Resonance Angiography with Sparse Undersampling and Iterative Reconstruction for the - PMID 30672166.md,,0.6,low,{},1,"{""include"": 1}"
2026-07-27T12:23:32.158013+00:00,31072348,10.1186/s12938-019-0668-8,2019,An on-line processing strategy for head movement interferences removal of dynamic brain electrical impedance tomography based on wavelet decomposition.,Biomedical engineering online,exclude,fulltext_screening,,"out_of_scope: Concerns electrical impedance tomography (EIT), not MRI reconstruction.",,,FALSE,"{""Dat Mai_fulltext"": ""exclude""}","[""dynamic brain electrical impedance tomography (EIT)""]",2019 - An on-line processing strategy for head movement interferences removal of dynamic brain electrical impedance tomography - PMID 31072348.md,,0.95,high,{},1,"{""exclude"": 1}"
2026-07-27T12:23:32.158013+00:00,30213755,10.1016/j.mri.2018.09.004,2019,Anatomical accuracy of standard-practice tractography algorithms in the motor system - A histological validation in the squirrel monkey brain.,Magnetic resonance imaging,exclude,fulltext_screening,,"wrong_population: Tractography algorithm accuracy validated in animal (squirrel monkey) brains, not human MRI reconstruction safety.",,,FALSE,"{""Dat Mai_fulltext"": ""exclude""}","[""histological validation in the squirrel monkey brain""]",2019 - Anatomical accuracy of standard-practice tractography algorithms in the motor system - A histological validation in the - PMID 30213755.md,,0.85,high,{},1,"{""exclude"": 1}"
2026-07-27T12:23:32.158013+00:00,31247254,10.1016/j.mri.2019.05.038,2019,Applications of a deep learning method for anti-aliasing and super-resolution in MRI.,Magnetic resonance imaging,include,fulltext_screening,intervention_unclear: Deep learning (SMORE) anti-aliasing/super-resolution for brain MRI validated with visual and quantitative fidelity metrics addressing aliasing artifacts.,,,,FALSE,"{""Dat Mai_fulltext"": ""include""}","[""deep learning approach called SMORE that carries out both anti-aliasing and super-resolution""]",2019 - Applications of a deep learning method for anti-aliasing and super-resolution in MRI. - PMID 31247254.md,,0.6,low,{},1,"{""include"": 1}"
2026-07-27T12:23:32.158013+00:00,30811739,10.1002/jmri.26693,2019,Automated image quality evaluation of structural brain MRI using an ensemble of deep learning networks.,Journal of magnetic resonance imaging : JMRI,include,fulltext_screening,"outcome_unclear: Proposes an automated deep-learning methodology to evaluate brain MRI image quality, benchmarked against expert human ratings.",,,,FALSE,"{""Dat Mai_fulltext"": ""include""}","[""automatically evaluate the quality of multicenter structural brain MRI images using an ensemble DL model""]",2019 - Automated image quality evaluation of structural brain MRI using an ensemble of deep learning networks. - PMID 30811739.md,,0.55,low,{},1,"{""include"": 1}"
2026-07-27T12:23:32.158013+00:00,30453031,10.1016/j.neuroimage.2018.11.018,2019,Bundle-specific tractography with incorporated anatomical and orientational priors.,NeuroImage,exclude,fulltext_screening,,"out_of_scope: Tractography streamline-reconstruction algorithm development, not evaluation of MRI image reconstruction safety/fidelity.",,,FALSE,"{""Dat Mai_fulltext"": ""exclude""}","[""developed a Bundle-Specific Tractography (BST) algorithm""]",2019 - Bundle-specific tractography with incorporated anatomical and orientational priors. - PMID 30453031.md,,0.85,high,{},1,"{""exclude"": 1}"
2026-07-27T12:23:32.158013+00:00,30024066,10.1002/mrm.27366,2019,Combined angiography and perfusion using radial imaging and arterial spin labeling.,Magnetic resonance in medicine,exclude,fulltext_screening,,out_of_scope: Feasibility of a new ASL acquisition/reconstruction sequence; not a safety/fidelity evaluation methodology for AI reconstruction.,,,FALSE,"{""Dat Mai_fulltext"": ""exclude""}","[""demonstrate the feasibility of a novel noninvasive MRI technique""]",2019 - Combined angiography and perfusion using radial imaging and arterial spin labeling. - PMID 30024066.md,,0.75,medium,{},1,"{""exclude"": 1}"
2026-07-27T12:23:32.158013+00:00,30523142,10.3174/ajnr.A5905,2019,Compressed Sensing-Sensitivity Encoding (CS-SENSE) Accelerated Brain Imaging: Reduced Scan Time without Reduced Image Quality.,AJNR. American journal of neuroradiology,include,fulltext_screening,"outcome_unclear: Blinded neuroradiologist reader study evaluating image quality, artifacts and lesion sharpness of compressed-sensing accelerated brain MRI reconstruction versus conventional.",,,,FALSE,"{""Dat Mai_fulltext"": ""include""}","[""evaluated on 4- or 5-point Likert scales for overall image quality, SNR, extent/severity of artifacts""]",2019 - Compressed Sensing-Sensitivity Encoding (CS-SENSE) Accelerated Brain Imaging Reduced Scan Time without Reduced Image Qua - PMID 30523142.md,,0.6,low,{},1,"{""include"": 1}"
2026-07-27T12:23:32.158013+00:00,,10.1007/978-3-030-11723-8_16,2019,Deep Autoencoding Models for Unsupervised Anomaly Segmentation in Brain MR Images,"Brainlesion: Glioma, Multiple Sclerosis, Stroke and Traumatic Brain Injuries",exclude,fulltext_screening,,"out_of_scope: Uses autoencoder reconstruction error to detect/segment pathology, not to evaluate reconstruction safety/fidelity.",,,FALSE,"{""Dat Mai_fulltext"": ""exclude""}","[""detect anomalies either as outliers in the learned feature space or from large reconstruction errors""]",2019 - Deep Autoencoding Models for Unsupervised Anomaly Segmentation in Brain MR Images - SPRINGER 10.1007_978-3-030-11723-8_16.md,,0.8,medium,{},1,"{""exclude"": 1}"
2026-07-27T12:23:32.158013+00:00,31144009,10.1007/s00276-019-02264-1,2019,Differences between generalized Q-sampling imaging and diffusion tensor imaging in visualization of crossing neural fibers in the brain.,Surgical and radiologic anatomy : SRA,exclude,fulltext_screening,,out_of_scope: Compares diffusion reconstruction schemes (GQI vs DTI) for crossing-fiber visualization; not MRI image reconstruction safety evaluation.,,,FALSE,"{""Dat Mai_fulltext"": ""exclude""}","[""advantages of GQI reconstruction in the imaging of nerve fibers at crossing regions""]",2019 - Differences between generalized Q-sampling imaging and diffusion tensor imaging in visualization of crossing neural fibe - PMID 31144009.md,,0.8,medium,{},1,"{""exclude"": 1}"
2026-07-27T12:23:32.158013+00:00,31009689,10.1016/j.mri.2019.04.008,2019,Diffusion MRI using two-dimensional single-shot radial imaging (2D ss-rDWI) with variable flip angle and random view ordering.,Magnetic resonance imaging,exclude,fulltext_screening,,out_of_scope: Development of a radial DWI acquisition technique to reduce distortion; engineering demonstration rather than a reconstruction safety/fidelity evaluation.,,,FALSE,"{""Dat Mai_fulltext"": ""exclude""}","[""develop a 2D single-shot radial-DWI (2D ss-rDWI) technique to reduce motion artifacts and geometric distortion""]",2019 - Diffusion MRI using two-dimensional single-shot radial imaging (2D ss-rDWI) with variable flip angle and random view ord - PMID 31009689.md,,0.6,low,{},1,"{""exclude"": 1}"
2026-07-27T12:23:32.158013+00:00,,10.1109/NSS/MIC42101.2019.9060064,2019,Dual injection short time parametric PET image,2019 IEEE Nuclear Science Symposium and Medical Imaging Conference (NSS/MIC),exclude,fulltext_screening,,"out_of_scope: Parametric PET reconstruction method, not brain MRI reconstruction.",,,FALSE,"{""Dat Mai_fulltext"": ""exclude""}","[""parametric positron emission tomography (PET) reconstruction method using a dual injection strategy""]",2019 - Dual injection short time parametric PET image - IEEEXPLORE 9060064.md,,0.95,high,{},1,"{""exclude"": 1}"
2026-07-27T12:23:32.158013+00:00,30816312,10.1038/s41598-019-39888-7,2019,ENLIVE: An Efficient Nonlinear Method for Calibrationless and Robust Parallel Imaging.,Scientific reports,exclude,fulltext_screening,,out_of_scope: Development of a new parallel-imaging reconstruction method; an engineering method paper rather than a safety/fidelity evaluation study.,,,FALSE,"{""Dat Mai_fulltext"": ""exclude""}","[""novel calibrationless parallel imaging technique which simultaneously estimates coil profiles and image content""]",2019 - ENLIVE An Efficient Nonlinear Method for Calibrationless and Robust Parallel Imaging. - PMID 30816312.md,,0.6,low,{},1,"{""exclude"": 1}"
2026-07-27T12:23:32.158013+00:00,,10.1109/TRPMS.2018.2881248,2019,Enhancement of Partial Volume Correction in MR-Guided PET Image Reconstruction by Using MRI Voxel Sizes,IEEE Transactions on Radiation and Plasma Medical Sciences,exclude,fulltext_screening,,"out_of_scope: MR-guided PET reconstruction/partial-volume correction; the reconstructed image is PET, not brain MRI.",,,FALSE,"{""Dat Mai_fulltext"": ""exclude""}","[""MR-guided PET image reconstruction""]",2019 - Enhancement of Partial Volume Correction in MR-Guided PET Image Reconstruction by Using MRI Voxel Sizes - IEEEXPLORE 8536399.md,,0.9,high,{},1,"{""exclude"": 1}"
2026-07-27T12:23:32.158013+00:00,29850877,10.1093/cercor/bhy117,2019,Evaluating the Prediction of Brain Maturity From Functional Connectivity After Motion Artifact Denoising.,"Cerebral cortex (New York, N.Y. : 1991)",exclude,fulltext_screening,,out_of_scope: fMRI functional-connectivity age prediction after denoising; not MRI image reconstruction safety/fidelity.,,,FALSE,"{""Dat Mai_fulltext"": ""exclude""}","[""evaluated individual age prediction with RSFC after stringent motion denoising""]",2019 - Evaluating the Prediction of Brain Maturity From Functional Connectivity After Motion Artifact Denoising. - PMID 29850877.md,,0.85,high,{},1,"{""exclude"": 1}"
2026-07-27T12:23:32.158013+00:00,30671618,10.1007/s00234-019-02160-w,2019,Evaluation of 3D fat-navigator based retrospective motion correction in the clinical setting of patients with brain tumors.,Neuroradiology,include,fulltext_screening,intervention_unclear: Clinical evaluation with blinded reader scoring of motion-artifact severity and image-quality improvement of retrospective motion-corrected brain MRI.,,,,FALSE,"{""Dat Mai_fulltext"": ""include""}","[""severity of motion in the non-corrected MPRAGE was assessed for each landmark, using a 5-point score""]",2019 - Evaluation of 3D fat-navigator based retrospective motion correction in the clinical setting of patients with brain tumo - PMID 30671618.md,,0.5,low,{},1,"{""include"": 1}"
2026-07-27T12:23:32.158013+00:00,31401715,10.1007/s11548-019-02053-6,2019,FAConstructor: an interactive tool for geometric modeling of nerve fiber architectures in the brain.,International journal of computer assisted radiology and surgery,exclude,fulltext_screening,,out_of_scope: Tool for generating synthetic fiber models for 3D polarized light imaging simulations; not MRI reconstruction.,,,FALSE,"{""Dat Mai_fulltext"": ""exclude""}","[""generation of synthetic fiber models for 3D-PLI simulations""]",2019 - FAConstructor an interactive tool for geometric modeling of nerve fiber architectures in the brain. - PMID 31401715.md,,0.9,high,{},1,"{""exclude"": 1}"
2026-07-27T12:23:32.158013+00:00,29322233,10.1007/s00062-017-0658-9,2019,High Isotropic Resolution T2 Mapping of the Lumbosacral Plexus with T2-Prepared 3D Turbo Spin Echo.,Clinical neuroradiology,exclude,fulltext_screening,,"wrong_population: Lumbosacral plexus MR neurography, not brain MRI reconstruction.",,,FALSE,"{""Dat Mai_fulltext"": ""exclude""}","[""T2 mapping of LSP nerves""]",2019 - High Isotropic Resolution T2 Mapping of the Lumbosacral Plexus with T2-Prepared 3D Turbo Spin Echo. - PMID 29322233.md,,0.9,high,{},1,"{""exclude"": 1}"
2026-07-27T12:23:32.158013+00:00,31341309,10.1038/d41586-019-02208-0,2019,How to map the brain.,Nature,exclude,fulltext_screening,,out_of_scope: Nature news feature on connectomics/microscopy brain mapping; no MRI reconstruction methodology and off-topic.,,,FALSE,"{""Dat Mai_fulltext"": ""exclude""}","[""How to map the brain""]",2019 - How to map the brain. - PMID 31341309.md,,0.8,medium,{},1,"{""exclude"": 1}"
2026-07-27T12:23:32.158013+00:00,30145718,10.1007/s11682-018-9951-8,2019,Identifying errors in Freesurfer automated skull stripping and the incremental utility of manual intervention.,Brain imaging and behavior,exclude,fulltext_Thu_adjudication,,"wrong_intervention_or_index: Full text matches the title; despite the keyword 'reconstruction error', the object of study is FreeSurfer cortical surface reconstruction/skull-stripping quality assurance (a segmentation post-processing pipeli ...",,,FALSE,"{""Dat Mai_fulltext"": ""flagged"", ""Thu_adjudicator"": ""exclude""}","[""Statistically-based QA, although less resource intensive, is not accurate enough to supplant visual inspection"", ""Manual QA (visual inspection) of processed brains for cortical surface reconstruction errors is resource-intensive""]",2019 - Identifying errors in Freesurfer automated skull stripping and the incremental utility of manual intervention. - PMID 30145718.md,,0.75,medium,"{""Thu_adjudicator"": ""exclude""}",1,"{""flagged"": 1}"
2026-07-27T12:23:32.158013+00:00,30697813,10.1002/mrm.27663,2019,Improved chemical exchange saturation transfer imaging with real-time frequency drift correction.,Magnetic resonance in medicine,exclude,fulltext_screening,,"out_of_scope: CEST sequence with B0 drift correction; a sequence-level artifact correction, not a reconstruction safety/fidelity evaluation.",,,FALSE,"{""Dat Mai_fulltext"": ""exclude""}","[""propose a new sequence for correcting artifacts attributed to B0 drift in real time""]",2019 - Improved chemical exchange saturation transfer imaging with real-time frequency drift correction. - PMID 30697813.md,,0.75,medium,{},1,"{""exclude"": 1}"
2026-07-27T12:23:32.158013+00:00,30630834,10.3174/ajnr.A5927,2019,Improving the Quality of Synthetic FLAIR Images with Deep Learning Using a Conditional Generative Adversarial Network for Pixel-by-Pixel Image Translation.,AJNR. American journal of neuroradiology,include,fulltext_screening,"intervention_unclear: Deep-learning GAN generation of brain FLAIR images evaluated for fidelity (PSNR/RMSE), lesion preservation, and artifact reduction, addressing reconstruction failure modes.",,,,FALSE,"{""Dat Mai_fulltext"": ""include""}","[""Lesion conspicuity and the existence of artifacts were visually assessed""]",2019 - Improving the Quality of Synthetic FLAIR Images with Deep Learning Using a Conditional Generative Adversarial Network fo - PMID 30630834.md,,0.7,medium,{},1,"{""include"": 1}"
2026-07-27T12:23:32.158013+00:00,31243814,10.1002/mrm.27869,2019,In vivo demonstration of microscopic anisotropy in the human kidney using multidimensional diffusion MRI.,Magnetic resonance in medicine,exclude,fulltext_screening,,"wrong_population: Human kidney diffusion MRI, not brain.",,,FALSE,"{""Dat Mai_fulltext"": ""exclude""}","[""microscopic anisotropy in the human kidney""]",2019 - In vivo demonstration of microscopic anisotropy in the human kidney using multidimensional diffusion MRI. - PMID 31243814.md,,0.92,high,{},1,"{""exclude"": 1}"
2026-07-27T12:23:32.158013+00:00,30666698,10.1002/mrm.27641,2019,Incorporation of a spectral model in a convolutional neural network for accelerated spectral fitting.,Magnetic resonance in medicine,exclude,fulltext_screening,,"out_of_scope: CNN for MR spectroscopic imaging spectral fitting/quantitation, not MRI image reconstruction safety/fidelity.",,,FALSE,"{""Dat Mai_fulltext"": ""exclude""}","[""accurate spectral fitting for volumetric MRSI""]",2019 - Incorporation of a spectral model in a convolutional neural network for accelerated spectral fitting. - PMID 30666698.md,,0.75,medium,{},1,"{""exclude"": 1}"
2026-07-27T12:23:32.158013+00:00,30321643,10.1016/j.neuroimage.2018.10.025,2019,Inherent physiological artifacts in EEG during tDCS.,NeuroImage,exclude,fulltext_screening,,out_of_scope: EEG artifacts during transcranial stimulation; not MRI reconstruction.,,,FALSE,"{""Dat Mai_fulltext"": ""exclude""}","[""physiological artifacts ... present in all online EEG-tDCS""]",2019 - Inherent physiological artifacts in EEG during tDCS. - PMID 30321643.md,,0.95,high,{},1,"{""exclude"": 1}"
2026-07-27T12:23:32.158013+00:00,31550276,10.1371/journal.pone.0222914,2019,Intersubject MVPD: Empirical comparison of fMRI denoising methods for connectivity analysis.,PloS one,exclude,fulltext_screening,,"out_of_scope: Comparison of fMRI denoising methods for connectivity analysis, not MRI reconstruction fidelity/safety.",,,FALSE,"{""Dat Mai_fulltext"": ""exclude""}","[""Empirical comparison of fMRI denoising methods for connectivity analysis""]",2019 - Intersubject MVPD Empirical comparison of fMRI denoising methods for connectivity analysis. - PMID 31550276.md,,0.88,high,{},1,"{""exclude"": 1}"
2026-07-27T12:23:32.158013+00:00,31227718,10.1038/s41467-019-10836-3,2019,Learning cellular morphology with neural networks.,Nature communications,exclude,fulltext_screening,,out_of_scope: Neural-network analysis of electron-microscopy neuron reconstructions in animals; not MRI.,,,FALSE,"{""Dat Mai_fulltext"": ""exclude""}","[""volume electron microscopy data sets of brain tissue""]",2019 - Learning cellular morphology with neural networks. - PMID 31227718.md,,0.95,high,{},1,"{""exclude"": 1}"
2026-07-27T12:23:32.158013+00:00,30471129,10.1002/mp.13295,2019,Learning-based CBCT correction using alternating random forest based on auto-context model.,Medical physics,exclude,fulltext_screening,,"out_of_scope: Machine-learning correction of cone-beam CT images, not MRI reconstruction.",,,FALSE,"{""Dat Mai_fulltext"": ""exclude""}","[""improve CBCT's image quality""]",2019 - Learning-based CBCT correction using alternating random forest based on auto-context model. - PMID 30471129.md,,0.9,high,{},1,"{""exclude"": 1}"
2026-07-27T12:23:32.158013+00:00,30845177,10.1371/journal.pone.0213458,2019,"MRI, CT and high resolution macro-anatomical images with cryosectioning of a Beagle brain: Creating the base of a multimodal imaging atlas.",PloS one,exclude,fulltext_screening,,wrong_population: Canine (animal) multimodal brain atlas creation; not human MRI reconstruction safety.,,,FALSE,"{""Dat Mai_fulltext"": ""exclude""}","[""cryosectioning of a Beagle brain""]","2019 - MRI, CT and high resolution macro-anatomical images with cryosectioning of a Beagle brain Creating the base of a multimo - PMID 30845177.md",,0.92,high,{},1,"{""exclude"": 1}"
2026-07-27T12:23:32.158013+00:00,30524027,10.1088/1361-6560/aaf5e0,2019,MRI-based attenuation correction for brain PET/MRI based on anatomic signature and machine learning.,Physics in medicine and biology,exclude,fulltext_screening,,"out_of_scope: ML generation of pseudo-CT from MRI for PET attenuation correction; the safety endpoint is PET quantitation, not brain MRI reconstruction.",,,FALSE,"{""Dat Mai_fulltext"": ""exclude""}","[""MRI-based attenuation correction for brain PET/MRI""]",2019 - MRI-based attenuation correction for brain PET MRI based on anatomic signature and machine learning. - PMID 30524027.md,,0.8,medium,{},1,"{""exclude"": 1}"
2026-07-27T12:23:32.158013+00:00,30430711,10.1002/hbm.24462,2019,Machine learning of brain gray matter differentiates sex in a large forensic sample.,Human brain mapping,exclude,fulltext_screening,,out_of_scope: Machine-learning sex classification from gray-matter morphometry; not reconstruction safety/fidelity.,,,FALSE,"{""Dat Mai_fulltext"": ""exclude""}","[""machine learning ... to classify sex""]",2019 - Machine learning of brain gray matter differentiates sex in a large forensic sample. - PMID 30430711.md,,0.93,high,{},1,"{""exclude"": 1}"
2026-07-27T12:23:32.158013+00:00,30821010,10.1002/mrm.27705,2019,Markerless high-frequency prospective motion correction for neuroanatomical MRI.,Magnetic resonance in medicine,exclude,fulltext_screening,,out_of_scope: Development of a markerless prospective motion-correction technique with engineering validation; not a reconstruction safety/fidelity evaluation methodology.,,,FALSE,"{""Dat Mai_fulltext"": ""exclude""}","[""markerless head motion tracking with prospectively corrected neuroanatomical MRI sequences""]",2019 - Markerless high-frequency prospective motion correction for neuroanatomical MRI. - PMID 30821010.md,,0.55,low,{},1,"{""exclude"": 1}"
2026-07-27T12:23:32.158013+00:00,30679454,10.1038/s41598-018-36227-0,2019,Metal artifacts with dental implants: Evaluation using a dedicated CT/MR oral phantom with registration of the CT and MR images.,Scientific reports,exclude,fulltext_screening,,out_of_scope: Dental/oral phantom metal-artifact reduction via CT/MR registration; not brain MRI reconstruction.,,,FALSE,"{""Dat Mai_fulltext"": ""exclude""}","[""Metal artifacts with dental implants ... CT/MR oral phantom""]",2019 - Metal artifacts with dental implants Evaluation using a dedicated CT MR oral phantom with registration of the CT and MR - PMID 30679454.md,,0.88,high,{},1,"{""exclude"": 1}"
2026-07-27T12:23:32.158013+00:00,30393895,10.1002/mrm.27547,2019,Model-based reconstruction framework for correction of signal pile-up and geometric distortions in prostate diffusion MRI.,Magnetic resonance in medicine,exclude,fulltext_screening,,"wrong_population: Distortion-correction reconstruction for prostate diffusion MRI, not brain.",,,FALSE,"{""Dat Mai_fulltext"": ""exclude""}","[""geometric distortions in prostate diffusion MRI""]",2019 - Model-based reconstruction framework for correction of signal pile-up and geometric distortions in prostate diffusion MR - PMID 30393895.md,,0.85,high,{},1,"{""exclude"": 1}"
2026-07-27T12:23:32.158013+00:00,30325053,10.1002/mrm.27521,2019,Multi-modal synergistic PET and MR reconstruction using mutually weighted quadratic priors.,Magnetic resonance in medicine,exclude,fulltext_screening,,"out_of_scope: Joint PET-MR reconstruction framework development; an engineering method paper spanning PET, not a brain-MRI reconstruction safety evaluation.",,,FALSE,"{""Dat Mai_fulltext"": ""exclude""}","[""synergistic reconstruction of PET-MR and multi-contrast MR data""]",2019 - Multi-modal synergistic PET and MR reconstruction using mutually weighted quadratic priors. - PMID 30325053.md,,0.6,low,{},1,"{""exclude"": 1}"
2026-07-27T12:23:32.158013+00:00,31045278,10.1002/mrm.27771,2019,Network Accelerated Motion Estimation and Reduction (NAMER): Convolutional neural network guided retrospective motion correction using a separable motion model.,Magnetic resonance in medicine,include,fulltext_screening,"intervention_unclear: CNN-guided model-based brain MRI reconstruction addressing motion artifacts, validated quantitatively (RMSE) including CNN-induced blurring, an AI-reconstruction fidelity assessment.",,,,FALSE,"{""Dat Mai_fulltext"": ""include""}","[""convolutional neural network alone provides some motion mitigation (at the expense of introduced blurring)""]",2019 - Network Accelerated Motion Estimation and Reduction (NAMER) Convolutional neural network guided retrospective motion cor - PMID 31045278.md,,0.55,low,{},1,"{""include"": 1}"
2026-07-27T12:23:32.158013+00:00,31430776,10.1055/a-0943-1168,2019,[Not Available].,RoFo : Fortschritte auf dem Gebiete der Rontgenstrahlen und der Nuklearmedizin,exclude,fulltext_screening,,"out_of_scope: No abstract; MeSH indicates pediatric lung MRI/atelectasis/sedation, off-topic to brain MRI reconstruction safety.",,,FALSE,"{""Dat Mai_fulltext"": ""exclude""}","[""Lung / diagnostic imaging""]",2019 - Not Available . - PMID 31430776.md,,0.7,medium,{},1,"{""exclude"": 1}"
2026-07-27T12:23:32.158013+00:00,30303562,10.1002/mrm.27491,2019,On the accuracy and precision of PLANET for multiparametric MRI using phase-cycled bSSFP imaging.,Magnetic resonance in medicine,exclude,fulltext_screening,,out_of_scope: Characterizes accuracy/precision of a bSSFP relaxometry parameter-estimation method; quantitative-mapping characterization rather than image-reconstruction safety evaluation.,,,FALSE,"{""Dat Mai_fulltext"": ""exclude""}","[""accuracy and precision in T1, T2, and off-resonance maps obtained with the PLANET method""]",2019 - On the accuracy and precision of PLANET for multiparametric MRI using phase-cycled bSSFP imaging. - PMID 30303562.md,,0.55,low,{},1,"{""exclude"": 1}"
2026-07-27T12:23:32.158013+00:00,30414984,10.1016/j.neuroimage.2018.11.006,2019,Optimising neonatal fMRI data analysis: Design and validation of an extended dHCP preprocessing pipeline to characterise noxious-evoked brain activity in infants.,NeuroImage,exclude,fulltext_screening,,out_of_scope: Neonatal fMRI preprocessing pipeline design/validation; not MRI reconstruction safety/fidelity.,,,FALSE,"{""Dat Mai_fulltext"": ""exclude""}","[""extended dHCP fMRI preprocessing pipeline""]",2019 - Optimising neonatal fMRI data analysis Design and validation of an extended dHCP preprocessing pipeline to characterise - PMID 30414984.md,,0.85,high,{},1,"{""exclude"": 1}"
2026-07-27T12:23:32.158013+00:00,31319127,10.1016/j.mri.2019.07.009,2019,Phase Image Texture Analysis for Motion Detection in Diffusion MRI (PITA-MDD).,Magnetic resonance imaging,exclude,fulltext_screening,,out_of_scope: Automated motion-corruption detection method for diffusion MRI quality control; a QC/detection technique rather than a reconstruction safety/fidelity evaluation.,,,FALSE,"{""Dat Mai_fulltext"": ""exclude""}","[""method to return a metric of subject motion ... from diffusion-weighted images""]",2019 - Phase Image Texture Analysis for Motion Detection in Diffusion MRI (PITA-MDD). - PMID 31319127.md,,0.5,low,{},1,"{""exclude"": 1}"
2026-07-27T12:23:32.158013+00:00,30298692,10.1002/mrm.27509,2019,Prospective motion correction improves high-resolution quantitative susceptibility mapping at 7T.,Magnetic resonance in medicine,exclude,fulltext_screening,,out_of_scope: Prospective motion correction for high-resolution QSM; technique development/demonstration rather than a reconstruction safety evaluation methodology.,,,FALSE,"{""Dat Mai_fulltext"": ""exclude""}","[""prospective motion correction (PMC) to address such limitation""]",2019 - Prospective motion correction improves high-resolution quantitative susceptibility mapping at 7T. - PMID 30298692.md,,0.55,low,{},1,"{""exclude"": 1}"
2026-07-27T12:23:32.158013+00:00,30229558,10.1002/mrm.27448,2019,Rigid motion-corrected magnetic resonance fingerprinting.,Magnetic resonance in medicine,exclude,fulltext_screening,,out_of_scope: Development of a rigid motion-correction method for MR fingerprinting; reconstruction method development rather than safety evaluation.,,,FALSE,"{""Dat Mai_fulltext"": ""exclude""}","[""novel approach to correct for this motion""]",2019 - Rigid motion-corrected magnetic resonance fingerprinting. - PMID 30229558.md,,0.55,low,{},1,"{""exclude"": 1}"
2026-07-27T12:23:32.158013+00:00,30773331,10.1016/j.zemedi.2019.01.001,2019,SHARQnet - Sophisticated harmonic artifact reduction in quantitative susceptibility mapping using a deep convolutional neural network.,Zeitschrift fur medizinische Physik,include,fulltext_screening,"intervention_unclear: Deep CNN solving the ill-posed QSM background-field inversion in brain MRI, evaluated for artifact reduction and generalization versus current methods.",,,,FALSE,"{""Dat Mai_fulltext"": ""include""}","[""SHARQnet outperforms current background field removal procedures""]",2019 - SHARQnet - Sophisticated harmonic artifact reduction in quantitative susceptibility mapping using a deep convolutional n - PMID 30773331.md,,0.5,low,{},1,"{""include"": 1}"
2026-07-27T12:23:32.158013+00:00,30720209,10.1002/mrm.27665,2019,Sparsity and locally low rank regularization for MR fingerprinting.,Magnetic resonance in medicine,exclude,fulltext_screening,,out_of_scope: Regularized MRF reconstruction method development to reduce aliasing artifacts; not a reconstruction safety/fidelity evaluation methodology.,,,FALSE,"{""Dat Mai_fulltext"": ""exclude""}","[""residual aliasing artifacts that propagate into the parametric maps ... reduced with the proposed SLLR-MRF""]",2019 - Sparsity and locally low rank regularization for MR fingerprinting. - PMID 30720209.md,,0.6,low,{},1,"{""exclude"": 1}"
2026-07-27T12:23:32.158013+00:00,31946482,10.1109/EMBC.2019.8857125,2019,Super-Resolution Diffusion Tensor Imaging using SRCNN: A Feasibility Study.,Annual International Conference of the IEEE Engineering in Medicine and Biology Society,include,fulltext_screening,"intervention_unclear: Deep-learning (SRCNN) super-resolution of brain diffusion MRI validated against ground truth with error metrics, addressing SNR/geometric-distortion failure modes.",,,,FALSE,"{""Dat Mai_fulltext"": ""include""}","[""validated by comparing with the ground truth using numerical simulations and ... real human data""]",2019 - Super-Resolution Diffusion Tensor Imaging using SRCNN A Feasibility Study. - PMID 31946482.md,,0.55,low,{},1,"{""include"": 1}"
2026-07-27T12:23:32.158013+00:00,31455744,10.1073/pnas.1909848116,2019,"Take a deep breath: Multiecho fMRI denoising effectively removes head motion artifacts, obviating the need for global signal regression.",Proceedings of the National Academy of Sciences of the United States of America,background_only,fulltext_screening,,,,review_for_background: Letter/Comment (commentary) on fMRI denoising; publication type is commentary and off the reconstruction-safety topic.,FALSE,"{""Dat Mai_fulltext"": ""background_only""}","[""Multiecho fMRI denoising effectively removes head motion artifacts""]","2019 - Take a deep breath Multiecho fMRI denoising effectively removes head motion artifacts, obviating the need for global sig - PMID 31455744.md",,0.6,low,{},1,"{""background_only"": 1}"
2026-07-27T12:23:32.158013+00:00,31422519,10.1007/s10334-019-00771-1,2019,The advantages of radial trajectories for vessel-selective dynamic angiography with arterial spin labeling.,"Magma (New York, N.Y.)",exclude,fulltext_screening,,"out_of_scope: Demonstrates radial vs Cartesian trajectory advantages for accelerated ASL angiography; acquisition-technique development, not a reconstruction safety evaluation.",,,FALSE,"{""Dat Mai_fulltext"": ""exclude""}","[""Radial trajectories outperform conventional Cartesian techniques for accelerated vessel-selective ASL""]",2019 - The advantages of radial trajectories for vessel-selective dynamic angiography with arterial spin labeling. - PMID 31422519.md,,0.7,medium,{},1,"{""exclude"": 1}"
2026-07-27T12:23:32.158013+00:00,30229562,10.1002/mrm.27413,2019,Tilted-CAIPI for highly accelerated distortion-free EPI with point spread function (PSF) encoding.,Magnetic resonance in medicine,exclude,fulltext_screening,,"wrong_outcome: Proposes a new distortion-free EPI acquisition/reconstruction technique demonstrated by image-quality/SNR, with no safety- or fidelity-evaluation contribution.",,,FALSE,"{""Dat Mai_fulltext"": ""exclude""}","[""To develop a method for fast distortion- and blurring-free imaging.""]",2019 - Tilted-CAIPI for highly accelerated distortion-free EPI with point spread function (PSF) encoding. - PMID 30229562.md,,0.82,medium,{},1,"{""exclude"": 1}"
2026-07-27T12:23:32.158013+00:00,30511280,10.1007/s10278-018-0146-z,2019,Toward Automatic Detection of Radiation-Induced Cerebral Microbleeds Using a 3D Deep Residual Network.,Journal of digital imaging,exclude,fulltext_screening,,"wrong_intervention_or_index: Deep-learning lesion detection/CAD of microbleeds, not evaluation of MRI reconstruction safety or fidelity.",,,FALSE,"{""Dat Mai_fulltext"": ""exclude""}","[""3D deep residual network that can distinguish true microbleeds from false positive mimics""]",2019 - Toward Automatic Detection of Radiation-Induced Cerebral Microbleeds Using a 3D Deep Residual Network. - PMID 30511280.md,,0.9,high,{},1,"{""exclude"": 1}"
2026-07-27T12:23:32.158013+00:00,31173439,10.1002/hbm.24691,2019,Towards an optimised processing pipeline for diffusion magnetic resonance imaging data: Effects of artefact corrections on diffusion metrics and their age associations in UK Biobank.,Human brain mapping,exclude,fulltext_screening,,"out_of_scope: Evaluates diffusion post-processing/artefact-correction pipeline effects on diffusion metrics, not fidelity/safety of image reconstruction.",,,FALSE,"{""Dat Mai_fulltext"": ""exclude""}","[""Effects of artefact corrections on diffusion metrics and their age associations""]",2019 - Towards an optimised processing pipeline for diffusion magnetic resonance imaging data Effects of artefact corrections o - PMID 31173439.md,,0.78,medium,{},1,"{""exclude"": 1}"
2026-07-27T12:23:32.158013+00:00,30375043,10.1002/mrm.27549,2019,Translation of Carbon-13 EPI for hyperpolarized MR molecular imaging of prostate and brain cancer patients.,Magnetic resonance in medicine,exclude,fulltext_screening,,out_of_scope: Develops a hyperpolarized 13C EPI molecular imaging sequence; no reconstruction safety/fidelity evaluation methodology.,,,FALSE,"{""Dat Mai_fulltext"": ""exclude""}","[""To develop and translate a metabolite-specific imaging sequence using a symmetric echo planar readout""]",2019 - Translation of Carbon-13 EPI for hyperpolarized MR molecular imaging of prostate and brain cancer patients. - PMID 30375043.md,,0.85,high,{},1,"{""exclude"": 1}"
2026-07-27T12:23:32.158013+00:00,32822818,10.1016/j.mri.2020.08.001,2020,A deep learning-based method for improving reliability of multicenter diffusion kurtosis imaging with varied acquisition protocols.,Magnetic resonance imaging,exclude,fulltext_Thu_adjudication,,"wrong_outcome: Full text matches the title; the CNN jointly fits and harmonises DKI parameter maps across scanners, and 'reliability' here means reduced inter-scanner variance and improved reproducibility of kurtosis metrics, not detection ...",,,FALSE,"{""Dat Mai_fulltext"": ""flagged"", ""Thu_adjudicator"": ""exclude""}","[""the inter-scanner variation of DKI measures within white matter was reduced by 51.5% in mean kurtosis"", ""the harmonization network was able to reconstruct reliable DKI values from high data variability""]",2020 - A deep learning-based method for improving reliability of multicenter diffusion kurtosis imaging with varied acquisition - PMID 32822818.md,,0.62,low,"{""Thu_adjudicator"": ""exclude""}",1,"{""flagged"": 1}"
2026-07-27T12:23:32.158013+00:00,32305565,10.1016/j.neuroimage.2020.116861,2020,A field-monitoring-based approach for correcting eddy-current-induced artifacts of up to the 2nd spatial order in human-connectome-project-style multiband diffusion MRI experiment at 7T: A pilot study.,NeuroImage,exclude,fulltext_screening,,out_of_scope: Physics-based field-monitoring eddy-current correction demonstrated by image-quality comparison; not an AI reconstruction safety/fidelity evaluation.,,,FALSE,"{""Dat Mai_fulltext"": ""exclude""}","[""correcting eddy-current-induced artifacts of up to the 2nd spatial order""]",2020 - A field-monitoring-based approach for correcting eddy-current-induced artifacts of up to the 2nd spatial order in human- - PMID 32305565.md,,0.75,medium,{},1,"{""exclude"": 1}"
2026-07-27T12:23:32.158013+00:00,32208974,10.1177/1535370220914285,2020,A generative adversarial network for artifact removal in photoacoustic computed tomography with a linear-array transducer.,"Experimental biology and medicine (Maywood, N.J.)",exclude,fulltext_screening,,"wrong_intervention_or_index: Artifact removal in photoacoustic computed tomography, not brain MRI reconstruction.",,,FALSE,"{""Dat Mai_fulltext"": ""exclude""}","[""reduce the limited-view and limited-bandwidth artifacts in PACT""]",2020 - A generative adversarial network for artifact removal in photoacoustic computed tomography with a linear-array transduce - PMID 32208974.md,,0.9,high,{},1,"{""exclude"": 1}"
2026-07-27T12:23:32.158013+00:00,32882339,10.1016/j.mri.2020.08.013,2020,A multi-scale residual network for accelerated radial MR parameter mapping.,Magnetic resonance imaging,exclude,fulltext_screening,,wrong_outcome: DL reconstruction method for accelerated parameter mapping evaluated by image-quality metrics; no safety/fidelity-evaluation contribution.,,,FALSE,"{""Dat Mai_fulltext"": ""exclude""}","[""multi-scale residual network (MS-ResNet) for image reconstruction""]",2020 - A multi-scale residual network for accelerated radial MR parameter mapping. - PMID 32882339.md,,0.72,medium,{},1,"{""exclude"": 1}"
2026-07-27T12:23:32.158013+00:00,,10.1186/s40543-020-0205-1,2020,Accelerating the computation for real-time application of the sinc function using graphics processing units,Journal of Analytical Science and Technology,exclude,fulltext_screening,,out_of_scope: GPU acceleration of a sinc interpolation kernel for reconstruction speed; not a safety/fidelity evaluation of brain MRI reconstruction.,,,FALSE,"{""Dat Mai_fulltext"": ""exclude""}","[""Accelerating the computation for real-time application of the sinc function""]",2020 - Accelerating the computation for real-time application of the sinc function using graphics processing units - SPRINGER 10.1186_s40543-020-0205-1.md,,0.85,high,{},1,"{""exclude"": 1}"
2026-07-27T12:23:32.158013+00:00,31402519,10.1002/mrm.27900,2020,Automated adaptive preconditioner for quantitative susceptibility mapping.,Magnetic resonance in medicine,exclude,fulltext_screening,,wrong_outcome: QSM reconstruction preconditioner method evaluated by convergence/image quality; no safety/fidelity-evaluation contribution.,,,FALSE,"{""Dat Mai_fulltext"": ""exclude""}","[""automated adaptive preconditioner for QSM reconstruction with improved susceptibility quantification accuracy""]",2020 - Automated adaptive preconditioner for quantitative susceptibility mapping. - PMID 31402519.md,,0.75,medium,{},1,"{""exclude"": 1}"
2026-07-27T12:23:32.158013+00:00,32145076,10.1002/mp.14124,2020,Cone-beam CT for imaging of the head/brain: Development and assessment of scanner prototype and reconstruction algorithms.,Medical physics,exclude,fulltext_screening,,"wrong_intervention_or_index: Cone-beam CT scanner/reconstruction development, not brain MRI reconstruction.",,,FALSE,"{""Dat Mai_fulltext"": ""exclude""}","[""cone-beam computed tomography (CBCT) scanner for point-of-care detection""]",2020 - Cone-beam CT for imaging of the head brain Development and assessment of scanner prototype and reconstruction algorithms - PMID 32145076.md,,0.9,high,{},1,"{""exclude"": 1}"
2026-07-27T12:23:32.158013+00:00,,10.1109/tci.2020.3023598,2020,Contrast-Medium Anisotropy-Aware Tensor Total Variation Model for Robust Cerebral Perfusion CT Reconstruction With Low-Dose Scans,IEEE Transactions on Computational Imaging,exclude,fulltext_screening,,"wrong_intervention_or_index: Low-dose cerebral perfusion CT reconstruction model, not MRI.",,,FALSE,"{""Dat Mai_fulltext"": ""exclude""}","[""Robust Cerebral Perfusion CT Reconstruction With Low-Dose Scans""]",2020 - Contrast-Medium Anisotropy-Aware Tensor Total Variation Model for Robust Cerebral Perfusion CT Reconstruction With Low-D - IEEEXPLORE 9195141.md,,0.9,high,{},1,"{""exclude"": 1}"
2026-07-27T12:23:32.158013+00:00,32054615,10.3174/ajnr.a6436,2020,Correction of Motion Artifacts Using a Multiscale Fully Convolutional Neural Network.,AJNR. American journal of neuroradiology,include,fulltext_Thu_adjudication,"Full text matches the title and goes beyond routine metrics: the CNN motion-correction of brain MRI is validated with a blinded two-neuroradiologist reader study on real patient motion, with simulation-based ground truth, explicit checks th ...",,,,FALSE,"{""Dat Mai_fulltext"": ""flagged"", ""Thu_adjudicator"": ""include""}","[""Application of the network resulted in notably improved image quality without the loss of morphologic information"", ""a blinded reader study was conducted in which 2 experienced neuroradiologists visually assessed the degree of motion arti ...",2020 - Correction of Motion Artifacts Using a Multiscale Fully Convolutional Neural Network. - PMID 32054615.md,,0.7,medium,"{""Thu_adjudicator"": ""include""}",1,"{""flagged"": 1}"
2026-07-27T12:23:32.158013+00:00,32694561,10.1038/s41598-020-68853-y,2020,Cortical network responses map onto data-driven features that capture visual semantics of movie fragments.,Scientific reports,exclude,fulltext_screening,,out_of_scope: Neuroscience encoding study mapping cortical responses to semantic features; unrelated to MRI reconstruction safety.,,,FALSE,"{""Dat Mai_fulltext"": ""exclude""}","[""modeling the cortical responses to semantic information""]",2020 - Cortical network responses map onto data-driven features that capture visual semantics of movie fragments. - PMID 32694561.md,,0.92,high,{},1,"{""exclude"": 1}"
2026-07-27T12:23:32.158013+00:00,,10.1109/nss/mic42677.2020.9507980,2020,Deep Learning PET Epilepsy Detection with a Novel Symmetric Loss Convolutional Autoencoder,2020 IEEE Nuclear Science Symposium and Medical Imaging Conference (NSS/MIC),exclude,fulltext_screening,,"wrong_intervention_or_index: FDG-PET anomaly detection via autoencoder reconstruction error, not brain MRI reconstruction safety.",,,FALSE,"{""Dat Mai_fulltext"": ""exclude""}","[""anomaly detection in FDG brain PET""]",2020 - Deep Learning PET Epilepsy Detection with a Novel Symmetric Loss Convolutional Autoencoder - IEEEXPLORE 9507980.md,,0.88,high,{},1,"{""exclude"": 1}"
2026-07-27T12:23:32.158013+00:00,31760212,10.1016/j.clinph.2019.09.031,2020,Detection of mesial temporal lobe epileptiform discharges on intracranial electrodes using deep learning.,Clinical neurophysiology,exclude,fulltext_screening,,"out_of_scope: Deep learning detection of epileptiform discharges on intracranial EEG, not imaging reconstruction.",,,FALSE,"{""Dat Mai_fulltext"": ""exclude""}","[""detect mesial temporal lobe (mTL) epileptiform discharges on intracranial electrode recordings""]",2020 - Detection of mesial temporal lobe epileptiform discharges on intracranial electrodes using deep learning. - PMID 31760212.md,,0.92,high,{},1,"{""exclude"": 1}"
2026-07-27T12:23:32.158013+00:00,32890675,10.1016/j.mri.2020.08.025,2020,Diagnostic quality assessment of IR-prepared 3D magnetic resonance neuroimaging accelerated using compressed sensing and k-space sampling order optimization.,Magnetic resonance imaging,include,fulltext_screening,"Blinded radiologist diagnostic-quality assessment of compressed-sensing-accelerated 3D brain MRI reconstruction, directly evaluating fidelity/diagnostic-quality loss with human readers as the baseline safety-evaluation method.",,,,FALSE,"{""Dat Mai_fulltext"": ""include""}","[""evaluate the clinical diagnostic efficacy of accelerated 3D magnetic resonance neuroimaging by radiological assessment""]",2020 - Diagnostic quality assessment of IR-prepared 3D magnetic resonance neuroimaging accelerated using compressed sensing and - PMID 32890675.md,,0.66,medium,{},1,"{""include"": 1}"
2026-07-27T12:23:32.158013+00:00,32898682,10.1016/j.neuroimage.2020.117340,2020,Disentangling time series between brain tissues improves fMRI data quality using a time-dependent deep neural network.,NeuroImage,exclude,fulltext_screening,,"wrong_outcome: DL fMRI denoising improving functional-connectivity quality; outcome is connectivity homogeneity, not reconstruction fidelity/diagnostic safety.",,,FALSE,"{""Dat Mai_fulltext"": ""exclude""}","[""a novel deep neural network for denoising fMRI data, named denoising neural network (DeNN)""]",2020 - Disentangling time series between brain tissues improves fMRI data quality using a time-dependent deep neural network. - PMID 32898682.md,,0.72,medium,{},1,"{""exclude"": 1}"
2026-07-27T12:23:32.158013+00:00,32333478,10.1002/mrm.28295,2020,Echo planar time-resolved imaging with subspace reconstruction and optimized spatiotemporal encoding.,Magnetic resonance in medicine,exclude,fulltext_screening,,wrong_outcome: EPTI subspace reconstruction/encoding method evaluated by reconstruction error/image quality; no safety/fidelity-evaluation contribution.,,,FALSE,"{""Dat Mai_fulltext"": ""exclude""}","[""a subspace reconstruction framework is developed to improve the reconstruction accuracy of EPTI""]",2020 - Echo planar time-resolved imaging with subspace reconstruction and optimized spatiotemporal encoding. - PMID 32333478.md,,0.75,medium,{},1,"{""exclude"": 1}"
2026-07-27T12:23:32.158013+00:00,32773433,10.1097/pai.0000000000000832,2020,Embedding Brain Tissue for Routine Histopathology: A Processing Step Worthy of Consideration in the Digital Pathology Era.,Applied immunohistochemistry & molecular morphology,exclude,fulltext_screening,,out_of_scope: Histopathology tissue-embedding technical report; unrelated to MRI reconstruction.,,,FALSE,"{""Dat Mai_fulltext"": ""exclude""}","[""the UK-ADC method of embedding for neuropathologic evaluation""]",2020 - Embedding Brain Tissue for Routine Histopathology A Processing Step Worthy of Consideration in the Digital Pathology Era - PMID 32773433.md,,0.92,high,{},1,"{""exclude"": 1}"
2026-07-27T12:23:32.158013+00:00,,10.1109/wacv45572.2020.9093603,2020,Enhanced generative adversarial network for 3D brain MRI super-resolution,2020 IEEE Winter Conference on Applications of Computer Vision (WACV),exclude,fulltext_screening,,wrong_outcome: GAN super-resolution reconstruction method for brain MRI reporting SSIM/PSNR/NRMSE only; no safety/fidelity-evaluation contribution or failure-mode assessment.,,,FALSE,"{""Dat Mai_fulltext"": ""exclude""}","[""state-of-the-art performance in terms of SSIM ... PSNR ... and NRMSE""]",2020 - Enhanced generative adversarial network for 3D brain MRI super-resolution - IEEEXPLORE 9093603.md,,0.68,medium,{},1,"{""exclude"": 1}"
2026-07-27T12:23:32.158013+00:00,31841681,10.1016/j.neuroimage.2019.116456,2020,Evaluating the reliability of neurocognitive biomarkers of neurodegenerative diseases across countries: A machine learning approach.,NeuroImage,exclude,fulltext_screening,,"out_of_scope: ML classification/reliability of neurocognitive and atrophy biomarkers, not evaluation of MRI reconstruction.",,,FALSE,"{""Dat Mai_fulltext"": ""exclude""}","[""evaluate the prediction power of neurocognitive biomarkers ... for classifying two neurodegenerative conditions""]",2020 - Evaluating the reliability of neurocognitive biomarkers of neurodegenerative diseases across countries A machine learnin - PMID 31841681.md,,0.85,high,{},1,"{""exclude"": 1}"
2026-07-27T12:23:32.158013+00:00,32526386,10.1016/j.neuroimage.2020.117012,2020,FastSurfer - A fast and accurate deep learning based neuroimaging pipeline.,NeuroImage,exclude,fulltext_screening,,"wrong_intervention_or_index: DL anatomical segmentation and cortical-surface pipeline (FreeSurfer alternative), not k-space/image reconstruction safety.",,,FALSE,"{""Dat Mai_fulltext"": ""exclude""}","[""replicating FreeSurfer's anatomical segmentation including surface reconstruction and cortical parcellation""]",2020 - FastSurfer - A fast and accurate deep learning based neuroimaging pipeline. - PMID 32526386.md,,0.82,medium,{},1,"{""exclude"": 1}"
2026-07-27T12:23:32.158013+00:00,32428705,10.1016/j.neuroimage.2020.116948,2020,Generalized Richardson-Lucy (GRL) for analyzing multi-shell diffusion MRI data.,NeuroImage,exclude,fulltext_screening,,"out_of_scope: Spherical-deconvolution/FOD estimation framework for diffusion MRI, not image reconstruction safety/fidelity.",,,FALSE,"{""Dat Mai_fulltext"": ""exclude""}","[""quantify the fiber orientation distribution (FOD) from diffusion MRI data""]",2020 - Generalized Richardson-Lucy (GRL) for analyzing multi-shell diffusion MRI data. - PMID 32428705.md,,0.82,medium,{},1,"{""exclude"": 1}"
2026-07-27T12:23:32.158013+00:00,31373048,10.1002/mrm.27899,2020,"High-fidelity, high-isotropic-resolution diffusion imaging through gSlider acquisition with B1+ and T1 corrections and integrated ΔB0/Rx shim array.",Magnetic resonance in medicine,exclude,fulltext_screening,,"wrong_outcome: gSlider acquisition/reconstruction method with corrections reducing distortion/artifacts, evaluated by image quality; no safety/fidelity-evaluation contribution.",,,FALSE,"{""Dat Mai_fulltext"": ""exclude""}","[""improve the fidelity of high-isotropic-resolution ... gSlider diffusion imaging""]","2020 - High-fidelity, high-isotropic-resolution diffusion imaging through gSlider acquisition with B1+ and T1 corrections and i - PMID 31373048.md",,0.73,medium,{},1,"{""exclude"": 1}"
2026-07-27T12:23:32.158013+00:00,32294605,10.1016/j.media.2020.101687,2020,Image reconstruction with low-rankness and self-consistency of k-space data in parallel MRI.,Medical image analysis,exclude,fulltext_screening,,wrong_outcome: Parallel-imaging reconstruction method (STDLR-SPIRiT) evaluated by artifact suppression/error; no safety/fidelity-evaluation contribution.,,,FALSE,"{""Dat Mai_fulltext"": ""exclude""}","[""an image reconstruction approach named STDLR-SPIRiT""]",2020 - Image reconstruction with low-rankness and self-consistency of k-space data in parallel MRI. - PMID 32294605.md,,0.75,medium,{},1,"{""exclude"": 1}"
2026-07-27T12:23:32.158013+00:00,31812715,10.1016/j.neuroimage.2019.116434,2020,"Impact of prospective motion correction, distortion correction methods and large vein bias on the spatial accuracy of cortical laminar fMRI at 9.4 Tesla.",NeuroImage,exclude,fulltext_screening,,"out_of_scope: Evaluates correction methods and vein bias on laminar-fMRI spatial accuracy for neuroscience, not diagnostic reconstruction safety/fidelity.",,,FALSE,"{""Dat Mai_fulltext"": ""exclude""}","[""Impact of prospective motion correction, distortion correction methods and large vein bias on the spatial accuracy""]","2020 - Impact of prospective motion correction, distortion correction methods and large vein bias on the spatial accuracy of co - PMID 31812715.md",,0.7,medium,{},1,"{""exclude"": 1}"
2026-07-27T12:23:32.158013+00:00,31789440,10.1002/mrm.28090,2020,Improved MUSSELS reconstruction for high-resolution multi-shot diffusion weighted imaging.,Magnetic resonance in medicine,exclude,fulltext_screening,,"wrong_outcome: Computationally efficient MUSSELS reconstruction for multi-shot DWI; contribution is speed/quality, not safety/fidelity evaluation.",,,FALSE,"{""Dat Mai_fulltext"": ""exclude""}","[""an efficient implementation, termed IRLS MUSSELS, that enables faster reconstruction""]",2020 - Improved MUSSELS reconstruction for high-resolution multi-shot diffusion weighted imaging. - PMID 31789440.md,,0.75,medium,{},1,"{""exclude"": 1}"
2026-07-27T12:23:32.158013+00:00,32408291,10.1088/1361-6560/ab9356,2020,Investigating the challenges and generalizability of deep learning brain conductivity mapping.,Physics in medicine and biology,include,fulltext_Thu_adjudication,"The scraped full text is only a repository cover page, so assessment rests on the abstract and MeSH terms, which are unambiguous: the paper's stated purpose is to interrogate the failure modes of a deep-learning MR reconstruction (DL-EPT), ...",,,,FALSE,"{""Dat Mai_fulltext"": ""flagged"", ""Thu_adjudicator"": ""include""}","[""when this network is used for in-vivo reconstructions, measurement related artifacts affect the quality of conductivity maps"", ""Networks trained on realistic simulations yield reconstruction artifacts when applied to in-vivo data""]",2020 - Investigating the challenges and generalizability of deep learning brain conductivity mapping. - PMID 32408291.md,,0.6,low,"{""Thu_adjudicator"": ""include""}",1,"{""flagged"": 1}"
2026-07-27T12:23:32.158013+00:00,32444649,10.1038/s41598-020-65235-2,2020,Limited-View and Sparse Photoacoustic Tomography for Neuroimaging with Deep Learning.,Scientific reports,exclude,fulltext_screening,,"wrong_intervention_or_index: Photoacoustic tomography reconstruction, not MRI.",,,FALSE,"{""Dat Mai_fulltext"": ""exclude""}","[""improved image reconstruction quality for limited-view and sparse PAT""]",2020 - Limited-View and Sparse Photoacoustic Tomography for Neuroimaging with Deep Learning. - PMID 32444649.md,,0.9,high,{},1,"{""exclude"": 1}"
2026-07-27T12:23:32.158013+00:00,,10.1109/access.2020.2992204,2020,MRI Restoration Using Edge-Guided Adversarial Learning,IEEE Access,exclude,fulltext_screening,,wrong_outcome: GAN inpainting/restoration of brain MRI evaluated by PSNR/SSIM only; no safety/fidelity-evaluation contribution despite hallucination-prone task.,,,FALSE,"{""Dat Mai_fulltext"": ""exclude""}","[""proposed an edge-guided generative adversarial network to restore brain MRI images""]",2020 - MRI Restoration Using Edge-Guided Adversarial Learning - IEEEXPLORE 9086007.md,,0.66,medium,{},1,"{""exclude"": 1}"
2026-07-27T12:23:32.158013+00:00,,10.1109/isbi45749.2020.9098418,2020,Multi-Echo Recovery with Field Inhomogeneity Compensation Using Structured Low-Rank Matrix Completion,2020 IEEE 17th International Symposium on Biomedical Imaging (ISBI),exclude,fulltext_screening,,"wrong_outcome: Structured low-rank reconstruction to recover distortion-free multi-echo EPI; method development, not safety/fidelity evaluation.",,,FALSE,"{""Dat Mai_fulltext"": ""exclude""}","[""a structured low-rank reconstruction algorithm to ... recover distortion-free images""]",2020 - Multi-Echo Recovery with Field Inhomogeneity Compensation Using Structured Low-Rank Matrix Completion - IEEEXPLORE 9098418.md,,0.75,medium,{},1,"{""exclude"": 1}"
2026-07-27T12:23:32.158013+00:00,32877415,10.1371/journal.pone.0237856,2020,"Multiple reader comparison of 2D TOF, 3D TOF, and CEMRA in screening of the carotid bifurcations: Time to reconsider routine contrast use?",PloS one,exclude,fulltext_screening,,out_of_scope: Clinical multireader comparison of MRA acquisition sequences for carotid stenosis and contrast use; not reconstruction safety/fidelity evaluation.,,,FALSE,"{""Dat Mai_fulltext"": ""exclude""}","[""compares 2D TOF and 3D TOF MRA vs. CE-MRA in defining carotid stenosis""]","2020 - Multiple reader comparison of 2D TOF, 3D TOF, and CEMRA in screening of the carotid bifurcations Time to reconsider rout - PMID 32877415.md",,0.8,medium,{},1,"{""exclude"": 1}"
2026-07-27T12:23:32.158013+00:00,32835848,10.1016/j.mri.2020.08.006,2020,Optimization of hyperparameters for SMS reconstruction.,Magnetic resonance imaging,exclude,fulltext_screening,,wrong_outcome: Optimizes SMS reconstruction hyperparameters assessing image quality/fidelity via correlation to reference; parameter-tuning study without a safety-evaluation contribution.,,,FALSE,"{""Dat Mai_fulltext"": ""exclude""}","[""finding an optimal set of reconstruction parameters is critical to ensure that accelerated acquisition does not significantly degrade ... image quality""]",2020 - Optimization of hyperparameters for SMS reconstruction. - PMID 32835848.md,,0.62,low,{},1,"{""exclude"": 1}"
2026-07-27T12:23:32.158013+00:00,31722599,10.1177/0271678x19888123,2020,Predicting 15O-Water PET cerebral blood flow maps from multi-contrast MRI using a deep convolutional neural network with evaluation of training cohort bias.,Journal of cerebral blood flow and metabolism,exclude,fulltext_Thu_adjudication,,"wrong_intervention_or_index: Full text matches the title; the index method is cross-modality image synthesis (predicting PET CBF maps from ASL/structural MRI), not reconstruction of an MR image from acquired MR data, and although training-c ...",,,FALSE,"{""Dat Mai_fulltext"": ""flagged"", ""Thu_adjudicator"": ""exclude""}","[""a deep convolutional neural network (dCNN) was trained to combine single- and multi-delay arterial spin labeling (ASL) and structural images to predict gold-standard 15O-water PET CBF images"", ""Fidelity to the PET CBF images and the effec ...",2020 - Predicting 15O-Water PET cerebral blood flow maps from multi-contrast MRI using a deep convolutional neural network with - PMID 31722599.md,,0.58,low,"{""Thu_adjudicator"": ""exclude""}",1,"{""flagged"": 1}"
2026-07-27T12:23:32.158013+00:00,31468595,10.1002/mrm.27976,2020,Quantitative susceptibility map reconstruction using annihilating filter-based low-rank Hankel matrix approach.,Magnetic resonance in medicine,exclude,fulltext_screening,,"wrong_outcome: QSM reconstruction method reducing streaking artifacts; method development, not safety/fidelity evaluation.",,,FALSE,"{""Dat Mai_fulltext"": ""exclude""}","[""a novel and accurate QSM reconstruction method based on k-space low-rank Hankel matrix constraint""]",2020 - Quantitative susceptibility map reconstruction using annihilating filter-based low-rank Hankel matrix approach. - PMID 31468595.md,,0.75,medium,{},1,"{""exclude"": 1}"
2026-07-27T12:23:32.158013+00:00,32882379,10.1016/j.neuroimage.2020.117327,2020,Rapid golden-angle diffusion-weighted propeller MRI for simultaneous assessment of ADC and IVIM.,NeuroImage,exclude,fulltext_screening,,"wrong_outcome: New accelerated distortion-free DWI acquisition with sparse reconstruction, evaluated by image quality/error vs ground truth; no safety-evaluation contribution.",,,FALSE,"{""Dat Mai_fulltext"": ""exclude""}","[""GA-SS-PROP achieved superior image fidelity compared to SS-EPI""]",2020 - Rapid golden-angle diffusion-weighted propeller MRI for simultaneous assessment of ADC and IVIM. - PMID 32882379.md,,0.7,medium,{},1,"{""exclude"": 1}"
2026-07-27T12:23:32.158013+00:00,31463976,10.1002/mrm.27957,2020,Rapid measurement and correction of spatiotemporal B0 field changes using FID navigators and a multi-channel reference image.,Magnetic resonance in medicine,exclude,fulltext_screening,,"wrong_outcome: FID-navigator B0-field correction method reducing artifacts; method development, not safety/fidelity evaluation.",,,FALSE,"{""Dat Mai_fulltext"": ""exclude""}","[""retrospectively correcting high-resolution T2*-weighted images using a novel FIDnav framework""]",2020 - Rapid measurement and correction of spatiotemporal B0 field changes using FID navigators and a multi-channel reference i - PMID 31463976.md,,0.75,medium,{},1,"{""exclude"": 1}"
2026-07-27T12:23:32.158013+00:00,33300551,10.1093/brain/awaa334,2020,Recalibrating the epigenetic clock: implications for assessing biological age in the human cortex.,Brain,exclude,fulltext_screening,,out_of_scope: DNA-methylation epigenetic clock for cortical biological age; not imaging or MRI reconstruction.,,,FALSE,"{""Dat Mai_fulltext"": ""exclude""}","[""a novel epigenetic clock that performs optimally in human cortex tissue""]",2020 - Recalibrating the epigenetic clock implications for assessing biological age in the human cortex. - PMID 33300551.md,,0.93,high,{},1,"{""exclude"": 1}"
2026-07-27T12:23:32.158013+00:00,32325210,10.1016/j.neuroimage.2020.116866,2020,Removal of high frequency contamination from motion estimates in single-band fMRI saves data without biasing functional connectivity.,NeuroImage,exclude,fulltext_screening,,out_of_scope: fMRI motion-parameter filtering to reduce connectivity bias; not reconstruction safety/fidelity.,,,FALSE,"{""Dat Mai_fulltext"": ""exclude""}","[""a low-pass filtering approach to remove the contamination of high frequency effects from motion summary measures""]",2020 - Removal of high frequency contamination from motion estimates in single-band fMRI saves data without biasing functional - PMID 32325210.md,,0.82,medium,{},1,"{""exclude"": 1}"
2026-07-27T12:23:32.158013+00:00,32931943,10.1016/j.neuroimage.2020.117371,2020,Rotated spiral RARE for high spatial and temporal resolution volumetric arterial spin labeling acquisition.,NeuroImage,exclude,fulltext_screening,,"wrong_outcome: Accelerated ASL acquisition with compressed-sensing reconstruction; method development evaluated by image quality, no safety-evaluation contribution.",,,FALSE,"{""Dat Mai_fulltext"": ""exclude""}","[""accelerate a common stack of spirals 3D image acquisition by pseudo golden-angle rotation and compressed sensing reconstruction""]",2020 - Rotated spiral RARE for high spatial and temporal resolution volumetric arterial spin labeling acquisition. - PMID 32931943.md,,0.75,medium,{},1,"{""exclude"": 1}"
2026-07-27T12:23:32.158013+00:00,31737961,10.1002/jmri.26998,2020,Scan-Rescan Repeatability and Impact of B0 and B1 Field Nonuniformity Corrections in Single-Point Whole-Brain Macromolecular Proton Fraction Mapping.,Journal of magnetic resonance imaging,exclude,fulltext_screening,,"wrong_outcome: Assesses scan-rescan repeatability and field-correction impact for quantitative macromolecular proton fraction mapping; quantitative-map reproducibility, not reconstruction failure-mode/diagnostic safety evaluation.",,,FALSE,"{""Dat Mai_fulltext"": ""exclude""}","[""assess scan-rescan repeatability and a value of B0 and B1 field inhomogeneity corrections""]",2020 - Scan-Rescan Repeatability and Impact of B0 and B1 Field Nonuniformity Corrections in Single-Point Whole-Brain Macromolec - PMID 31737961.md,,0.62,low,{},1,"{""exclude"": 1}"
2026-07-27T12:23:32.158013+00:00,32149683,10.1109/tmi.2020.2978405,2020,Self-Navigated Three-Dimensional Ultrashort Echo Time Technique for Motion-Corrected Skull MRI.,IEEE transactions on medical imaging,exclude,fulltext_screening,,"wrong_outcome: Self-navigated UTE acquisition/motion-correction reconstruction for skull MRI; method development, not safety/fidelity evaluation.",,,FALSE,"{""Dat Mai_fulltext"": ""exclude""}","[""a retrospective motion correction scheme for motion-resistant skull MRI""]",2020 - Self-Navigated Three-Dimensional Ultrashort Echo Time Technique for Motion-Corrected Skull MRI. - PMID 32149683.md,,0.75,medium,{},1,"{""exclude"": 1}"
2026-07-27T12:23:32.158013+00:00,32374453,10.1111/jon.12708,2020,Simultaneous Motion and Distortion Correction Using Dual-Echo Diffusion-Weighted MRI.,Journal of neuroimaging,exclude,fulltext_screening,,"wrong_outcome: Dual-echo motion/distortion correction method for DWI evaluated against ground-truth motion; method development, not safety-evaluation contribution.",,,FALSE,"{""Dat Mai_fulltext"": ""exclude""}","[""motion-compensated, geometric distortion compensated diffusion-weighted MRI""]",2020 - Simultaneous Motion and Distortion Correction Using Dual-Echo Diffusion-Weighted MRI. - PMID 32374453.md,,0.72,medium,{},1,"{""exclude"": 1}"
2026-07-27T12:23:32.158013+00:00,,10.1007/978-3-030-59713-9_72,2020,Spatial-Intensity Transform GANs for High Fidelity Medical Image-to-Image Translation,Medical Image Computing and Computer Assisted Intervention – MICCAI 2020,exclude,fulltext_screening,,"wrong_intervention_or_index: Conditional GAN for MRI image-to-image translation/synthesis conditioned on age/severity; a generation method claiming fidelity/robustness, not a reconstruction-safety evaluation.",,,FALSE,"{""Dat Mai_fulltext"": ""exclude""}","[""conditional generative adversarial networks that achieves high image fidelity when trained to transform MRIs""]",2020 - Spatial-Intensity Transform GANs for High Fidelity Medical Image-to-Image Translation - SPRINGER 10.1007_978-3-030-59713-9_72.md,,0.6,low,{},1,"{""exclude"": 1}"
2026-07-27T12:23:32.158013+00:00,32029467,10.3174/ajnr.a6409,2020,Spiral T1 Spin-Echo for Routine Postcontrast Brain MRI Exams: A Multicenter Multireader Clinical Evaluation.,AJNR. American journal of neuroradiology,exclude,fulltext_Thu_adjudication,,"wrong_intervention_or_index: Full text matches the title; this is a nine-reader comparison of two non-AI acquisition trajectories (spiral versus Cartesian T1 spin-echo) matched for scan time, scored on routine image-quality and artifact Lik ...",,,FALSE,"{""Dat Mai_fulltext"": ""flagged"", ""Thu_adjudicator"": ""exclude""}","[""compare spiral with standard-of-care Cartesian postcontrast structural brain MR imaging on the basis of relative performance in 10 metrics of image quality, artifact prevalence, and diagnostic benefit"", ""Nine neuroradiologists independent ...",2020 - Spiral T1 Spin-Echo for Routine Postcontrast Brain MRI Exams A Multicenter Multireader Clinical Evaluation. - PMID 32029467.md,,0.55,low,"{""Thu_adjudicator"": ""exclude""}",1,"{""flagged"": 1}"
2026-07-27T12:23:32.158013+00:00,32299803,10.3174/ajnr.a6533,2020,Synthetic MRI of Preterm Infants at Term-Equivalent Age: Evaluation of Diagnostic Image Quality and Automated Brain Volume Segmentation.,AJNR. American journal of neuroradiology,include,fulltext_screening,"Evaluates diagnostic image quality, artifacts, and lesion conspicuity of synthetic (reconstructed) brain MRI versus conventional with reader assessment and segmentation validation, directly assessing fidelity/diagnostic-safety of a reconstr ...",,,,FALSE,"{""Dat Mai_fulltext"": ""include""}","[""Overall image quality and artifacts of the conventional and synthetic images were rated""]",2020 - Synthetic MRI of Preterm Infants at Term-Equivalent Age Evaluation of Diagnostic Image Quality and Automated Brain Volum - PMID 32299803.md,,0.6,low,{},1,"{""include"": 1}"
2026-07-27T12:23:32.158013+00:00,32866666,10.1016/j.neuroimage.2020.117303,2020,The developing Human Connectome Project (dHCP) automated resting-state functional processing framework for newborn infants.,NeuroImage,exclude,fulltext_screening,,"out_of_scope: Describes an fMRI pre-processing/QC pipeline for neonatal resting-state data, not an evaluation of MRI reconstruction safety or fidelity.",,,FALSE,"{""Dat Mai_fulltext"": ""exclude""}","[""automated and robust pipeline to minimally pre-process highly confounded neonatal resting-state fMRI data""]",2020 - The developing Human Connectome Project (dHCP) automated resting-state functional processing framework for newborn infan - PMID 32866666.md,,0.6,low,{},1,"{""exclude"": 1}"
2026-07-27T12:23:32.158013+00:00,33007638,10.1016/j.media.2020.101714,2020,The reliability of a deep learning model in clinical out-of-distribution MRI data: A multicohort study.,Medical image analysis,exclude,fulltext_screening,,"wrong_intervention_or_index: Evaluates generalization of a DL classifier for atrophy rating, not reconstruction of brain MRI or its safety/fidelity.",,,FALSE,"{""Dat Mai_fulltext"": ""exclude""}","[""how well a DL model performs in unseen clinical datasets""]",2020 - The reliability of a deep learning model in clinical out-of-distribution MRI data A multicohort study. - PMID 33007638.md,,0.7,medium,{},1,"{""exclude"": 1}"
2026-07-27T12:23:32.158013+00:00,30809667,10.1093/schbul/sby189,2020,Using Machine Learning and Structural Neuroimaging to Detect First Episode Psychosis: Reconsidering the Evidence.,Schizophrenia bulletin,exclude,fulltext_screening,,wrong_intervention_or_index: ML diagnostic classification of psychosis from structural neuroimaging; not about reconstruction or its safety.,,,FALSE,"{""Dat Mai_fulltext"": ""exclude""}","[""machine learning (ML) and neuroimaging to detect psychosis at the individual level""]",2020 - Using Machine Learning and Structural Neuroimaging to Detect First Episode Psychosis Reconsidering the Evidence. - PMID 30809667.md,,0.75,medium,{},1,"{""exclude"": 1}"
2026-07-27T12:23:32.158013+00:00,32385888,10.1002/mrm.28298,2020,"Whole brain snapshot CEST at 3T using 3D-EPI: Aiming for speed, volume, and homogeneity.",Magnetic resonance in medicine,exclude,fulltext_screening,,out_of_scope: Develops a CEST acquisition sequence with standard post-processing; not a reconstruction-safety/fidelity evaluation methodology.,,,FALSE,"{""Dat Mai_fulltext"": ""exclude""}","[""fast and robust whole-brain CEST MRI""]","2020 - Whole brain snapshot CEST at 3T using 3D-EPI Aiming for speed, volume, and homogeneity. - PMID 32385888.md",,0.65,low,{},1,"{""exclude"": 1}"
2026-07-27T12:23:32.158013+00:00,31752583,10.1080/14767058.2019.1686477,2021,3D evaluation of fetal brain structures: reference values and growth curves.,J Matern Fetal Neonatal Med,exclude,fulltext_screening,,"wrong_intervention_or_index: Uses 3D ultrasound (VOCAL/TUI), not MRI, to derive fetal brain volume reference curves.",,,FALSE,"{""Dat Mai_fulltext"": ""exclude""}","[""3 D ultrasound has become one of the major research tools""]",2021 - 3D evaluation of fetal brain structures reference values and growth curves. - PMID 31752583.md,,0.85,high,{},1,"{""exclude"": 1}"
2026-07-27T12:23:32.158013+00:00,34186431,10.1016/j.media.2021.102132,2021,A Generalized Linear modeling approach to bootstrapping multi-frame PET image data.,Medical image analysis,exclude,fulltext_screening,,"out_of_scope: Uncertainty bootstrapping for PET image data, not brain MRI reconstruction or its safety.",,,FALSE,"{""Dat Mai_fulltext"": ""exclude""}","[""bootstrapping multi-frame PET image data""]",2021 - A Generalized Linear modeling approach to bootstrapping multi-frame PET image data. - PMID 34186431.md,,0.7,medium,{},1,"{""exclude"": 1}"
2026-07-27T12:23:32.158013+00:00,33210749,10.1002/hbm.25280,2021,A method to mitigate spatio-temporally varying task-correlated motion artifacts from overt-speech fMRI paradigms in aphasia.,Human brain mapping,exclude,fulltext_screening,,out_of_scope: ICA-based denoising of task-correlated motion in fMRI activation maps; not image reconstruction safety/fidelity.,,,FALSE,"{""Dat Mai_fulltext"": ""exclude""}","[""ICA-based approach to denoise spatio-temporally varying TCM artifacts""]",2021 - A method to mitigate spatio-temporally varying task-correlated motion artifacts from overt-speech fMRI paradigms in apha - PMID 33210749.md,,0.6,low,{},1,"{""exclude"": 1}"
2026-07-27T12:23:32.158013+00:00,33592248,10.1016/j.mri.2021.02.002,2021,APIR4EMC: Autocalibrated parallel imaging reconstruction for extended multi-contrast imaging.,Magnetic resonance imaging,include,fulltext_screening,"Brain MRI parallel-imaging reconstruction evaluated for artifacts/noise/RMSE against fully-sampled reference, a reconstruction-fidelity assessment.",,,,FALSE,"{""Dat Mai_fulltext"": ""include""}","[""APIR4EMC reduced artifacts and improved SNR"", ""Root mean square error (RMSE) to fully sampled reference images""]",2021 - APIR4EMC Autocalibrated parallel imaging reconstruction for extended multi-contrast imaging. - PMID 33592248.md,,0.55,low,{},1,"{""include"": 1}"
2026-07-27T12:23:32.158013+00:00,33858820,10.3174/ajnr.A7091,2021,Acceleration of Brain TOF-MRA with Compressed Sensitivity Encoding: A Multicenter Clinical Study.,AJNR Am J Neuroradiol,include,fulltext_screening,Evaluates how accelerated (compressed-sensing) brain MRA reconstruction degrades image fidelity and diagnostic reliability using SSIM and radiologist scoring versus a reference.,,,,FALSE,"{""Dat Mai_fulltext"": ""include""}","[""structural similarity consistently decreased as the compressed sensitivity encoding acceleration factor increased"", ""diagnostic confidence for aneurysm and stenosis""]",2021 - Acceleration of Brain TOF-MRA with Compressed Sensitivity Encoding A Multicenter Clinical Study. - PMID 33858820.md,,0.6,low,{},1,"{""include"": 1}"
2026-07-27T12:23:32.158013+00:00,34891273,10.1109/EMBC46164.2021.9629641,2021,Artefact subspace reconstruction for both EEG and fNIRS co-registred signals.,IEEE EMBC,exclude,fulltext_screening,,"out_of_scope: Signal-domain artifact removal for EEG/fNIRS, not MRI image reconstruction.",,,FALSE,"{""Dat Mai_fulltext"": ""exclude""}","[""denoise both the EEG and fNIRS signals""]",2021 - Artefact subspace reconstruction for both EEG and fNIRS co-registred signals. - PMID 34891273.md,,0.85,high,{},1,"{""exclude"": 1}"
2026-07-27T12:23:32.158013+00:00,34911199,10.1016/j.nicl.2021.102896,2021,Assessing the utility of low resolution brain imaging: treatment of infant hydrocephalus.,NeuroImage. Clinical,include,fulltext_screening,"Directly evaluates whether deep-learning image enhancement introduces structural (hallucinated) errors that mislead clinical interpretation, using expert review against ground truth.",,,,FALSE,"{""Dat Mai_fulltext"": ""include""}","[""deep learning enhancement introduces structural errors which create a substantial risk of misleading clinical interpretation""]",2021 - Assessing the utility of low resolution brain imaging treatment of infant hydrocephalus. - PMID 34911199.md,,0.6,low,{},1,"{""include"": 1}"
2026-07-27T12:23:32.158013+00:00,34014008,10.1002/mrm.28823,2021,Asymmetric susceptibility tensor imaging.,Magnetic resonance in medicine,exclude,fulltext_screening,,"wrong_population: Reconstruction method validated only on postmortem mouse brain/kidney samples, not human brain.",,,FALSE,"{""Dat Mai_fulltext"": ""exclude""}","[""postmortem mouse brain and kidney samples""]",2021 - Asymmetric susceptibility tensor imaging. - PMID 34014008.md,,0.75,medium,{},1,"{""exclude"": 1}"
2026-07-27T12:23:32.158013+00:00,33506384,10.1007/s12021-020-09504-5,2021,Automated Head Tissue Modelling Based on Structural Magnetic Resonance Images for Electroencephalographic Source Reconstruction.,Neuroinformatics,exclude,fulltext_screening,,out_of_scope: MRI-based head tissue segmentation for EEG source reconstruction; not MRI image reconstruction or its safety.,,,FALSE,"{""Dat Mai_fulltext"": ""exclude""}","[""head tissue modelling from structural magnetic resonance (MR) images""]",2021 - Automated Head Tissue Modelling Based on Structural Magnetic Resonance Images for Electroencephalographic Source Reconst - PMID 33506384.md,,0.7,medium,{},1,"{""exclude"": 1}"
2026-07-27T12:23:32.158013+00:00,33289858,10.1007/s10548-020-00813-1,2021,Brain Tissue Conductivity Measurements with MR-Electrical Properties Tomography: An In Vivo Study.,Brain topography,exclude,fulltext_Thu_adjudication,,wrong_outcome: Full text matches the title; the purpose is to establish reference in-vivo white- and grey-matter conductivity values with conventional (non-AI) Helmholtz MR-EPT in eight healthy volunteers. Boundary reconstruction errors are ...,,,FALSE,"{""Dat Mai_fulltext"": ""flagged"", ""Thu_adjudicator"": ""exclude""}","[""which are affected by typical MR-EPT reconstruction errors"", ""To benchmark the accuracy of in vivo conductivity reconstructions, the same pipeline was applied to simulated data, which allow knowledge of ground truth conductivity""]",2021 - Brain Tissue Conductivity Measurements with MR-Electrical Properties Tomography An In Vivo Study. - PMID 33289858.md,,0.6,low,"{""Thu_adjudicator"": ""exclude""}",1,"{""flagged"": 1}"
2026-07-27T12:23:32.158013+00:00,33810289,10.3390/s21072314,2021,Correcting Susceptibility Artifacts of MRI Sensors in Brain Scanning: A 3D Anatomy-Guided Deep Learning Approach.,Sensors (Basel),include,fulltext_screening,"Deep-learning correction of susceptibility-induced geometric distortion in brain EPI, addressing a named failure mode with quantitative accuracy evaluation against baselines.",,,,FALSE,"{""Dat Mai_fulltext"": ""include""}","[""susceptibility artifacts, which cause misinterpretations of brain functions, are unavoidable distortions in EPI""]",2021 - Correcting Susceptibility Artifacts of MRI Sensors in Brain Scanning A 3D Anatomy-Guided Deep Learning Approach. - PMID 33810289.md,,0.55,low,{},1,"{""include"": 1}"
2026-07-27T12:23:32.158013+00:00,33897991,10.1155/2021/5594649,2021,DL-MRI: A Unified Framework of Deep Learning-Based MRI Super Resolution.,Journal of healthcare engineering,exclude,fulltext_Thu_adjudication,,"wrong_outcome: Full text matches the title; the contribution is a benchmark harness and dataset for five off-the-shelf deep super-resolution networks applied to MRI (skull, knee, breast, head and neck), scored purely on reconstruction-quali ...",,,FALSE,"{""Dat Mai_fulltext"": ""flagged"", ""Thu_adjudicator"": ""exclude""}","[""provides a standard dataset and experimental benchmark for the application of deep learning super resolution in MR images"", ""has a more stable and excellent image reconstruction effect""]",2021 - DL-MRI A Unified Framework of Deep Learning-Based MRI Super Resolution. - PMID 33897991.md,,0.75,medium,"{""Thu_adjudicator"": ""exclude""}",1,"{""flagged"": 1}"
2026-07-27T12:23:32.158013+00:00,34824098,10.3174/ajnr.A7358,2021,"Deep Learning Enables 60% Accelerated Volumetric Brain MRI While Preserving Quantitative Performance: A Prospective, Multicenter, Multireader Trial.",AJNR Am J Neuroradiol,include,fulltext_screening,"Prospective multireader evaluation of whether DL-accelerated brain MRI reconstruction preserves image quality, quantitative biomarkers, and clinical classification versus standard of care.",,,,FALSE,"{""Dat Mai_fulltext"": ""include""}","[""maintaining high volumetric quantification accuracy, consistent clinical classification"", ""rated for apparent SNR, image sharpness, artifacts, anatomic/lesion conspicuity""]","2021 - Deep Learning Enables 60% Accelerated Volumetric Brain MRI While Preserving Quantitative Performance A Prospective, Mult - PMID 34824098.md",,0.7,medium,{},1,"{""include"": 1}"
2026-07-27T12:23:32.158013+00:00,32963184,10.2463/mrms.tn.2020-0061,2021,Deep Learning-based Noise Reduction for Fast Volume Diffusion Tensor Imaging: Assessing the Noise Reduction Effect and Reliability of Diffusion Metrics.,Magn Reson Med Sci,include,fulltext_screening,Evaluates a DL-based reconstruction/denoising of brain DTI for noise reduction and its effect on reliability of quantitative diffusion metrics.,,,,FALSE,"{""Dat Mai_fulltext"": ""include""}","[""noise reduction effects and the reliability of diffusion metrics were evaluated""]",2021 - Deep Learning-based Noise Reduction for Fast Volume Diffusion Tensor Imaging Assessing the Noise Reduction Effect and Re - PMID 32963184.md,,0.55,low,{},1,"{""include"": 1}"
2026-07-27T12:23:32.158013+00:00,34419611,10.1016/j.mri.2021.08.005,2021,Deep artifact suppression for spiral real-time phase contrast cardiac magnetic resonance imaging in congenital heart disease.,Magnetic resonance imaging,exclude,fulltext_screening,,wrong_population: Deep-learning artifact suppression for cardiac (not brain) MRI flow imaging.,,,FALSE,"{""Dat Mai_fulltext"": ""exclude""}","[""spiral real-time phase contrast cardiac magnetic resonance imaging""]",2021 - Deep artifact suppression for spiral real-time phase contrast cardiac magnetic resonance imaging in congenital heart dis - PMID 34419611.md,,0.8,medium,{},1,"{""exclude"": 1}"
2026-07-27T12:23:32.158013+00:00,,10.1038/s41598-020-80930-w,2021,Deep learning-Based 3D inpainting of brain MR images,Scientific Reports,include,fulltext_screening,"Generative DL reconstruction (inpainting) of 3D brain MRI evaluated for anatomical fidelity and preservation of diagnostic morphological features, addressing fabrication risk.",,,,FALSE,"{""Dat Mai_fulltext"": ""include""}","[""morphological analyzes were performed to investigate whether the inpainted data produced local features similar to the original 3D data""]",2021 - Deep learning-Based 3D inpainting of brain MR images - SPRINGER 10.1038_s41598-020-80930-w.md,,0.6,low,{},1,"{""include"": 1}"
2026-07-27T12:23:32.158013+00:00,34455242,10.1016/j.neuroimage.2021.118482,2021,Deep learning-based parameter estimation in fetal diffusion-weighted MRI.,NeuroImage,include,fulltext_screening,"DL reconstruction/parameter estimation of fetal brain DWI evaluated for reconstruction accuracy, precision, and expert-assessed reconstruction quality.",,,,FALSE,"{""Dat Mai_fulltext"": ""include""}","[""evaluated the trained CNN on independent sets of fetal data in terms of reconstruction accuracy, precision, and expert assessment of reconstruction quality""]",2021 - Deep learning-based parameter estimation in fetal diffusion-weighted MRI. - PMID 34455242.md,,0.5,low,{},1,"{""include"": 1}"
2026-07-27T12:23:32.158013+00:00,34011789,10.6009/jjrt.2021_JSRT_77.5.463,2021,[Development of Motion Artifact Generator for Deep Learning in Brain MRI].,Nihon Hoshasen Gijutsu Gakkai zasshi,exclude,fulltext_Thu_adjudication,,"non_english: The retrieved full text is written in Japanese (only the summary is in English), so the record fails the language criterion; secondarily, the work is a k-space motion-artifact simulator built to generate deep-learning training ...",,,FALSE,"{""Dat Mai_fulltext"": ""flagged"", ""Thu_adjudicator"": ""exclude""}","[""The average SSIM and PSNR for the simulation images were 0.95 and 31.5, respectively"", ""Our simulation method enables us to create a large number of artifact images in a short time""]",2021 - Development of Motion Artifact Generator for Deep Learning in Brain MRI . - PMID 34011789.md,,0.7,medium,"{""Thu_adjudicator"": ""exclude""}",1,"{""flagged"": 1}"
2026-07-27T12:23:32.158013+00:00,,10.1038/s41377-021-00587-6,2021,DiLFM: an artifact-suppressed and noise-robust light-field microscopy through dictionary learning,Light: Science & Applications,exclude,fulltext_screening,,out_of_scope: Light-field microscopy reconstruction in Drosophila/zebrafish; not MRI and not human brain.,,,FALSE,"{""Dat Mai_fulltext"": ""exclude""}","[""light-field microscopy (LFM)"", ""Drosophila embryos and brains""]",2021 - DiLFM an artifact-suppressed and noise-robust light-field microscopy through dictionary learning - SPRINGER 10.1038_s41377-021-00587-6.md,,0.9,high,{},1,"{""exclude"": 1}"
2026-07-27T12:23:32.158013+00:00,33502667,10.1007/s10334-020-00906-9,2021,Effect of MRI acquisition acceleration via compressed sensing and parallel imaging on brain volumetry.,Magma,include,fulltext_screening,"Evaluates how accelerated (compressed-SENSE) brain MRI reconstruction systematically biases quantitative volumetry versus a reference, a reconstruction-reliability assessment.",,,,FALSE,"{""Dat Mai_fulltext"": ""include""}","[""CS-acceleration has a systematic biasing effect on volumetric brain measurements""]",2021 - Effect of MRI acquisition acceleration via compressed sensing and parallel imaging on brain volumetry. - PMID 33502667.md,,0.6,low,{},1,"{""include"": 1}"
2026-07-27T12:23:32.158013+00:00,33528884,10.1002/hbm.25332,2021,Evaluation of denoising strategies for task-based functional connectivity: Equalizing residual motion artifacts between rest and cognitively demanding tasks.,Human brain mapping,exclude,fulltext_screening,,out_of_scope: Compares fMRI connectivity denoising pipelines for motion confounds; not image reconstruction safety/fidelity.,,,FALSE,"{""Dat Mai_fulltext"": ""exclude""}","[""evaluated the ability of common denoising pipelines to minimize and balance residual motion-related artifacts""]",2021 - Evaluation of denoising strategies for task-based functional connectivity Equalizing residual motion artifacts between r - PMID 33528884.md,,0.65,low,{},1,"{""exclude"": 1}"
2026-07-27T12:23:32.158013+00:00,33951598,10.1016/j.media.2021.102079,2021,Imitation learning for improved 3D PET/MR attenuation correction.,Medical image analysis,exclude,fulltext_screening,,"wrong_intervention_or_index: Pseudo-CT synthesis for PET attenuation correction; primary index/outcome is PET reconstruction, not brain MRI reconstruction safety.",,,FALSE,"{""Dat Mai_fulltext"": ""exclude""}","[""μ-map for PET reconstruction in Positron Emission Tomography Magnetic Resonance Imaging""]",2021 - Imitation learning for improved 3D PET MR attenuation correction. - PMID 33951598.md,,0.6,low,{},1,"{""exclude"": 1}"
2026-07-27T12:23:32.158013+00:00,33468358,10.1016/j.ultrasmedbio.2020.12.025,2021,Improved Ultrasound Microvessel Imaging Using Deconvolution with Total Variation Regularization.,Ultrasound in medicine & biology,exclude,fulltext_screening,,"out_of_scope: Ultrasound (not MRI) microvessel deconvolution in animal models, despite addressing false/non-existent vessel artifacts.",,,FALSE,"{""Dat Mai_fulltext"": ""exclude""}","[""false microvessels appeared using the Tikhonov regularization"", ""chicken embryo brain""]",2021 - Improved Ultrasound Microvessel Imaging Using Deconvolution with Total Variation Regularization. - PMID 33468358.md,,0.85,high,{},1,"{""exclude"": 1}"
2026-07-27T12:23:32.158013+00:00,,10.1109/TMI.2020.3045295,2021,MAMA Net: Multi-Scale Attention Memory Autoencoder Network for Anomaly Detection,IEEE Transactions on Medical Imaging,exclude,fulltext_screening,,wrong_intervention_or_index: Autoencoder anomaly detection using reconstruction error as a classification signal (mostly COVID CT); not evaluation of brain MRI reconstruction safety.,,,FALSE,"{""Dat Mai_fulltext"": ""exclude""}","[""reconstruction error-based techniques"", ""anomaly detection""]",2021 - MAMA Net Multi-Scale Attention Memory Autoencoder Network for Anomaly Detection - WEBOFSCIENCE WOS_000626332400022.md,,0.65,low,{},1,"{""exclude"": 1}"
2026-07-27T12:23:32.158013+00:00,34364993,10.1016/j.neuroimage.2021.118455,2021,Magnetization transfer weighted EPI facilitates cortical depth determination in native fMRI space.,NeuroImage,exclude,fulltext_screening,,out_of_scope: Develops an MT-weighted EPI acquisition to obtain distortion-matched anatomical reference for laminar fMRI; not reconstruction-safety evaluation.,,,FALSE,"{""Dat Mai_fulltext"": ""exclude""}","[""obviating the need for distortion correction and registration""]",2021 - Magnetization transfer weighted EPI facilitates cortical depth determination in native fMRI space. - PMID 34364993.md,,0.65,low,{},1,"{""exclude"": 1}"
2026-07-27T12:23:32.158013+00:00,33768617,10.1002/mrm.28777,2021,Motion-compensated 3D turbo spin-echo for more robust MR intracranial vessel wall imaging.,Magnetic resonance in medicine,exclude,fulltext_screening,,wrong_intervention_or_index: Develops an acquisition-side motion-compensation sequence (navigator/self-gating) for intracranial MRI; not a reconstruction-safety/fidelity evaluation methodology.,,,FALSE,"{""Dat Mai_fulltext"": ""exclude""}","[""novel motion-compensation approach combining volumetric navigator (vNav) and self-gating""]",2021 - Motion-compensated 3D turbo spin-echo for more robust MR intracranial vessel wall imaging. - PMID 33768617.md,,0.55,low,{},1,"{""exclude"": 1}"
2026-07-27T12:23:32.158013+00:00,32681446,10.1007/s00259-020-04956-y,2021,Myocardial creep-induced misalignment artifacts in PET/MR myocardial perfusion imaging.,Eur J Nucl Med Mol Imaging,exclude,fulltext_screening,,wrong_population: Cardiac PET/MR attenuation-correction misalignment artifacts; not brain MRI reconstruction.,,,FALSE,"{""Dat Mai_fulltext"": ""exclude""}","[""myocardial perfusion imaging"", ""misalignment of MRAC and PET datasets""]",2021 - Myocardial creep-induced misalignment artifacts in PET MR myocardial perfusion imaging. - PMID 32681446.md,,0.85,high,{},1,"{""exclude"": 1}"
2026-07-27T12:23:32.158013+00:00,,10.1186/s40708-021-00138-0,2021,Near-channel classifier: symbiotic communication and classification in high-dimensional space,Brain Informatics,exclude,fulltext_screening,,out_of_scope: Hyperdimensional computing for wireless communication and EMG gesture classification; unrelated to brain MRI reconstruction.,,,FALSE,"{""Dat Mai_fulltext"": ""exclude""}","[""wearable hand gesture recognition with 5 classes from 64 EMG sensors""]",2021 - Near-channel classifier symbiotic communication and classification in high-dimensional space - SPRINGER 10.1186_s40708-021-00138-0.md,,0.9,high,{},1,"{""exclude"": 1}"
2026-07-27T12:23:32.158013+00:00,34914746,10.1371/journal.pone.0261223,2021,Neural evidence for image quality perception based on algebraic topology.,PloS one,exclude,fulltext_screening,,out_of_scope: EEG-based neurophysiological assessment of perceived quality of JPEG/blur-distorted natural images; not brain MRI reconstruction.,,,FALSE,"{""Dat Mai_fulltext"": ""exclude""}","[""neurophysiological image quality assessment approach""]",2021 - Neural evidence for image quality perception based on algebraic topology. - PMID 34914746.md,,0.8,medium,{},1,"{""exclude"": 1}"
2026-07-27T12:23:32.158013+00:00,,10.1002/hbm.25657,2021,Nucleus accumbens projections: Validity and reliability of fiber reconstructions based on high-resolution diffusion-weighted MRI,Human Brain Mapping,exclude,fulltext_screening,,"out_of_scope: Assesses reliability of tractography fiber reconstructions for DBS targeting, not MRI image reconstruction safety/fidelity.",,,FALSE,"{""Dat Mai_fulltext"": ""exclude""}","[""Validity and reliability of fiber reconstructions""]",2021 - Nucleus accumbens projections Validity and reliability of fiber reconstructions based on high-resolution diffusion-weigh - SCOPUS 2-s2.0-85114954665.md,,0.6,low,{},1,"{""exclude"": 1}"
2026-07-27T12:23:32.158013+00:00,,10.1109/TMI.2020.3034038,2021,Parallel Transport Tractography,IEEE Transactions on Medical Imaging,exclude,fulltext_screening,,out_of_scope: A tractography (tract reconstruction) algorithm and its reliability; not MRI image reconstruction safety/fidelity.,,,FALSE,"{""Dat Mai_fulltext"": ""exclude""}","[""reliability of tractography and point out the need for improved algorithms""]",2021 - Parallel Transport Tractography - IEEEXPLORE 9239977.md,,0.6,low,{},1,"{""exclude"": 1}"
2026-07-27T12:23:32.158013+00:00,33730626,10.1016/j.parkreldis.2021.02.026,2021,Predicting Parkinson's disease trajectory using clinical and neuroimaging baseline measures.,Parkinsonism & related disorders,exclude,fulltext_screening,,wrong_intervention_or_index: ML prognostic prediction from fMRI-derived measures; not reconstruction or its safety/fidelity.,,,FALSE,"{""Dat Mai_fulltext"": ""exclude""}","[""train machine learning predictors of baseline clinical and future severity""]",2021 - Predicting Parkinson's disease trajectory using clinical and neuroimaging baseline measures. - PMID 33730626.md,,0.75,medium,{},1,"{""exclude"": 1}"
2026-07-27T12:23:32.158013+00:00,33665929,10.1002/mrm.28729,2021,Prospective motion detection and re-acquisition in diffusion MRI using a phase image-based method-Application to brain and tongue imaging.,Magnetic resonance in medicine,exclude,fulltext_screening,,wrong_intervention_or_index: Acquisition-side prospective motion detection and re-acquisition method; not a reconstruction-safety/fidelity evaluation methodology.,,,FALSE,"{""Dat Mai_fulltext"": ""exclude""}","[""prospective motion-correction technique in dMRI using a phase image-based real-time motion-detection method""]",2021 - Prospective motion detection and re-acquisition in diffusion MRI using a phase image-based method-Application to brain a - PMID 33665929.md,,0.5,low,{},1,"{""exclude"": 1}"
2026-07-27T12:23:32.158013+00:00,32783339,10.1002/mrm.28446,2021,RUN-UP: Accelerated multishot diffusion-weighted MRI reconstruction using an unrolled network with U-Net as priors.,Magnetic resonance in medicine,include,fulltext_screening,DL (unrolled network) accelerated brain DWI reconstruction evaluated for fidelity (PSNR/SSIM/NRMSE) versus reference and for aliasing-artifact reduction and generalization.,,,,FALSE,"{""Dat Mai_fulltext"": ""include""}","[""peak signal-to-noise ratio of 35.3 dB"", ""fine-tuning further reduces aliasing artifacts""]",2021 - RUN-UP Accelerated multishot diffusion-weighted MRI reconstruction using an unrolled network with U-Net as priors. - PMID 32783339.md,,0.6,low,{},1,"{""include"": 1}"
2026-07-27T12:23:32.158013+00:00,33594732,10.1002/mrm.28706,2021,Region-optimized virtual (ROVir) coils: Localization and/or suppression of spatial regions using sensor-domain beamforming.,Magnetic resonance in medicine,exclude,fulltext_screening,,wrong_intervention_or_index: Coil-beamforming/compression technique to suppress unwanted signal; not a reconstruction-safety/fidelity evaluation.,,,FALSE,"{""Dat Mai_fulltext"": ""exclude""}","[""beamforming to suppress signals from unwanted regions""]",2021 - Region-optimized virtual (ROVir) coils Localization and or suppression of spatial regions using sensor-domain beamformin - PMID 33594732.md,,0.65,low,{},1,"{""exclude"": 1}"
2026-07-27T12:23:32.158013+00:00,32996346,10.1177/1591019920961588,2021,Reliability and accuracy assessment of morphometric measurements obtained with software for three-dimensional reconstruction of brain aneurysms relative to cerebral angiography measures.,Interventional neuroradiology,exclude,fulltext_screening,,"wrong_intervention_or_index: Assesses agreement of aneurysm morphometry from CTA-based 3D reconstruction software versus angiography; CT modality and geometric measurement, not brain MRI reconstruction safety.",,,FALSE,"{""Dat Mai_fulltext"": ""exclude""}","[""three-dimensional reconstruction of brain aneurysms"", ""computed tomography angiography (CTA) as the source of images""]",2021 - Reliability and accuracy assessment of morphometric measurements obtained with software for three-dimensional reconstruc - PMID 32996346.md,,0.7,medium,{},1,"{""exclude"": 1}"
2026-07-27T12:23:32.158013+00:00,,10.1109/TMI.2021.3075856,2021,Results of the 2020 fastMRI Challenge for Machine Learning MR Image Reconstruction,IEEE Transactions on Medical Imaging,include,fulltext_screening,"Benchmark evaluation of ML brain MRI reconstruction with radiologist pathology-focused assessment, SSIM metrics, and explicit identification of common failure modes.",,,,FALSE,"{""Dat Mai_fulltext"": ""include""}","[""focused our radiologist evaluations on pathological assessment in brain images"", ""identify common failure modes across the submissions""]",2021 - Results of the 2020 fastMRI Challenge for Machine Learning MR Image Reconstruction - IEEEXPLORE 9420272.md,,0.85,high,{},1,"{""include"": 1}"
2026-07-27T12:23:32.158013+00:00,33460797,10.1016/j.neuroimage.2021.117756,2021,Retrospective motion artifact correction of structural MRI images using deep learning improves the quality of cortical surface reconstructions.,NeuroImage,include,fulltext_screening,"DL retrospective motion-artifact correction of brain MRI evaluated with quantitative metrics and blinded manual quality assessment, addressing the motion-artifact failure mode.",,,,FALSE,"{""Dat Mai_fulltext"": ""include""}","[""improvements in cortical surface reconstruction quality were demonstrated using a blinded manual quality assessment""]",2021 - Retrospective motion artifact correction of structural MRI images using deep learning improves the quality of cortical s - PMID 33460797.md,,0.65,low,{},1,"{""include"": 1}"
2026-07-27T12:23:32.158013+00:00,34698294,10.3390/tomography7040047,2021,Simultaneous Multislice Brain MRI T1 Mapping with Improved Low-Rank Modeling.,Tomography,include,fulltext_screening,Accelerated brain MRI reconstruction (SMS T1 mapping) evaluated for aliasing-artifact/noise suppression and quantitative-map accuracy versus competing methods.,,,,FALSE,"{""Dat Mai_fulltext"": ""include""}","[""outperforms competing methods in suppressing aliasing artifacts and noise at high SMS accelerations""]",2021 - Simultaneous Multislice Brain MRI T1 Mapping with Improved Low-Rank Modeling. - PMID 34698294.md,,0.55,low,{},1,"{""include"": 1}"
2026-07-27T12:23:32.158013+00:00,32860124,10.1007/s12021-020-09488-2,2021,Tractography Processing with the Sparse Closest Point Transform.,Neuroinformatics,exclude,fulltext_screening,,"out_of_scope: Post-processing (clustering/simplification) of tractography, not MRI image reconstruction safety/fidelity.",,,FALSE,"{""Dat Mai_fulltext"": ""exclude""}","[""processing diffusion MRI tractography datasets using the sparse closest point transform""]",2021 - Tractography Processing with the Sparse Closest Point Transform. - PMID 32860124.md,,0.65,low,{},1,"{""exclude"": 1}"
2026-07-27T12:23:32.158013+00:00,33201538,10.1002/mrm.28593,2021,Unbalanced SSFP for super-resolution in MRI.,Magnetic resonance in medicine,exclude,fulltext_screening,,"wrong_population: Super-resolution SSFP technique demonstrated only in Bloch simulations, synthetic phantoms, and a test object; no human brain imaging.",,,FALSE,"{""Dat Mai_fulltext"": ""exclude""}","[""demonstrated in principle via Bloch simulations and synthetic phantoms"", ""Phantoms, Imaging""]",2021 - Unbalanced SSFP for super-resolution in MRI. - PMID 33201538.md,,0.6,low,{},1,"{""exclude"": 1}"
2026-07-27T12:23:32.158013+00:00,33368705,10.1002/nbm.4461,2021,xQSM: quantitative susceptibility mapping with octave convolutional and noise-regularized neural networks.,NMR in biomedicine,include,fulltext_screening,"DL QSM reconstruction (dipole inversion) of brain evaluated for reconstruction error, accuracy, and generalization robustness versus DL and conventional baselines.",,,,FALSE,"{""Dat Mai_fulltext"": ""include""}","[""Reconstruction error metrics, including peak signal-to-noise ratio, structural similarity, normalized root mean squared error"", ""most robust generalization capability""]",2021 - xQSM quantitative susceptibility mapping with octave convolutional and noise-regularized neural networks. - PMID 33368705.md,,0.6,low,{},1,"{""include"": 1}"
2026-07-27T12:23:32.158013+00:00,34950968,10.1007/s00259-021-05644-1,2022,A cross-scanner and cross-tracer deep learning method for the recovery of standard-dose imaging quality from low-dose PET.,Eur J Nucl Med Mol Imaging,exclude,fulltext_screening,,"wrong_intervention_or_index: DL low-dose PET quality recovery (brain PET), not brain MRI reconstruction, despite trustworthiness/generalization framing.",,,FALSE,"{""Dat Mai_fulltext"": ""exclude""}","[""recovery of standard-dose imaging quality from low-dose PET""]",2022 - A cross-scanner and cross-tracer deep learning method for the recovery of standard-dose imaging quality from low-dose PE - PMID 34950968.md,,0.65,low,{},1,"{""exclude"": 1}"
2026-07-27T12:23:32.158013+00:00,34715292,10.1016/j.mri.2021.10.028,2022,A multi-measure approach for assessing the performance of fMRI preprocessing strategies in resting-state functional connectivity.,Magnetic resonance imaging,exclude,fulltext_screening,,"wrong_intervention_or_index: Evaluates fMRI preprocessing/denoising QC metrics for functional connectivity, not the safety or fidelity of AI/ML image reconstruction.",,,FALSE,"{""Dat Mai_fulltext"": ""exclude""}","[""assessing the performance of fMRI preprocessing strategies in resting-state functional connectivity""]",2022 - A multi-measure approach for assessing the performance of fMRI preprocessing strategies in resting-state functional conn - PMID 34715292.md,,0.86,high,{},1,"{""exclude"": 1}"
2026-07-27T12:23:32.158013+00:00,36240989,10.1016/j.neuroimage.2022.119680,2022,A unified model for reconstruction and R2* mapping of accelerated 7T data using the quantitative recurrent inference machine.,NeuroImage,include,fulltext_screening,wrong_intervention_or_index: Deep-learning accelerated brain MRI reconstruction with explicit quantification of reconstruction error and bias versus reference and baselines.,,,,FALSE,"{""Dat Mai_fulltext"": ""include""}","[""error in reconstructed R2* from undersampled data relative to reference data significantly decreased"", ""negative bias in R2* in selected regions of interest was observed""]",2022 - A unified model for reconstruction and R2 mapping of accelerated 7T data using the quantitative recurrent inference mach - PMID 36240989.md,,0.72,medium,{},1,"{""include"": 1}"
2026-07-27T12:23:32.158013+00:00,35576128,10.1002/mrm.29296,2022,Accuracy investigations for volumetric head-motion navigators with and without EPI at 7 T.,Magnetic resonance in medicine,exclude,fulltext_screening,,"wrong_intervention_or_index: Studies accuracy of motion-correction navigators and EPI geometric distortion, not AI/ML reconstruction safety or fidelity evaluation.",,,FALSE,"{""Dat Mai_fulltext"": ""exclude""}","[""Accuracy investigation of volumetric navigators for motion correction, with emphasis on geometric EPI distortions""]",2022 - Accuracy investigations for volumetric head-motion navigators with and without EPI at 7 T. - PMID 35576128.md,,0.78,medium,{},1,"{""exclude"": 1}"
2026-07-27T12:23:32.158013+00:00,35033673,10.1016/j.neuroimage.2022.118907,2022,Advancing motion denoising of multiband resting-state functional connectivity fMRI data.,NeuroImage,exclude,fulltext_screening,,"wrong_intervention_or_index: Concerns motion denoising and volume-censoring metrics for fMRI connectivity, not AI/ML reconstruction fidelity or safety.",,,FALSE,"{""Dat Mai_fulltext"": ""exclude""}","[""Advancing motion denoising of multiband resting-state functional connectivity fMRI data""]",2022 - Advancing motion denoising of multiband resting-state functional connectivity fMRI data. - PMID 35033673.md,,0.85,high,{},1,"{""exclude"": 1}"
2026-07-27T12:23:32.158013+00:00,,10.1109/TCI.2022.3176129,2022,Alternating Learning Approach for Variational Networks and Undersampling Pattern in Parallel MRI Applications,IEEE Transactions on Computational Imaging,include,fulltext_screening,wrong_intervention_or_index: Deep-learning variational-network reconstruction for accelerated brain/knee MRI evaluated for undersampling-artifact removal and image fidelity via SSIM/RMSE/HFEN.,,,,FALSE,"{""Dat Mai_fulltext"": ""include""}","[""generated undersampling artifacts are removed by the VN reconstruction"", ""three different figures of merit commonly used in deep learning (RMSE, SSIM, and HFEN)""]",2022 - Alternating Learning Approach for Variational Networks and Undersampling Pattern in Parallel MRI Applications - IEEEXPLORE 9779482.md,,0.68,medium,{},1,"{""include"": 1}"
2026-07-27T12:23:32.158013+00:00,36525422,10.1371/journal.pone.0277257,2022,Application of machine learning and complex network measures to an EEG dataset from ayahuasca experiments.,PloS one,exclude,fulltext_screening,,"out_of_scope: Machine-learning analysis of EEG data, unrelated to MRI reconstruction.",,,FALSE,"{""Dat Mai_fulltext"": ""exclude""}","[""Application of machine learning and complex network measures to an EEG dataset""]",2022 - Application of machine learning and complex network measures to an EEG dataset from ayahuasca experiments. - PMID 36525422.md,,0.95,high,{},1,"{""exclude"": 1}"
2026-07-27T12:23:32.158013+00:00,35082346,10.1038/s41598-022-05468-5,2022,Attention-guided deep learning for gestational age prediction using fetal brain MRI.,Scientific reports,exclude,fulltext_screening,,"out_of_scope: Deep-learning prediction of gestational age from fetal brain MRI, not reconstruction safety/fidelity.",,,FALSE,"{""Dat Mai_fulltext"": ""exclude""}","[""attention-guided deep learning model that predicts gestational age""]",2022 - Attention-guided deep learning for gestational age prediction using fetal brain MRI. - PMID 35082346.md,,0.9,high,{},1,"{""exclude"": 1}"
2026-07-27T12:23:32.158013+00:00,35093730,10.1016/j.dcn.2022.101077,2022,Automated Pipeline for Infants Continuous EEG (APICE): A flexible pipeline for developmental cognitive studies.,Developmental cognitive neuroscience,exclude,fulltext_screening,,"out_of_scope: EEG preprocessing pipeline, unrelated to MRI reconstruction.",,,FALSE,"{""Dat Mai_fulltext"": ""exclude""}","[""Automated Pipeline for Infants Continuous EEG (APICE)""]",2022 - Automated Pipeline for Infants Continuous EEG (APICE) A flexible pipeline for developmental cognitive studies. - PMID 35093730.md,,0.95,high,{},1,"{""exclude"": 1}"
2026-07-27T12:23:32.158013+00:00,35139030,10.1109/JBHI.2022.3149754,2022,Brain MR Atlas Construction Using Symmetric Deep Neural Inpainting.,IEEE journal of biomedical and health informatics,exclude,fulltext_Thu_adjudication,,"wrong_outcome: The scraped full text is a mismatched NCBI web-page capture, so this rests on the abstract and MeSH; the abstract describes a deep inpainting method that replaces tumour regions with synthetic normal tissue to enable atlas co ...",,,FALSE,"{""Dat Mai_fulltext"": ""flagged"", ""Thu_adjudicator"": ""exclude""}","[""Results showed increased similarity scores as well as reduced reconstruction errors compared with three existing image inpainting methods"", ""we propose a deep learning-based image inpainting method to replace the tumor regions with normal ...",2022 - Brain MR Atlas Construction Using Symmetric Deep Neural Inpainting. - PMID 35139030.md,,0.62,low,"{""Thu_adjudicator"": ""exclude""}",1,"{""flagged"": 1}"
2026-07-27T12:23:32.158013+00:00,35684918,10.3390/s22114297,2022,BrainGAN: Brain MRI Image Generation and Classification Framework Using GAN Architectures and CNN Models.,"Sensors (Basel, Switzerland)",exclude,fulltext_screening,,"wrong_intervention_or_index: GAN-based synthetic image generation and tumor classification, not evaluation of reconstruction safety/fidelity.",,,FALSE,"{""Dat Mai_fulltext"": ""exclude""}","[""Brain MRI Image Generation and Classification Framework Using GAN Architectures""]",2022 - BrainGAN Brain MRI Image Generation and Classification Framework Using GAN Architectures and CNN Models. - PMID 35684918.md,,0.85,high,{},1,"{""exclude"": 1}"
2026-07-27T12:23:32.158013+00:00,36434964,10.1016/j.dcn.2022.101178,2022,Can this data be saved? Techniques for high motion in resting state scans of first grade children.,Developmental cognitive neuroscience,exclude,fulltext_screening,,"wrong_intervention_or_index: Resting-state fMRI motion-censoring/ICA preprocessing for pediatric data, not AI/ML reconstruction fidelity or safety.",,,FALSE,"{""Dat Mai_fulltext"": ""exclude""}","[""preprocessing pipeline that uses volume censoring and concatenation alongside independent component analysis based denoising""]",2022 - Can this data be saved Techniques for high motion in resting state scans of first grade children. - PMID 36434964.md,,0.88,high,{},1,"{""exclude"": 1}"
2026-07-27T12:23:32.158013+00:00,34894640,10.1002/mrm.29124,2022,Characterization and correction of time-varying eddy currents for diffusion MRI.,Magnetic resonance in medicine,exclude,fulltext_screening,,"wrong_intervention_or_index: Conventional model-based eddy-current artifact correction for diffusion MRI, not an AI/ML reconstruction or safety-evaluation methodology.",,,FALSE,"{""Dat Mai_fulltext"": ""exclude""}","[""reducing artifacts due to time-varying eddy currents"", ""field-monitoring reconstruction had the lowest MSE""]",2022 - Characterization and correction of time-varying eddy currents for diffusion MRI. - PMID 34894640.md,,0.6,low,{},1,"{""exclude"": 1}"
2026-07-27T12:23:32.158013+00:00,35925387,10.1007/s00330-022-08871-8,2022,Clinical validation of Wave-CAIPI susceptibility-weighted imaging for routine brain MRI at 1.5 T.,European radiology,include,fulltext_Thu_adjudication,"The scraped full text is a mismatched NCBI web-page capture, so this rests on the abstract and MeSH, which describe a formal blinded two-radiologist non-inferiority reader study (15% margin) testing whether a highly accelerated undersampled ...",,,,FALSE,"{""Dat Mai_fulltext"": ""flagged"", ""Thu_adjudicator"": ""include""}","[""Two radiologists blinded to the acquisition technique scored each sequence for visualization of pathology, motion and signal dropout artifacts"", ""non-inferiority testing with 15% margin was performed to compare Wave-SWI to standard SWI"", ...",2022 - Clinical validation of Wave-CAIPI susceptibility-weighted imaging for routine brain MRI at 1.5 T. - PMID 35925387.md,,0.6,low,"{""Thu_adjudicator"": ""include""}",1,"{""flagged"": 1}"
2026-07-27T12:23:32.158013+00:00,34490929,10.1002/mrm.28991,2022,Comparison of prospective and retrospective motion correction in 3D-encoded neuroanatomical MRI.,Magnetic resonance in medicine,exclude,fulltext_screening,,"wrong_intervention_or_index: Compares prospective vs retrospective motion-correction techniques (non-AI), not AI/ML reconstruction safety or fidelity evaluation.",,,FALSE,"{""Dat Mai_fulltext"": ""exclude""}","[""compare prospective motion correction (PMC) and retrospective motion correction (RMC)""]",2022 - Comparison of prospective and retrospective motion correction in 3D-encoded neuroanatomical MRI. - PMID 34490929.md,,0.72,medium,{},1,"{""exclude"": 1}"
2026-07-27T12:23:32.158013+00:00,35291425,10.1155/2022/6270700,2022,Deep Learning-Based Diffusion-Weighted Magnetic Resonance Imaging in the Diagnosis of Ischemic Penumbra in Early Cerebral Infarction.,Contrast media & molecular imaging,include,fulltext_screening,"wrong_intervention_or_index: Denoising method for brain DWI evaluated for image fidelity (PSNR/RMSE), artifact reduction and downstream diagnostic accuracy against a PET reference.",,,,TRUE,"{""Dat Mai_fulltext"": ""include""}","[""good denoising effect and greatly reduced fringe artifacts"", ""peak signal-to-noise ratio (PSNR)... root mean square error (RMSE)""]",2022 - Deep Learning-Based Diffusion-Weighted Magnetic Resonance Imaging in the Diagnosis of Ischemic Penumbra in Early Cerebra - PMID 35291425.md,,0.58,low,{},1,"{""include"": 1}"
2026-07-27T12:23:32.158013+00:00,35595829,10.1038/s41598-022-12587-6,2022,Deep learning network for integrated coil inhomogeneity correction and brain extraction of mixed MRI data.,Scientific reports,exclude,fulltext_screening,,"wrong_population: Deep-learning bias-field correction and brain extraction validated on rodent data, i.e., animal not human brain, and it is postprocessing rather than reconstruction.",,,FALSE,"{""Dat Mai_fulltext"": ""exclude""}","[""performed consistently across datasets acquired from rodents""]",2022 - Deep learning network for integrated coil inhomogeneity correction and brain extraction of mixed MRI data. - PMID 35595829.md,,0.7,medium,{},1,"{""exclude"": 1}"
2026-07-27T12:23:32.158013+00:00,36651242,10.12122/j.issn.1673-4254.2022.12.02,2022,[Deep parallel MRI reconstruction based on a complex-valued loss function].,Nan fang yi ke da xue xue bao,include,fulltext_screening,wrong_intervention_or_index: Deep-learning parallel MRI reconstruction evaluated for artifact reduction and image fidelity (PSNR) on brain fastMRI data.,,,,FALSE,"{""Dat Mai_fulltext"": ""include""}","[""accurate reconstruction of multicoil MR images with significantly reduced artifacts"", ""increased the peak signal-to-noise ratio (PSNR)""]",2022 - Deep parallel MRI reconstruction based on a complex-valued loss function . - PMID 36651242.md,,0.7,medium,{},1,"{""include"": 1}"
2026-07-27T12:23:32.158013+00:00,34986396,10.1016/j.neuroimage.2021.118869,2022,Development and evaluation of a high resolution 0.5mm isotropic T1-weighted template of the older adult brain.,NeuroImage,exclude,fulltext_Thu_adjudication,,"wrong_intervention_or_index: The scraped full text is a mismatched NCBI web-page capture, so this rests on the abstract and MeSH; the deliverable is a population brain template built using super-resolution principles, evaluated on template ...",,,FALSE,"{""Dat Mai_fulltext"": ""flagged"", ""Thu_adjudicator"": ""exclude""}","[""applying principles of super resolution to high quality MRI data from 222 older adults"", ""the new template exhibited higher image sharpness and did not contain image artifacts observed in some of the other templates""]",2022 - Development and evaluation of a high resolution 0.5mm isotropic T1-weighted template of the older adult brain. - PMID 34986396.md,,0.7,medium,"{""Thu_adjudicator"": ""exclude""}",1,"{""flagged"": 1}"
2026-07-27T12:23:32.158013+00:00,,10.1109/TMI.2021.3104291,2022,Distortion-Free Diffusion Imaging Using Self-Navigated Cartesian Echo-Planar Time Resolved Acquisition and Joint Magnitude and Phase Constrained Reconstruction,IEEE Transactions on Medical Imaging,exclude,fulltext_Thu_adjudication,,"wrong_outcome: The scraped full text is a mismatched NCBI web-page capture, so this rests on the abstract and keywords; it is a non-AI acquisition-plus-constrained-reconstruction development paper (self-navigated Cartesian EPTI with locally ...",,,FALSE,"{""Dat Mai_fulltext"": ""flagged"", ""Thu_adjudicator"": ""exclude""}","[""the proposed phase matching method can improve the accuracy of inter-shot phase correction and reduce signal corruption in the final diffusion images"", ""Magnitude constraints further improve image quality by suppressing the background noi ...",2022 - Distortion-Free Diffusion Imaging Using Self-Navigated Cartesian Echo-Planar Time Resolved Acquisition and Joint Magnitu - IEEEXPLORE 9512051.md,,0.58,low,"{""Thu_adjudicator"": ""exclude""}",1,"{""flagged"": 1}"
2026-07-27T12:23:32.158013+00:00,35644448,10.1016/j.mri.2022.05.016,2022,EPI susceptibility correction introduces significant differences far from local areas of high distortion.,Magnetic resonance imaging,include,fulltext_screening,wrong_outcome: Applies a deep-learning tool to correct susceptibility-induced geometric distortion in brain diffusion MRI and assesses image fidelity and distortion effects.,,,,TRUE,"{""Dat Mai_fulltext"": ""include""}","[""apply a deep learning technique to generate an undistorted volume to correct susceptibility-induced artifacts and demonstrate implications for image fidelity""]",2022 - EPI susceptibility correction introduces significant differences far from local areas of high distortion. - PMID 35644448.md,,0.55,low,{},1,"{""include"": 1}"
2026-07-27T12:23:32.158013+00:00,36328274,10.1016/j.neuroimage.2022.119723,2022,Evaluating the efficacy of multi-echo ICA denoising on model-based fMRI.,NeuroImage,exclude,fulltext_screening,,"wrong_intervention_or_index: Evaluates multi-echo ICA denoising for task fMRI modeling, not AI/ML reconstruction fidelity or safety.",,,FALSE,"{""Dat Mai_fulltext"": ""exclude""}","[""Evaluating the efficacy of multi-echo ICA denoising on model-based fMRI""]",2022 - Evaluating the efficacy of multi-echo ICA denoising on model-based fMRI. - PMID 36328274.md,,0.85,high,{},1,"{""exclude"": 1}"
2026-07-27T12:23:32.158013+00:00,36523647,10.1148/ryai.210313,2022,Exploring the Acceleration Limits of Deep Learning Variational Network-based Two-dimensional Brain MRI.,Radiology. Artificial intelligence,include,fulltext_screening,"wrong_intervention_or_index: Directly evaluates safety limits of deep-learning brain MRI reconstruction via radiologist diagnostic thresholds, reconstruction-error estimation, and out-of-distribution behavior.",,,,FALSE,"{""Dat Mai_fulltext"": ""include""}","[""explore the limits of deep learning-based brain MRI reconstruction"", ""estimate reconstruction error with only undersampled data"", ""produce images substantially distinct from the training set, even at 100x acceleration""]",2022 - Exploring the Acceleration Limits of Deep Learning Variational Network-based Two-dimensional Brain MRI. - PMID 36523647.md,,0.9,high,{},1,"{""include"": 1}"
2026-07-27T12:23:32.158013+00:00,35781891,10.1002/mrm.29374,2022,FReSCO: Flow Reconstruction and Segmentation for low-latency Cardiac Output monitoring using deep artifact suppression and segmentation.,Magnetic resonance in medicine,exclude,fulltext_screening,,"wrong_population: Deep-learning reconstruction is for cardiac phase-contrast flow imaging, not brain MRI.",,,FALSE,"{""Dat Mai_fulltext"": ""exclude""}","[""Flow Reconstruction and Segmentation for low latency Cardiac Output monitoring""]",2022 - FReSCO Flow Reconstruction and Segmentation for low-latency Cardiac Output monitoring using deep artifact suppression an - PMID 35781891.md,,0.85,high,{},1,"{""exclude"": 1}"
2026-07-27T12:23:32.158013+00:00,35522642,10.1109/JBHI.2022.3172976,2022,Hierarchical Amortized GAN for 3D High Resolution Medical Image Synthesis.,IEEE journal of biomedical and health informatics,exclude,fulltext_screening,,"wrong_intervention_or_index: GAN synthesis of high-resolution 3D images for augmentation, not evaluation of MRI reconstruction safety/fidelity.",,,FALSE,"{""Dat Mai_fulltext"": ""exclude""}","[""Hierarchical Amortized GAN for 3D High Resolution Medical Image Synthesis""]",2022 - Hierarchical Amortized GAN for 3D High Resolution Medical Image Synthesis. - PMID 35522642.md,,0.75,medium,{},1,"{""exclude"": 1}"
2026-07-27T12:23:32.158013+00:00,,10.1038/s41377-021-00705-4,2022,High-throughput volumetric adaptive optical imaging using compressed time-reversal matrix,Light: Science & Applications,exclude,fulltext_screening,,"out_of_scope: Optical adaptive microscopy of mouse brain, not MRI reconstruction.",,,FALSE,"{""Dat Mai_fulltext"": ""exclude""}","[""adaptive optical imaging"", ""myelinated axons in a mouse brain""]",2022 - High-throughput volumetric adaptive optical imaging using compressed time-reversal matrix - SPRINGER 10.1038_s41377-021-00705-4.md,,0.95,high,{},1,"{""exclude"": 1}"
2026-07-27T12:23:32.158013+00:00,35618420,10.3174/ajnr.A7531,2022,Image-Quality Assessment of 3D Intracranial Vessel Wall MRI Using DANTE or DANTE-CAIPI for Blood Suppression and Imaging Acceleration.,AJNR. American journal of neuroradiology,include,fulltext_Thu_adjudication,"comparable_evaluation_baseline: Resolved to include: the paper's primary contribution is an evaluation, not a new sequence - a two-reader Likert reader study plus quantitative contrast-ratio analysis judging whether CAIPI-accelerated intrac ...",,,,FALSE,"{""Dat Mai_fulltext"": ""flagged"", ""Thu_adjudicator"": ""include""}","[""evaluated using 4- or 5-point Likert scales for overall image quality, SNR, extent/severity of artifacts"", ""T1-DANTE-CAIPI-SPACE showed significantly worse lumen and wall-to-lumen contrast ratios""]",2022 - Image-Quality Assessment of 3D Intracranial Vessel Wall MRI Using DANTE or DANTE-CAIPI for Blood Suppression and Imaging - PMID 35618420.md,,0.55,low,"{""Thu_adjudicator"": ""include""}",1,"{""flagged"": 1}"
2026-07-27T12:23:32.158013+00:00,34851499,10.1007/s11604-021-01225-2,2022,Impact of deep learning reconstruction on intracranial 1.5 T magnetic resonance angiography.,Japanese journal of radiology,include,fulltext_screening,"wrong_intervention_or_index: Evaluates deep-learning reconstruction of intracranial MRA for image quality, artifacts and structure depiction via quantitative metrics and radiologist review.",,,,FALSE,"{""Dat Mai_fulltext"": ""include""}","[""whether deep learning reconstruction (DLR) improves the image quality of intracranial magnetic resonance angiography"", ""evaluated the depiction of structures... artifacts, subjective noise and overall image quality""]",2022 - Impact of deep learning reconstruction on intracranial 1.5 T magnetic resonance angiography. - PMID 34851499.md,,0.68,medium,{},1,"{""include"": 1}"
2026-07-27T12:23:32.158013+00:00,35046218,10.6009/jjrt.780108,2022,[Improvement of Motion Artifacts in Brain MRI Using Deep Learning by Simulation Training Data].,Nihon Hoshasen Gijutsu Gakkai zasshi,include,fulltext_screening,wrong_intervention_or_index: Deep-learning reduction of brain MRI motion artifacts evaluated for image fidelity via SSIM and PSNR across network models.,,,,FALSE,"{""Dat Mai_fulltext"": ""include""}","[""deep learning can be used to effectively reduce artifacts in MR images of the brain"", ""compare the structural similarity (SSIM) index and peak signal-to-noise ratio (PSNR)""]",2022 - Improvement of Motion Artifacts in Brain MRI Using Deep Learning by Simulation Training Data . - PMID 35046218.md,,0.65,low,{},1,"{""include"": 1}"
2026-07-27T12:23:32.158013+00:00,34350601,10.1002/mrm.28956,2022,In-plane simultaneous multisegment imaging using a 2D RF pulse.,Magnetic resonance in medicine,exclude,fulltext_screening,,"wrong_intervention_or_index: An acquisition/pulse-sequence technique with GRAPPA reconstruction to reduce distortion, not an AI/ML reconstruction or safety-evaluation methodology.",,,FALSE,"{""Dat Mai_fulltext"": ""exclude""}","[""achieve high spatial resolution in EPI while reducing image distortion""]",2022 - In-plane simultaneous multisegment imaging using a 2D RF pulse. - PMID 34350601.md,,0.62,low,{},1,"{""exclude"": 1}"
2026-07-27T12:23:32.158013+00:00,35735217,10.1002/mrm.29297,2022,Iterative static field map estimation for off-resonance correction in non-Cartesian susceptibility weighted imaging.,Magnetic resonance in medicine,exclude,fulltext_screening,,"wrong_intervention_or_index: Conventional field-map estimation for off-resonance distortion correction in SWI, not AI/ML reconstruction or a safety-evaluation methodology.",,,FALSE,"{""Dat Mai_fulltext"": ""exclude""}","[""off-resonance correction"", ""cause distortions and blurring during acquisitions with long readouts""]",2022 - Iterative static field map estimation for off-resonance correction in non-Cartesian susceptibility weighted imaging. - PMID 35735217.md,,0.62,low,{},1,"{""exclude"": 1}"
2026-07-27T12:23:32.158013+00:00,35180675,10.1016/j.media.2022.102387,2022,Learning residual motion correction for fast and robust 3D multiparametric MRI.,Medical image analysis,include,fulltext_screening,"wrong_intervention_or_index: Deep-learning (CNN) retrospective motion-artifact correction of brain quantitative MRI, addressing a reconstruction failure mode with image-quality evaluation.",,,,FALSE,"{""Dat Mai_fulltext"": ""include""}","[""residual learning for retrospective motion correction in fast 3D whole-brain multiparametric MRI"", ""motion correction outperforms current state of the art""]",2022 - Learning residual motion correction for fast and robust 3D multiparametric MRI. - PMID 35180675.md,,0.6,low,{},1,"{""include"": 1}"
2026-07-27T12:23:32.158013+00:00,35081509,10.1016/j.media.2022.102354,2022,Learning to complete incomplete hearts for population analysis of cardiac MR images.,Medical image analysis,exclude,fulltext_screening,,"wrong_population: GAN-based slice imputation for cardiac MRI, not brain MRI.",,,FALSE,"{""Dat Mai_fulltext"": ""exclude""}","[""complete incomplete hearts for population analysis of cardiac MR images""]",2022 - Learning to complete incomplete hearts for population analysis of cardiac MR images. - PMID 35081509.md,,0.85,high,{},1,"{""exclude"": 1}"
2026-07-27T12:23:32.158013+00:00,35657830,10.1109/TMI.2022.3179981,2022,MOdel-Based SyntheTic Data-Driven Learning (MOST-DL): Application in Single-Shot T2 Mapping With Severe Head Motion Using Overlapping-Echo Acquisition.,IEEE transactions on medical imaging,include,fulltext_screening,"wrong_intervention_or_index: Deep-learning parallel reconstruction and motion correction for brain T2 mapping, evaluated for ghosting and motion-artifact reduction.",,,,FALSE,"{""Dat Mai_fulltext"": ""include""}","[""significantly reduces ghosting and motion artifacts in T2 maps in the presence of unpredictable subject movement""]",2022 - MOdel-Based SyntheTic Data-Driven Learning (MOST-DL) Application in Single-Shot T2 Mapping With Severe Head Motion Using - PMID 35657830.md,,0.62,low,{},1,"{""include"": 1}"
2026-07-27T12:23:32.158013+00:00,35403237,10.1002/mrm.29238,2022,Mitigating transmit-B1 artifacts by predicting parallel transmission images with deep learning: A feasibility study using high-resolution whole-brain diffusion at 7 Tesla.,Magnetic resonance in medicine,include,fulltext_screening,"wrong_intervention_or_index: Deep-learning mitigation of transmit-B1 artifacts in 7T brain diffusion MRI, evaluated for image fidelity via NRMSE/PSNR/SSIM and signal-dropout recovery.",,,,FALSE,"{""Dat Mai_fulltext"": ""include""}","[""improved the image quality for sTx images by restoring the signal dropout, with quality measures... improved in most brain regions""]",2022 - Mitigating transmit-B1 artifacts by predicting parallel transmission images with deep learning A feasibility study using - PMID 35403237.md,,0.6,low,{},1,"{""include"": 1}"
2026-07-27T12:23:32.158013+00:00,35081259,10.1002/mrm.29167,2022,Model-based dynamic off-resonance correction for improved accelerated fMRI in awake behaving nonhuman primates.,Magnetic resonance in medicine,exclude,fulltext_screening,,"wrong_population: Non-AI off-resonance correction demonstrated in nonhuman primates (animal), not human brain AI/ML reconstruction.",,,FALSE,"{""Dat Mai_fulltext"": ""exclude""}","[""accelerated fMRI of awake behaving nonhuman primates"", ""reduce ghosting artifacts and geometric distortions""]",2022 - Model-based dynamic off-resonance correction for improved accelerated fMRI in awake behaving nonhuman primates. - PMID 35081259.md,,0.8,medium,{},1,"{""exclude"": 1}"
2026-07-27T12:23:32.158013+00:00,35794479,10.1038/s41586-022-04912-w,2022,Molecular landscapes of human hippocampal immature neurons across lifespan.,Nature,exclude,fulltext_screening,,"out_of_scope: Single-nucleus RNA sequencing study of hippocampal neurons, unrelated to MRI reconstruction.",,,FALSE,"{""Dat Mai_fulltext"": ""exclude""}","[""Molecular landscapes of human hippocampal immature neurons across lifespan""]",2022 - Molecular landscapes of human hippocampal immature neurons across lifespan. - PMID 35794479.md,,0.97,high,{},1,"{""exclude"": 1}"
2026-07-27T12:23:32.158013+00:00,35430359,10.1016/j.neuroimage.2022.119213,2022,Motion correction and volumetric reconstruction for fetal functional magnetic resonance imaging data.,NeuroImage,exclude,fulltext_screening,,"wrong_intervention_or_index: Non-AI motion correction and regularized volumetric reconstruction for fetal fMRI connectivity, not AI/ML reconstruction safety/fidelity.",,,FALSE,"{""Dat Mai_fulltext"": ""exclude""}","[""Motion correction and volumetric reconstruction for fetal functional magnetic resonance imaging data""]",2022 - Motion correction and volumetric reconstruction for fetal functional magnetic resonance imaging data. - PMID 35430359.md,,0.62,low,{},1,"{""exclude"": 1}"
2026-07-27T12:23:32.158013+00:00,36103561,10.1371/journal.pone.0274576,2022,Motion correction in MR image for analysis of VSRAD using generative adversarial network.,PloS one,include,fulltext_screening,"wrong_intervention_or_index: GAN (Pix2Pix) deep-learning motion-artifact correction of brain MRI evaluated for image quality and quantitative agreement versus reference, against a U-Net baseline.",,,,TRUE,"{""Dat Mai_fulltext"": ""include""}","[""Pix2Pix generated motion-corrected images that showed generally improved quantitative and qualitative image qualities compared with the U-net""]",2022 - Motion correction in MR image for analysis of VSRAD using generative adversarial network. - PMID 36103561.md,,0.55,low,{},1,"{""include"": 1}"
2026-07-27T12:23:32.158013+00:00,35481604,10.1002/mrm.29277,2022,Motion-corrected 3D-EPTI with efficient 4D navigator acquisition for fast and robust whole-brain quantitative imaging.,Magnetic resonance in medicine,exclude,fulltext_screening,,"wrong_intervention_or_index: Non-AI navigator-based acquisition and motion correction for quantitative brain imaging, not an AI/ML reconstruction or safety-evaluation methodology.",,,FALSE,"{""Dat Mai_fulltext"": ""exclude""}","[""motion estimation and correction method for motion-robust three-dimensional quantitative imaging"", ""effective reduction of image artifacts in quantitative maps""]",2022 - Motion-corrected 3D-EPTI with efficient 4D navigator acquisition for fast and robust whole-brain quantitative imaging. - PMID 35481604.md,,0.6,low,{},1,"{""exclude"": 1}"
2026-07-27T12:23:32.158013+00:00,,10.1186/s43074-022-00076-y,2022,Multi-focus light-field microscopy for high-speed large-volume imaging,PhotoniX,exclude,fulltext_screening,,"out_of_scope: Light-field optical microscopy method, not MRI reconstruction.",,,FALSE,"{""Dat Mai_fulltext"": ""exclude""}","[""Light-field microscopy (LFM) has emerged as a powerful tool for fast volumetric imaging""]",2022 - Multi-focus light-field microscopy for high-speed large-volume imaging - SPRINGER 10.1186_s43074-022-00076-y.md,,0.95,high,{},1,"{""exclude"": 1}"
2026-07-27T12:23:32.158013+00:00,35790978,10.1186/s12984-022-01047-x,2022,Neural correlates of user learning during long-term BCI training for the Cybathlon competition.,Journal of neuroengineering and rehabilitation,exclude,fulltext_screening,,"out_of_scope: EEG-based brain-computer interface learning study, unrelated to MRI reconstruction.",,,FALSE,"{""Dat Mai_fulltext"": ""exclude""}","[""Neural correlates of user learning during long-term BCI training""]",2022 - Neural correlates of user learning during long-term BCI training for the Cybathlon competition. - PMID 35790978.md,,0.95,high,{},1,"{""exclude"": 1}"
2026-07-27T12:23:32.158013+00:00,34358555,10.1016/j.pbiomolbio.2021.07.012,2022,Optical clearing in cardiac imaging: A comparative study.,Progress in biophysics and molecular biology,exclude,fulltext_screening,,"out_of_scope: Tissue optical-clearing microscopy of cardiac tissue in mice, not MRI reconstruction.",,,FALSE,"{""Dat Mai_fulltext"": ""exclude""}","[""Optical clearing in cardiac imaging""]",2022 - Optical clearing in cardiac imaging A comparative study. - PMID 34358555.md,,0.95,high,{},1,"{""exclude"": 1}"
2026-07-27T12:23:32.158013+00:00,35057733,10.1186/s12880-022-00737-1,2022,Optimization of the image contrast for the developing fetal brain using 3D radial VIBE sequence in 3 T magnetic resonance imaging.,BMC medical imaging,exclude,fulltext_screening,,"wrong_intervention_or_index: Optimizes a T1-weighted acquisition sequence and evaluates contrast/motion artifacts, not AI/ML reconstruction safety or fidelity.",,,FALSE,"{""Dat Mai_fulltext"": ""exclude""}","[""optimized the radial volumetric interpolated breath-hold examination (VIBE) sequence""]",2022 - Optimization of the image contrast for the developing fetal brain using 3D radial VIBE sequence in 3 T magnetic resonanc - PMID 35057733.md,,0.82,high,{},1,"{""exclude"": 1}"
2026-07-27T12:23:32.158013+00:00,,10.1007/s11042-022-12874-4,2022,Optimized deformable convolution network for detection and mitigation of ocular artifacts from EEG signal,Multimedia Tools and Applications,exclude,fulltext_screening,,"out_of_scope: Deep-learning removal of ocular artifacts from EEG signals, unrelated to MRI reconstruction.",,,FALSE,"{""Dat Mai_fulltext"": ""exclude""}","[""detection and mitigation of ocular artifacts from EEG signal""]",2022 - Optimized deformable convolution network for detection and mitigation of ocular artifacts from EEG signal - SPRINGER 10.1007_s11042-022-12874-4.md,,0.95,high,{},1,"{""exclude"": 1}"
2026-07-27T12:23:32.158013+00:00,,10.1109/TRPMS.2022.3161569,2022,PET Image Reconstruction Incorporating Deep Image Prior and a Forward Projection Model,IEEE Transactions on Radiation and Plasma Medical Sciences,exclude,fulltext_screening,,"wrong_intervention_or_index: Deep-image-prior reconstruction for PET (with animal data), not MRI reconstruction.",,,FALSE,"{""Dat Mai_fulltext"": ""exclude""}","[""PET Image Reconstruction Incorporating Deep Image Prior and a Forward Projection Model""]",2022 - PET Image Reconstruction Incorporating Deep Image Prior and a Forward Projection Model - IEEEXPLORE 9739753.md,,0.85,high,{},1,"{""exclude"": 1}"
2026-07-27T12:23:32.158013+00:00,34644250,10.1109/TMI.2021.3118223,2022,Proxy-Bridged Image Reconstruction Network for Anomaly Detection in Medical Images.,IEEE transactions on medical imaging,exclude,fulltext_screening,,"out_of_scope: Uses a reconstruction network as a mechanism for anomaly detection, not to assess reconstruction safety or fidelity.",,,FALSE,"{""Dat Mai_fulltext"": ""exclude""}","[""Proxy-bridged Image Reconstruction Network (ProxyAno) for anomaly detection in medical images""]",2022 - Proxy-Bridged Image Reconstruction Network for Anomaly Detection in Medical Images. - PMID 34644250.md,,0.72,medium,{},1,"{""exclude"": 1}"
2026-07-27T12:23:32.158013+00:00,34687073,10.1002/mrm.29048,2022,QSMxT: Robust masking and artifact reduction for quantitative susceptibility mapping.,Magnetic resonance in medicine,exclude,fulltext_Thu_adjudication,,"wrong_outcome: Resolved to exclude: the contribution is reconstruction method/pipeline development (a two-pass masking and inversion procedure packaged as QSMxT software) whose aim is to mitigate streaking artifacts, not to assess or benchm ...",,,FALSE,"{""Dat Mai_fulltext"": ""flagged"", ""Thu_adjudicator"": ""exclude""}","[""a robust masking and reconstruction procedure is presented to overcome these limitations"", ""the two-pass inversion reduces streaking artifacts caused by unreliable phase""]",2022 - QSMxT Robust masking and artifact reduction for quantitative susceptibility mapping. - PMID 34687073.md,,0.55,low,"{""Thu_adjudicator"": ""exclude""}",1,"{""flagged"": 1}"
2026-07-27T12:23:32.158013+00:00,,10.1002/nbm.4616,2022,Quantitative effects of off-resonance related distortion on brain mechanical property estimation with magnetic resonance elastography,NMR in Biomedicine,include,fulltext_Thu_adjudication,"failure_mode_evaluation: Resolved to include: this is a systematic assessment of a named failure mode - off-resonance-related geometric distortion - quantifying how it corrupts brain MRE-derived stiffness estimates across simulations, phant ...",,,,FALSE,"{""Dat Mai_fulltext"": ""flagged"", ""Thu_adjudicator"": ""include""}","[""we systematically examined the quantitative effects of distortion and corresponding correction approaches on MRE measurements"", ""each of the correction mechanisms works well for reducing stiffness errors, but are limited in cases of very ...",2022 - Quantitative effects of off-resonance related distortion on brain mechanical property estimation with magnetic resonance - SCOPUS 2-s2.0-85115052773.md,,0.6,low,"{""Thu_adjudicator"": ""include""}",1,"{""flagged"": 1}"
2026-07-27T12:23:32.158013+00:00,,10.1038/s41598-022-22778-w,2022,Quantitative susceptibility mapping using plug-and-play alternating direction method of multipliers,Scientific Reports,include,fulltext_screening,"Proposes a QSM reconstruction method and evaluates its fidelity with global error metrics (SSIM) plus neuroradiologist image-quality grading, addressing reconstruction artifacts.",,,,FALSE,"{""Dat Mai_fulltext"": ""include""}","[""employs regularization to reduce artifacts"", ""excellent quality when assessed using structural similarity index metric""]",2022 - Quantitative susceptibility mapping using plug-and-play alternating direction method of multipliers - SPRINGER 10.1038_s41598-022-22778-w.md,,0.6,low,{},1,"{""include"": 1}"
2026-07-27T12:23:32.158013+00:00,35245674,10.1016/j.neuroimage.2022.119046,2022,Reliability and stability challenges in ABCD task fMRI data.,NeuroImage,exclude,fulltext_screening,,"out_of_scope: Assesses test-retest reliability/stability of task-fMRI activation measures, not the safety or fidelity of MRI reconstruction.",,,FALSE,"{""Dat Mai_fulltext"": ""exclude""}","[""Reliability and stability ... was poor in virtually all brain regions""]",2022 - Reliability and stability challenges in ABCD task fMRI data. - PMID 35245674.md,,0.85,high,{},1,"{""exclude"": 1}"
2026-07-27T12:23:32.158013+00:00,35394088,10.1002/mrm.29210,2022,SPRING-RIO TSE: 2D T2 -Weighted Turbo Spin-Echo brain imaging using SPiral RINGs with retraced in/out trajectories.,Magnetic resonance in medicine,exclude,fulltext_Thu_adjudication,,"wrong_outcome: Resolved to exclude: this is pulse-sequence and trajectory development (spiral-ring TSE with retraced in/out readout plus trajectory and off-resonance correction) evaluated with routine image-quality, contrast, scan-time and ...",,,FALSE,"{""Dat Mai_fulltext"": ""flagged"", ""Thu_adjudicator"": ""exclude""}","[""To develop a new approach to 2D turbo spin-echo (TSE) imaging using annular spiral rings"", ""achieves high-quality 2D T2-weighted brain imaging with a higher scan efficiency""]",2022 - SPRING-RIO TSE 2D T2 -Weighted Turbo Spin-Echo brain imaging using SPiral RINGs with retraced in out trajectories. - PMID 35394088.md,,0.7,medium,"{""Thu_adjudicator"": ""exclude""}",1,"{""flagged"": 1}"
2026-07-27T12:23:32.158013+00:00,,10.1109/tmi.2022.3142610,2022,Scan-Specific Generative Neural Network for MRI Super-Resolution Reconstruction,IEEE Transactions on Medical Imaging,include,fulltext_screening,Generative deep-learning super-resolution reconstruction of brain MRI with fidelity/quality evaluation on simulated and clinical data versus state-of-the-art.,,,,FALSE,"{""Dat Mai_fulltext"": ""include""}","[""dataset-free deep learning-based SRR"", ""achieved superior results to state-of-the-art methods""]",2022 - Scan-Specific Generative Neural Network for MRI Super-Resolution Reconstruction - IEEEXPLORE 9678968.md,,0.55,low,{},1,"{""include"": 1}"
2026-07-27T12:23:32.158013+00:00,34166181,10.1109/tbme.2021.3091881,2022,Spatiotemporal Flexible Sparse Reconstruction for Rapid Dynamic Contrast-Enhanced MRI.,IEEE transactions on bio-medical engineering,include,fulltext_screening,Proposes a compressed-sensing reconstruction for DCE-MRI (including brain tumor) and evaluates reconstruction error and structural similarity at high acceleration.,,,,FALSE,"{""Dat Mai_fulltext"": ""include""}","[""reconstruction quality will degrade at high acceleration rates"", ""lowest reconstruction error and highest image structural similarity""]",2022 - Spatiotemporal Flexible Sparse Reconstruction for Rapid Dynamic Contrast-Enhanced MRI. - PMID 34166181.md,,0.55,low,{},1,"{""include"": 1}"
2026-07-27T12:23:32.158013+00:00,,10.1016/j.artmed.2022.102251,2022,Subtle anomaly detection: Application to brain MRI analysis of de novo Parkinsonian patients,Artificial Intelligence in Medicine,exclude,fulltext_screening,,"out_of_scope: Uses autoencoder reconstruction error to detect disease anomalies in Parkinson patients, not to evaluate the safety/fidelity of MRI reconstruction.",,,FALSE,"{""Dat Mai_fulltext"": ""exclude""}","[""large reconstruction errors ... to be anomalies"", ""detect potentially pathological regions in de novo PD patients""]",2022 - Subtle anomaly detection Application to brain MRI analysis of de novo Parkinsonian patients - SCOPUS 2-s2.0-85124700557.md,,0.7,medium,{},1,"{""exclude"": 1}"
2026-07-27T12:23:32.158013+00:00,31865624,10.1002/nbm.4225,2022,Suppressing motion artefacts in MRI using an Inception-ResNet network with motion simulation augmentation.,NMR in biomedicine,include,fulltext_screening,"Deep-learning method to suppress motion artifacts in brain MRI, addressing a reconstruction failure mode and evaluated with SSIM and RMSE against a baseline.",,,,FALSE,"{""Dat Mai_fulltext"": ""include""}","[""suppress motion artefacts in MR images"", ""mean structural similarity (SSIM) increased from 0.9058 to 0.9338""]",2022 - Suppressing motion artefacts in MRI using an Inception-ResNet network with motion simulation augmentation. - PMID 31865624.md,,0.6,low,{},1,"{""include"": 1}"
2026-07-27T12:23:32.158013+00:00,33692222,10.2463/mrms.rev.2020-0159,2022,Texture Analysis in Brain Tumor MR Imaging.,Magnetic resonance in medical sciences,background_only,fulltext_screening,,,,review_for_background: Invited narrative review of MR texture analysis/radiomics in brain tumors; a review publication type.,FALSE,"{""Dat Mai_fulltext"": ""background_only""}","[""An Invited Review"", ""describes a variety of techniques for image analysis""]",2022 - Texture Analysis in Brain Tumor MR Imaging. - PMID 33692222.md,,0.9,high,{},1,"{""background_only"": 1}"
2026-07-27T12:23:32.158013+00:00,,10.1109/isbi52829.2022.9761443,2022,Unsupervised Anomaly Detection in 3D Brain MRI Using Deep Learning with Impured Training Data,2022 IEEE ISBI,exclude,fulltext_screening,,"out_of_scope: Studies autoencoder anomaly (lesion) detection and training-label impurity, using reconstruction error for outlier removal rather than evaluating reconstruction safety.",,,FALSE,"{""Dat Mai_fulltext"": ""exclude""}","[""unsupervised anomaly detection (UAD) methods"", ""outlier removal ... based on the reconstruction-loss""]",2022 - Unsupervised Anomaly Detection in 3D Brain MRI Using Deep Learning with Impured Training Data - IEEEXPLORE 9761443.md,,0.7,medium,{},1,"{""exclude"": 1}"
2026-07-27T12:23:32.158013+00:00,34882551,10.1109/tmi.2021.3134496,2022,Unsupervised Deep Learning for FOD-Based Susceptibility Distortion Correction in Diffusion MRI.,IEEE transactions on medical imaging,include,fulltext_screening,"Deep-learning susceptibility-distortion correction for brain diffusion MRI addressing a geometric-distortion failure mode, evaluated for accuracy against traditional and learning baselines.",,,,FALSE,"{""Dat Mai_fulltext"": ""include""}","[""Susceptibility induced distortion is a major artifact"", ""achieves significant improvements in terms of the mean squared difference""]",2022 - Unsupervised Deep Learning for FOD-Based Susceptibility Distortion Correction in Diffusion MRI. - PMID 34882551.md,,0.6,low,{},1,"{""include"": 1}"
2026-07-27T12:23:32.158013+00:00,37836869,10.3390/s23198039,2023,A Deep Learning Model for Correlation Analysis between Electroencephalography Signal and Speech Stimuli.,Sensors (Basel),exclude,fulltext_screening,,"out_of_scope: Concerns EEG-speech correlation analysis, not MRI reconstruction or its safety/fidelity.",,,FALSE,"{""Dat Mai_fulltext"": ""exclude""}","[""maximize correlation between EEG and speech stimuli""]",2023 - A Deep Learning Model for Correlation Analysis between Electroencephalography Signal and Speech Stimuli. - PMID 37836869.md,,0.9,high,{},1,"{""exclude"": 1}"
2026-07-27T12:23:32.158013+00:00,37126506,10.1371/journal.pone.0284480,2023,"A comparison of machine learning approaches for the quantification of microglial cells in the brain of mice, rats and non-human primates.",PloS one,exclude,fulltext_screening,,wrong_population: Animal histology microglia quantification with machine learning; not human brain MRI reconstruction.,,,FALSE,"{""Dat Mai_fulltext"": ""exclude""}","[""quantification of microglial cells in the brain of mice, rats""]","2023 - A comparison of machine learning approaches for the quantification of microglial cells in the brain of mice, rats and no - PMID 37126506.md",,0.9,high,{},1,"{""exclude"": 1}"
2026-07-27T12:23:32.158013+00:00,37963952,10.1038/s41598-023-46073-4,2023,Accelerated preprocessing of large numbers of brain images by parallel computing on supercomputers.,Scientific reports,exclude,fulltext_screening,,"out_of_scope: Concerns computational speed of FreeSurfer preprocessing on a supercomputer, not reconstruction safety or fidelity.",,,FALSE,"{""Dat Mai_fulltext"": ""exclude""}","[""shorten the analysis time for data preprocessing"", ""calculation time of 17.33 h""]",2023 - Accelerated preprocessing of large numbers of brain images by parallel computing on supercomputers. - PMID 37963952.md,,0.8,medium,{},1,"{""exclude"": 1}"
2026-07-27T12:23:32.158013+00:00,37384951,10.1016/j.media.2023.102872,2023,Adaptive diffusion priors for accelerated MRI reconstruction.,Medical image analysis,include,fulltext_screening,"Proposes an adaptive diffusion-prior reconstruction for accelerated multi-contrast brain MRI, explicitly targeting reliability against domain shifts of a generative reconstruction.",,,,FALSE,"{""Dat Mai_fulltext"": ""include""}","[""improve reliability against domain shifts"", ""AdaDiff outperforms competing conditional and unconditional methods under domain shifts""]",2023 - Adaptive diffusion priors for accelerated MRI reconstruction. - PMID 37384951.md,,0.65,low,{},1,"{""include"": 1}"
2026-07-27T12:23:32.158013+00:00,,10.1109/isbi53787.2023.10230351,2023,Brain Subtle Anomaly Detection Based on Auto-Encoders Latent Space Analysis: Application To De Novo Parkinson Patients,2023 IEEE ISBI,exclude,fulltext_screening,,"out_of_scope: Autoencoder latent-space anomaly detection of brain lesions in Parkinson patients, not an evaluation of reconstruction safety or fidelity.",,,FALSE,"{""Dat Mai_fulltext"": ""exclude""}","[""reconstruction error criterion may limit their performance"", ""subtle anomalies such as hardly visible brain lesions""]",2023 - Brain Subtle Anomaly Detection Based on Auto-Encoders Latent Space Analysis Application To De Novo Parkinson Patients - IEEEXPLORE 10230351.md,,0.7,medium,{},1,"{""exclude"": 1}"
2026-07-27T12:23:32.158013+00:00,36702502,10.3174/ajnr.a7777,2023,Clinical Evaluation of Scout Accelerated Motion Estimation and Reduction Technique for 3D MR Imaging in the Inpatient and Emergency Department Settings.,AJNR. American journal of neuroradiology,include,fulltext_screening,"Evaluates a retrospective motion-correction reconstruction (SAMER) for brain MRI, using blinded neuroradiologist grading of motion artifacts and diagnostic quality.",,,,FALSE,"{""Dat Mai_fulltext"": ""include""}","[""retrospective motion correction"", ""improved the diagnostic image quality of clinical brain MR""]",2023 - Clinical Evaluation of Scout Accelerated Motion Estimation and Reduction Technique for 3D MR Imaging in the Inpatient an - PMID 36702502.md,,0.55,low,{},1,"{""include"": 1}"
2026-07-27T12:23:32.158013+00:00,,10.1007/s00062-023-01261-7,2023,Comparison of EPI DWI and STEAM DWI in Early Postoperative MRI Controls After Resection of Tumors of the Central Nervous System,Clinical Neuroradiology,include,fulltext_Thu_adjudication,failure_mode_evaluation: Resolved to include: the study is an evaluation of a diagnostic failure mode - susceptibility artifacts in brain DWI causing missed or undersized ischemic lesions (omitted true pathology) - quantified by blinded vis ...,,,,FALSE,"{""Dat Mai_fulltext"": ""flagged"", ""Thu_adjudicator"": ""include""}","[""severe and diagnostically relevant artifacts in EPI DWI, but none in STEAM DWI"", ""led to a worse detection of ischemic lesions and thus to a possible failed diagnosis""]",2023 - Comparison of EPI DWI and STEAM DWI in Early Postoperative MRI Controls After Resection of Tumors of the Central Nervous - SPRINGER 10.1007_s00062-023-01261-7.md,,0.55,low,"{""Thu_adjudicator"": ""include""}",1,"{""flagged"": 1}"
2026-07-27T12:23:32.158013+00:00,36738847,10.1016/j.jneumeth.2023.109810,2023,Controlling jaw-related motion artifacts in functional near-infrared spectroscopy.,Journal of neuroscience methods,exclude,fulltext_screening,,"wrong_intervention_or_index: Addresses motion artifacts in fNIRS optical neuroimaging, not MRI reconstruction.",,,FALSE,"{""Dat Mai_fulltext"": ""exclude""}","[""control the jaw-related motion artifacts in fNIRS signals""]",2023 - Controlling jaw-related motion artifacts in functional near-infrared spectroscopy. - PMID 36738847.md,,0.85,high,{},1,"{""exclude"": 1}"
2026-07-27T12:23:32.158013+00:00,,10.48550/arxiv.2305.00088,2023,DD-CISENet: Dual-Domain Cross-Iteration Squeeze and Excitation Network for Accelerated MRI Reconstruction,arXiv.org,include,fulltext_screening,Deep-learning accelerated brain MRI reconstruction that reduces aliasing artifacts and is evaluated by reconstruction error against other DL methods on fastMRI brain data.,,,,FALSE,"{""Dat Mai_fulltext"": ""include""}","[""severe aliasing reconstruction artifacts"", ""average reconstruction error by DD-CISENet was 2.28""]",2023 - DD-CISENet Dual-Domain Cross-Iteration Squeeze and Excitation Network for Accelerated MRI Reconstruction - SEMANTICSCHOLAR ce78239f940be85d2d81ce9c3f53642eb3a6ecb4.md,,0.55,low,{},1,"{""include"": 1}"
2026-07-27T12:23:32.158013+00:00,37797482,10.1016/j.media.2023.102942,2023,"Deep learning, data ramping, and uncertainty estimation for detecting artifacts in large, imbalanced databases of MRI images.",Medical image analysis,include,fulltext_screening,"Proposes an automated deep-learning method with uncertainty estimation to detect artifacts in large MRI databases, an evaluation/quality-control methodology for a reconstruction failure mode.",,,,FALSE,"{""Dat Mai_fulltext"": ""include""}","[""Automated methods to detect MRI artifacts"", ""generate probabilities and epistemic uncertainties""]","2023 - Deep learning, data ramping, and uncertainty estimation for detecting artifacts in large, imbalanced databases of MRI im - PMID 37797482.md",,0.6,low,{},1,"{""include"": 1}"
2026-07-27T12:23:32.158013+00:00,36433748,10.1002/mp.16119,2023,Deep learning-based motion quantification from k-space for fast model-based magnetic resonance imaging motion correction.,Medical physics,include,fulltext_screening,"Explicitly targets hallucination risk of image-to-image deep-learning motion correction of head MRI, proposing a data-consistency-preserving method and evaluating fidelity (SSIM/RMSE) with no hallucinations.",,,,FALSE,"{""Dat Mai_fulltext"": ""include""}","[""can be prone to undesired alterations of the image (hallucinations')"", ""no hallucinations were observed""]",2023 - Deep learning-based motion quantification from k-space for fast model-based magnetic resonance imaging motion correction - PMID 36433748.md,,0.75,medium,{},1,"{""include"": 1}"
2026-07-27T12:23:32.158013+00:00,,10.1038/s41377-023-01230-2,2023,"Deep self-learning enables fast, high-fidelity isotropic resolution restoration for volumetric fluorescence microscopy",Light: Science & Applications,exclude,fulltext_screening,,"wrong_intervention_or_index: Resolution restoration for fluorescence microscopy, not MRI reconstruction, despite discussing hallucination suppression.",,,FALSE,"{""Dat Mai_fulltext"": ""exclude""}","[""for volumetric microscopy"", ""suppress the hallucination with substantially enhanced image quality""]","2023 - Deep self-learning enables fast, high-fidelity isotropic resolution restoration for volumetric fluorescence microscopy - SPRINGER 10.1038_s41377-023-01230-2.md",,0.85,high,{},1,"{""exclude"": 1}"
2026-07-27T12:23:32.158013+00:00,,10.33266/1024-6177-2023-68-6-106-117,2023,Development of Software Tools Based on Clinical Data and Phantom Studies for Mathematical Simulation Modeling to Assess Brain Perfusion and Improve Image Quality During SPECT/CT with 99mTc-GMPAO,Medical Radiology and radiation safety,exclude,fulltext_screening,,"wrong_intervention_or_index: Evaluates SPECT/CT reconstruction (OSEM) errors and stopping criteria for brain perfusion imaging, not MRI reconstruction.",,,FALSE,"{""Dat Mai_fulltext"": ""exclude""}","[""image reconstruction program based on the OSEM algorithm"", ""investigate errors in the reconstruction algorithm""]",2023 - Development of Software Tools Based on Clinical Data and Phantom Studies for Mathematical Simulation Modeling to Assess - OPENALEX W4389489506.md,,0.7,medium,{},1,"{""exclude"": 1}"
2026-07-27T12:23:32.158013+00:00,36867912,10.1016/j.media.2023.102744,2023,Diffusion MRI data analysis assisted by deep learning synthesized anatomical images (DeepAnat).,Medical image analysis,include,fulltext_screening,"Deep-learning synthesis of anatomical brain MRI from diffusion data, evaluated for fidelity/similarity to native images and for correcting geometric-distortion-related co-registration.",,,,FALSE,"{""Dat Mai_fulltext"": ""include""}","[""not corrected for susceptibility-induced geometric distortion"", ""highly similar to those from native T1w data""]",2023 - Diffusion MRI data analysis assisted by deep learning synthesized anatomical images (DeepAnat). - PMID 36867912.md,,0.5,low,{},1,"{""include"": 1}"
2026-07-27T12:23:32.158013+00:00,37125656,10.1002/mrm.29684,2023,Distortion-corrected image reconstruction with deep learning on an MRI-Linac.,Magnetic resonance in medicine,include,fulltext_screening,"Deep-learning reconstruction that corrects geometric distortion in brain MRI, addressing a listed failure mode and evaluated with SSIM/RMSE and structure preservation.",,,,FALSE,"{""Dat Mai_fulltext"": ""include""}","[""geometric distortions caused by gradient nonlinearities"", ""better preserves image structures ... highest SSIM""]",2023 - Distortion-corrected image reconstruction with deep learning on an MRI-Linac. - PMID 37125656.md,,0.65,low,{},1,"{""include"": 1}"
2026-07-27T12:23:32.158013+00:00,,10.1007/s12149-022-01808-7,2023,Dosimetry and efficacy of a tau PET tracer [18F]MK-6240 in Japanese healthy elderly and patients with Alzheimer’s disease,Annals of Nuclear Medicine,exclude,fulltext_screening,,"out_of_scope: Clinical PET tracer dosimetry/pharmacokinetics study, unrelated to MRI reconstruction safety.",,,FALSE,"{""Dat Mai_fulltext"": ""exclude""}","[""radiation dosimetry, pharmacokinetics and biodistribution of [18F]MK-6240""]",2023 - Dosimetry and efficacy of a tau PET tracer 18F MK-6240 in Japanese healthy elderly and patients with Alzheimer’s disease - SPRINGER 10.1007_s12149-022-01808-7.md,,0.9,high,{},1,"{""exclude"": 1}"
2026-07-27T12:23:32.158013+00:00,36824894,10.1101/2023.02.15.528684,2023,Eddy current-induced artifacts correction in high gradient strength diffusion MRI with dynamic field monitoring: demonstration in ex vivo human brain imaging,bioRxiv,exclude,fulltext_Thu_adjudication,,"wrong_outcome: Resolved to exclude: although ghosting and geometric distortion are in-scope failure modes, the contribution is a field-monitoring-informed reconstruction framework that corrects them, benchmarked qualitatively against naviga ...",,,FALSE,"{""Dat Mai_fulltext"": ""flagged"", ""Thu_adjudicator"": ""exclude""}","[""To demonstrate the advantages of spatiotemporal magnetic field monitoring to correct eddy current-induced artifacts"", ""efficacy of dynamic field monitoring-based image reconstruction was demonstrated on high-resolution whole brain ex vivo ...",2023 - Eddy current-induced artifacts correction in high gradient strength diffusion MRI with dynamic field monitoring demonstr - SEMANTICSCHOLAR cfba3e522bc74e1befc0a0147bdb207692984eb5.md,,0.55,low,"{""Thu_adjudicator"": ""exclude""}",1,"{""flagged"": 1}"
2026-07-27T12:23:32.158013+00:00,37058493,10.1371/journal.pone.0284440,2023,Effect of geometric distortion correction on thickness and volume measurements of cortical parcellations in 3D T1w gradient echo sequences.,PloS one,include,fulltext_screening,"Quantifies how gradient geometric-distortion correction affects brain volumetric measurement reliability, a fidelity evaluation of a listed distortion failure mode.",,,,FALSE,"{""Dat Mai_fulltext"": ""include""}","[""image distortions can corrupt and bias the analysis"", ""Correcting for gradient non-linearities can have significant influence on volumetric analysis""]",2023 - Effect of geometric distortion correction on thickness and volume measurements of cortical parcellations in 3D T1w gradi - PMID 37058493.md,,0.5,low,{},1,"{""include"": 1}"
2026-07-27T12:23:32.158013+00:00,37237139,10.1038/s41598-023-35794-1,2023,Evaluation of motion artefact reduction depending on the artefacts' directions in head MRI using conditional generative adversarial networks.,Scientific reports,include,fulltext_screening,"Evaluates conditional-GAN motion-artifact correction of head MRI, addressing a reconstruction failure mode with SSIM/PSNR fidelity metrics against artifact-free images.",,,,FALSE,"{""Dat Mai_fulltext"": ""include""}","[""compare and evaluate the accuracy of motion artefacts correction using a conditional generative adversarial network"", ""evaluated using structural image similarity (SSIM) and peak signal-to-noise ratio""]",2023 - Evaluation of motion artefact reduction depending on the artefacts' directions in head MRI using conditional generative - PMID 37237139.md,,0.6,low,{},1,"{""include"": 1}"
2026-07-27T12:23:32.158013+00:00,37284977,10.1007/s12021-023-09635-5,2023,Geometric Reliability of Super-Resolution Reconstructed Images from Clinical Fetal MRI in the Second Trimester.,Neuroinformatics,include,fulltext_screening,Directly evaluates the geometric reliability of super-resolution reconstructed fetal brain MRI across toolkits via biometric comparisons to acquired images.,,,,FALSE,"{""Dat Mai_fulltext"": ""include""}","[""Geometric Reliability of Super-Resolution Reconstructed Images"", ""NiftyMIC and MIALSRTK provide reliable SR reconstructed volumes""]",2023 - Geometric Reliability of Super-Resolution Reconstructed Images from Clinical Fetal MRI in the Second Trimester. - PMID 37284977.md,,0.65,low,{},1,"{""include"": 1}"
2026-07-27T12:23:32.158013+00:00,37070221,10.1002/nbm.4954,2023,Global deep learning optimization of chemical exchange saturation transfer magnetic resonance fingerprinting acquisition schedule.,NMR in biomedicine,exclude,fulltext_screening,,"out_of_scope: Deep-learning optimization of a CEST-MRF acquisition schedule with tissue-map reproducibility, rather than an evaluation of reconstruction safety/fidelity failure modes.",,,FALSE,"{""Dat Mai_fulltext"": ""exclude""}","[""optimize the CEST-MRF acquisition schedule"", ""lower normalized root mean square error for all parameters""]",2023 - Global deep learning optimization of chemical exchange saturation transfer magnetic resonance fingerprinting acquisition - PMID 37070221.md,,0.5,low,{},1,"{""exclude"": 1}"
2026-07-27T12:23:32.158013+00:00,36841894,10.1038/s41598-023-30344-1,2023,High frequency conductivity decomposition by solving physically constraint underdetermined inverse problem in human brain.,Scientific reports,exclude,fulltext_screening,,"out_of_scope: Reconstruction of tissue conductivity maps (MR electrical properties tomography), a niche quantitative inverse problem not about image-reconstruction safety/fidelity failure modes.",,,FALSE,"{""Dat Mai_fulltext"": ""exclude""}","[""physically constraint underdetermined inverse problem"", ""analyzed the errors for reconstructed extra-neurite conductivity""]",2023 - High frequency conductivity decomposition by solving physically constraint underdetermined inverse problem in human brai - PMID 36841894.md,,0.6,low,{},1,"{""exclude"": 1}"
2026-07-27T12:23:32.158013+00:00,37783362,10.1016/j.neuroimage.2023.120387,2023,High resolution 0.5mm isotropic T1-weighted and diffusion tensor templates of the brain of non-demented older adults in a common space for the MIITRA atlas.,NeuroImage,exclude,fulltext_screening,,out_of_scope: Constructs high-resolution brain atlas templates; not an evaluation of MRI reconstruction safety or fidelity.,,,FALSE,"{""Dat Mai_fulltext"": ""exclude""}","[""develop 0.5 mm isotropic resolution T1w and DTI templates"", ""free of artifacts""]",2023 - High resolution 0.5mm isotropic T1-weighted and diffusion tensor templates of the brain of non-demented older adults in - PMID 37783362.md,,0.65,medium,{},1,"{""exclude"": 1}"
2026-07-27T12:23:32.158013+00:00,36106429,10.1002/nbm.4831,2023,"High-fidelity, high-spatial-resolution diffusion magnetic resonance imaging of ex vivo whole human brain at ultra-high gradient strength with structured low-rank echo-planar imaging ghost correction.",NMR in biomedicine,include,fulltext_screening,"Applies a structured low-rank k-space reconstruction to correct ghosting artifacts in human brain diffusion MRI, addressing a reconstruction failure mode with fidelity improvement over alternatives.",,,,FALSE,"{""Dat Mai_fulltext"": ""include""}","[""pronounced ghosting artifacts"", ""structured low-rank matrix (SLM) modeling ... to mitigate artifacts""]","2023 - High-fidelity, high-spatial-resolution diffusion magnetic resonance imaging of ex vivo whole human brain at ultra-high g - PMID 36106429.md",,0.5,low,{},1,"{""include"": 1}"
2026-07-27T12:23:32.158013+00:00,36708203,10.1002/mrm.29608,2023,High-resolution motion- and phase-corrected functional MRI at 7 T using shuttered multishot echo-planar imaging.,Magnetic resonance in medicine,exclude,fulltext_screening,,out_of_scope: A shuttered multishot EPI acquisition for high-resolution fMRI reducing ghosting; primarily an fMRI acquisition method rather than a reconstruction-safety evaluation.,,,FALSE,"{""Dat Mai_fulltext"": ""exclude""}","[""reduced sensitivity to in-plane motion"", ""increased spurious activation outside the brain""]",2023 - High-resolution motion- and phase-corrected functional MRI at 7 T using shuttered multishot echo-planar imaging. - PMID 36708203.md,,0.5,low,{},1,"{""exclude"": 1}"
2026-07-27T12:23:32.158013+00:00,37010811,10.1002/mrm.29647,2023,Highly accelerated intracranial time-of-flight magnetic resonance angiography using wave-encoding.,Magnetic resonance in medicine,include,fulltext_screening,"Accelerated wave-encoded intracranial MRA reconstruction evaluated for flow artifacts and fidelity (SSIM, contrast) versus fully sampled references at high acceleration.",,,,FALSE,"{""Dat Mai_fulltext"": ""include""}","[""Flow-related artifacts in wave-TOF were investigated"", ""structural similarity index measure (SSIM) between the maximum intensity projection images""]",2023 - Highly accelerated intracranial time-of-flight magnetic resonance angiography using wave-encoding. - PMID 37010811.md,,0.45,low,{},1,"{""include"": 1}"
2026-07-27T12:23:32.158013+00:00,36914107,10.1016/j.neuroimage.2023.120011,2023,Improved sensitivity and microvascular weighting of 3T laminar fMRI with GE-BOLD using NORDIC and phase regression.,NeuroImage,exclude,fulltext_screening,,"out_of_scope: Uses NORDIC denoising and phase regression to improve laminar fMRI feasibility, not an evaluation of MRI reconstruction safety/fidelity failure modes.",,,FALSE,"{""Dat Mai_fulltext"": ""exclude""}","[""NORDIC denoising and phase regression"", ""tSNR values comparable to or higher than commonly observed at 7T""]",2023 - Improved sensitivity and microvascular weighting of 3T laminar fMRI with GE-BOLD using NORDIC and phase regression. - PMID 36914107.md,,0.5,low,{},1,"{""exclude"": 1}"
2026-07-27T12:23:32.158013+00:00,37784039,10.1186/s12880-023-01109-z,2023,"Improving MR image quality with a multi-task model, using convolutional losses.",BMC medical imaging,include,fulltext_screening,"Machine-learning multi-task correction of bias, super-resolution, motion, and noise artifacts in brain MRI, evaluated for image fidelity with a perceptual metric.",,,,FALSE,"{""Dat Mai_fulltext"": ""include""}","[""correct for all four aforementioned artefacts using multi-task learning"", ""produce sharper, more realistic results""]","2023 - Improving MR image quality with a multi-task model, using convolutional losses. - PMID 37784039.md",,0.6,low,{},1,"{""include"": 1}"
2026-07-27T12:23:32.158013+00:00,37079170,10.1007/s11604-023-01431-0,2023,In reply: the improvement technique for reproducibility of diffusion tensor image analysis along the perivascular space (DTI-ALPS).,Japanese journal of radiology,background_only,fulltext_screening,,,,review_for_background: Letter/Comment reply with no abstract and no methodological contribution; a commentary publication type.,FALSE,"{""Dat Mai_fulltext"": ""background_only""}","[""In reply"", ""Letter""]",2023 - In reply the improvement technique for reproducibility of diffusion tensor image analysis along the perivascular space ( - PMID 37079170.md,,0.7,medium,{},1,"{""background_only"": 1}"
2026-07-27T12:23:32.158013+00:00,36808915,10.1088/1361-6560/acbde2,2023,Mesh modeling of system geometry and anatomy phantoms for realistic GATE simulations and their inclusion in SPECT reconstruction.,Physics in medicine and biology,exclude,fulltext_screening,,"wrong_intervention_or_index: Monte Carlo simulation and reconstruction for a brain SPECT system, not MRI reconstruction.",,,FALSE,"{""Dat Mai_fulltext"": ""exclude""}","[""their inclusion in SPECT reconstruction"", ""simulation of complex SPECT acquisitions and reconstructions""]",2023 - Mesh modeling of system geometry and anatomy phantoms for realistic GATE simulations and their inclusion in SPECT recons - PMID 36808915.md,,0.75,medium,{},1,"{""exclude"": 1}"
2026-07-27T12:23:32.158013+00:00,36856903,10.1007/s10278-022-00697-6,2023,Multi-Modal Brain Tumor Data Completion Based on Reconstruction Consistency Loss.,Journal of digital imaging,include,fulltext_screening,GAN-based generative completion/synthesis of missing brain tumor MRI modalities evaluated with PSNR/SSIM fidelity metrics and downstream segmentation.,,,,FALSE,"{""Dat Mai_fulltext"": ""include""}","[""corrupted by noise or artifacts during the practical scanning process"", ""PSNR and SSIM as evaluation metrics""]",2023 - Multi-Modal Brain Tumor Data Completion Based on Reconstruction Consistency Loss. - PMID 36856903.md,,0.5,low,{},1,"{""include"": 1}"
2026-07-27T12:23:32.158013+00:00,34757909,10.1109/tvcg.2021.3127132,2023,NeuRegenerate: A Framework for Visualizing Neurodegeneration.,IEEE transactions on visualization and computer graphics,exclude,fulltext_screening,,"wrong_population: GAN-based prediction/visualization of neural fiber morphology in mouse-brain wide-field microscopy, not human brain MRI reconstruction.",,,FALSE,"{""Dat Mai_fulltext"": ""exclude""}","[""large brain microscopy volumes"", ""cholinergic system of the mouse brain""]",2023 - NeuRegenerate A Framework for Visualizing Neurodegeneration. - PMID 34757909.md,,0.8,medium,{},1,"{""exclude"": 1}"
2026-07-27T12:23:32.158013+00:00,37963396,10.1088/1741-2552/ad0c5f,2023,Novel machine learning approaches for improving the reproducibility and reliability of functional and effective connectivity from functional MRI.,Journal of neural engineering,exclude,fulltext_screening,,"out_of_scope: Develops ML functional/effective connectivity measures and their reproducibility, not an evaluation of MRI reconstruction safety or fidelity.",,,FALSE,"{""Dat Mai_fulltext"": ""exclude""}","[""improving the reproducibility and reliability of functional and effective connectivity"", ""measure of FC (ML.FC)""]",2023 - Novel machine learning approaches for improving the reproducibility and reliability of functional and effective connecti - PMID 37963396.md,,0.7,medium,{},1,"{""exclude"": 1}"
2026-07-27T12:23:32.158013+00:00,37394534,10.1186/s41747-023-00351-y,2023,Optimized flow compensation for contrast-enhanced T1-weighted Wave-CAIPI 3D MPRAGE imaging of the brain.,European radiology experimental,include,fulltext_screening,"Addresses flow-related artifacts in accelerated Wave-CAIPI brain MRI that mimic enhancing lesions (a fabricated-pathology failure mode), evaluated with radiologist ratings.",,,,FALSE,"{""Dat Mai_fulltext"": ""include""}","[""flow-related artifacts mimicked enhancing lesions"", ""reduce these artifacts through testing in a custom-built flow phantom""]",2023 - Optimized flow compensation for contrast-enhanced T1-weighted Wave-CAIPI 3D MPRAGE imaging of the brain. - PMID 37394534.md,,0.6,low,{},1,"{""include"": 1}"
2026-07-27T12:23:32.158013+00:00,36897057,10.1177/19714009231163559,2023,Pediatric low-dose head CT: Image quality improvement using iterative model reconstruction.,The neuroradiology journal,exclude,fulltext_screening,,"wrong_intervention_or_index: Evaluates iterative reconstruction for pediatric head CT, not MRI reconstruction.",,,FALSE,"{""Dat Mai_fulltext"": ""exclude""}","[""low-dose head computed tomography (CT)"", ""iterative model reconstruction""]",2023 - Pediatric low-dose head CT Image quality improvement using iterative model reconstruction. - PMID 36897057.md,,0.75,medium,{},1,"{""exclude"": 1}"
2026-07-27T12:23:32.158013+00:00,37423271,10.1016/j.neuroimage.2023.120248,2023,Randomized iterative spherical-deconvolution informed tractogram filtering.,NeuroImage,exclude,fulltext_screening,,"out_of_scope: Improves reliability of tractogram (streamline) filtering, a tractography post-processing task, not MRI image reconstruction safety/fidelity.",,,FALSE,"{""Dat Mai_fulltext"": ""exclude""}","[""tractogram filtering methods have been developed to remove faulty connections"", ""facing problems with reliability""]",2023 - Randomized iterative spherical-deconvolution informed tractogram filtering. - PMID 37423271.md,,0.7,medium,{},1,"{""exclude"": 1}"
2026-07-27T12:23:32.158013+00:00,36594439,10.1002/mrm.29573,2023,Reconstruction for 7T high-resolution whole-brain diffusion MRI using two-stage N/2 ghost correction and L1-SPIRiT without single-band reference.,Magnetic resonance in medicine,exclude,fulltext_screening,,"wrong_intervention_or_index: Classical parallel-imaging/compressed-sensing reconstruction (L1-SPIRiT) method development, not an AI/ML reconstruction nor a safety-evaluation methodology.",,,FALSE,"{""Dat Mai_fulltext"": ""exclude""}","[""two-stage N/2 ghost correction and an adapted L1-SPIRiT method""]",2023 - Reconstruction for 7T high-resolution whole-brain diffusion MRI using two-stage N 2 ghost correction and L1-SPIRiT witho - PMID 36594439.md,,0.7,medium,{},1,"{""exclude"": 1}"
2026-07-27T12:23:32.158013+00:00,36648573,10.1007/s10554-023-02793-2,2023,Reliability of respiratory-gated real-time two-dimensional cine incorporating deep learning reconstruction for the assessment of ventricular function in an adult population.,The international journal of cardiovascular imaging,exclude,fulltext_screening,,"wrong_population: Cardiac cine MRI (ventricular function), not brain MRI reconstruction.",,,FALSE,"{""Dat Mai_fulltext"": ""exclude""}","[""assessment of ventricular function in an adult population""]",2023 - Reliability of respiratory-gated real-time two-dimensional cine incorporating deep learning reconstruction for the asses - PMID 36648573.md,,0.9,high,{},1,"{""exclude"": 1}"
2026-07-27T12:23:32.158013+00:00,37183791,10.1002/mrm.29705,2023,Robust retrospective motion correction of head motion using navigator-based and markerless motion tracking techniques.,Magnetic resonance in medicine,exclude,fulltext_screening,,"wrong_intervention_or_index: Navigator/markerless retrospective motion correction (non-AI acquisition/reconstruction), not an AI/ML reconstruction or its safety evaluation.",,,FALSE,"{""Dat Mai_fulltext"": ""exclude""}","[""retrospective correction based on two different motion-tracking techniques""]",2023 - Robust retrospective motion correction of head motion using navigator-based and markerless motion tracking techniques. - PMID 37183791.md,,0.65,medium,{},1,"{""exclude"": 1}"
2026-07-27T12:23:32.158013+00:00,,10.1007/978-3-031-46914-5_23,2023,SADIR: Shape-Aware Diffusion Models for 3D Image Reconstruction,Shape in Medical Imaging,include,fulltext_screening,Diffusion-model-based 3D reconstruction validated on brain MRI that explicitly targets reconstruction artifacts and anatomical/topological fidelity.,,,,FALSE,"{""Dat Mai_fulltext"": ""include""}","[""artifacts such as discontinuities, holes, or mismatched connections"", ""lower reconstruction error and better preservation of the shape structure""]",2023 - SADIR Shape-Aware Diffusion Models for 3D Image Reconstruction - SPRINGER 10.1007_978-3-031-46914-5_23.md,,0.6,low,{},1,"{""include"": 1}"
2026-07-27T12:23:32.158013+00:00,37317708,10.1002/mrm.29741,2023,Sampling strategies and integrated reconstruction for reducing distortion and boundary slice aliasing in high-resolution 3D diffusion MRI.,Magnetic resonance in medicine,exclude,fulltext_screening,,"wrong_intervention_or_index: Classical acquisition plus joint field-map reconstruction (non-AI) for distortion reduction, not an AI/ML reconstruction or its safety evaluation.",,,FALSE,"{""Dat Mai_fulltext"": ""exclude""}","[""reducing distortion and boundary slice aliasing""]",2023 - Sampling strategies and integrated reconstruction for reducing distortion and boundary slice aliasing in high-resolution - PMID 37317708.md,,0.65,medium,{},1,"{""exclude"": 1}"
2026-07-27T12:23:32.158013+00:00,,10.1007/978-3-031-43999-5_47,2023,Self-supervised MRI Reconstruction with Unrolled Diffusion Models,Medical Image Computing and Computer Assisted Intervention – MICCAI 2023,include,fulltext_screening,Deep-learning (diffusion) accelerated brain MRI reconstruction explicitly addressing image fidelity and reliability limitations.,,,,FALSE,"{""Dat Mai_fulltext"": ""include""}","[""limitations regarding image fidelity, contextual sensitivity"", ""diffusion methods can show limited reliability""]",2023 - Self-supervised MRI Reconstruction with Unrolled Diffusion Models - SPRINGER 10.1007_978-3-031-43999-5_47.md,,0.6,low,{},1,"{""include"": 1}"
2026-07-27T12:23:32.158013+00:00,36634366,10.1088/1361-6560/acb2a9,2023,Simultaneous multi-segment (SMSeg) EPI over multiple focal regions.,Physics in medicine and biology,exclude,fulltext_screening,,"wrong_intervention_or_index: Classical EPI acquisition with GRAPPA parallel imaging, not an AI/ML reconstruction or a safety-evaluation methodology.",,,FALSE,"{""Dat Mai_fulltext"": ""exclude""}","[""without causing appreciable residual aliasing artifacts""]",2023 - Simultaneous multi-segment (SMSeg) EPI over multiple focal regions. - PMID 36634366.md,,0.75,medium,{},1,"{""exclude"": 1}"
2026-07-27T12:23:32.158013+00:00,37448116,10.1002/mrm.29789,2023,Simultaneous multislice EPI prospective motion correction by real-time receiver phase correction and coil sensitivity map interpolation.,Magnetic resonance in medicine,exclude,fulltext_screening,,"wrong_intervention_or_index: Classical SMS-EPI prospective motion correction via receiver phase/coil sensitivity handling, not an AI/ML reconstruction or its safety evaluation.",,,FALSE,"{""Dat Mai_fulltext"": ""exclude""}","[""Reconstruction induced motion artifacts in single-shot SMS-EPI scans""]",2023 - Simultaneous multislice EPI prospective motion correction by real-time receiver phase correction and coil sensitivity ma - PMID 37448116.md,,0.72,medium,{},1,"{""exclude"": 1}"
2026-07-27T12:23:32.158013+00:00,36214198,10.1002/hbm.26091,2023,Spatial variation of changes in test-retest reliability of functional connectivity after global signal regression: The effect of considering hemodynamic delay.,Human brain mapping,exclude,fulltext_screening,,"out_of_scope: Functional-connectivity denoising/reliability analysis, not about MRI image reconstruction or its safety/fidelity.",,,FALSE,"{""Dat Mai_fulltext"": ""exclude""}","[""test-retest reliability to characterize potential differences""]",2023 - Spatial variation of changes in test-retest reliability of functional connectivity after global signal regression The ef - PMID 36214198.md,,0.85,high,{},1,"{""exclude"": 1}"
2026-07-27T12:23:32.158013+00:00,37285247,10.1109/tmi.2023.3283948,2023,Spatial-Intensity Transforms for Medical Image-to-Image Translation.,IEEE transactions on medical imaging,include,fulltext_Thu_adjudication,"counterfactual_generative_fidelity: Resolved to include: SIT constrains a conditional generative model of brain MRI to a diffeomorphism plus sparse intensity change specifically to stop the generator from fabricating implausible anatomy, im ...",,,,FALSE,"{""Dat Mai_fulltext"": ""flagged"", ""Thu_adjudicator"": ""include""}","[""this technique significantly improves image fidelity, and our models generalize robustly to different scanners"", ""provides a disentangled view of anatomical and textural changes for each translation""]",2023 - Spatial-Intensity Transforms for Medical Image-to-Image Translation. - PMID 37285247.md,,0.55,low,"{""Thu_adjudicator"": ""include""}",1,"{""flagged"": 1}"
2026-07-27T12:23:32.158013+00:00,37537513,10.1007/s10278-023-00883-0,2023,Subject-Specific Automatic Reconstruction of White Matter Tracts.,Journal of digital imaging,exclude,fulltext_screening,,"out_of_scope: Tractography (white-matter tract) reconstruction reliability, not MRI image reconstruction safety/fidelity.",,,FALSE,"{""Dat Mai_fulltext"": ""exclude""}","[""robustness and reliability (i.e., test-retest reproducibility) of tractography""]",2023 - Subject-Specific Automatic Reconstruction of White Matter Tracts. - PMID 37537513.md,,0.75,medium,{},1,"{""exclude"": 1}"
2026-07-27T12:23:32.158013+00:00,36576333,10.1002/hbm.26183,2023,Systematic evaluation of head motion on resting-state functional connectivity MRI in the neonate.,Human brain mapping,exclude,fulltext_screening,,"out_of_scope: Study of head-motion effects on neonatal functional connectivity, not MRI image reconstruction safety/fidelity.",,,FALSE,"{""Dat Mai_fulltext"": ""exclude""}","[""evaluation of head motion on resting-state functional connectivity""]",2023 - Systematic evaluation of head motion on resting-state functional connectivity MRI in the neonate. - PMID 36576333.md,,0.85,high,{},1,"{""exclude"": 1}"
2026-07-27T12:23:32.158013+00:00,,10.1002/mrm.29828,2023,Three-dimensional echo-shifted EPI with simultaneous blip-up and blip-down acquisitions for correcting geometric distortion,Magnetic Resonance in Medicine,exclude,fulltext_screening,,"wrong_intervention_or_index: Classical SENSE/TOPUP joint reconstruction for EPI geometric distortion correction, not an AI/ML reconstruction or its safety evaluation.",,,FALSE,"{""Dat Mai_fulltext"": ""exclude""}","[""correct for geometric distortion""]",2023 - Three‐dimensional echo‐shifted scp EPI scp with simultaneous blip‐up and blip‐down acquisitions for correcting geometric - OPENALEX W4386438530.md,,0.72,medium,{},1,"{""exclude"": 1}"
2026-07-27T12:23:32.158013+00:00,36575327,10.1007/s10548-022-00935-8,2023,fMRIflows: A Consortium of Fully Automatic Univariate and Multivariate fMRI Processing Pipelines.,Brain topography,exclude,fulltext_screening,,"out_of_scope: fMRI processing-pipeline toolbox for reproducible analysis, not MRI reconstruction safety/fidelity.",,,FALSE,"{""Dat Mai_fulltext"": ""exclude""}","[""fully automatic neuroimaging pipelines for fMRI analysis""]",2023 - fMRIflows A Consortium of Fully Automatic Univariate and Multivariate fMRI Processing Pipelines. - PMID 36575327.md,,0.85,high,{},1,"{""exclude"": 1}"
2026-07-27T12:23:32.158013+00:00,,10.1186/s41747-024-00472-y,2024,"7 T and beyond: toward a synergy between fMRI-based presurgical mapping at ultrahigh magnetic fields, AI, and robotic neurosurgery",European Radiology Experimental,background_only,fulltext_screening,,,,"review_for_background: Narrative review/discussion of fMRI, AI and robotic neurosurgery synergies, not a primary methodological study.",FALSE,"{""Dat Mai_fulltext"": ""background_only""}","[""Here, we discuss presurgical fMRI mapping"", ""This review highlights the potential synergies""]","2024 - 7 T and beyond toward a synergy between fMRI-based presurgical mapping at ultrahigh magnetic fields, AI, and robotic neu - SPRINGER 10.1186_s41747-024-00472-y.md",,0.8,medium,{},1,"{""background_only"": 1}"
2026-07-27T12:23:32.158013+00:00,,10.1007/s10278-023-00933-7,2024,A 3D Sparse Autoencoder for Fully Automated Quality Control of Affine Registrations in Big Data Brain MRI Studies,Journal of Imaging Informatics in Medicine,exclude,fulltext_Thu_adjudication,,"wrong_intervention_or_index: Resolved to exclude: the automated QC target is affine registration/alignment quality in brain MRI pipelines, not the fidelity or safety of an image reconstruction - the 'reconstruction error' here is the autoen ...",,,FALSE,"{""Dat Mai_fulltext"": ""flagged"", ""Thu_adjudicator"": ""exclude""}","[""fully automated pipeline using a sparse convolutional autoencoder for quality control (QC) of affine registrations"", ""the quality of the registration is proportional to the reconstruction error of the autoencoder""]",2024 - A 3D Sparse Autoencoder for Fully Automated Quality Control of Affine Registrations in Big Data Brain MRI Studies - SPRINGER 10.1007_s10278-023-00933-7.md,,0.55,low,"{""Thu_adjudicator"": ""exclude""}",1,"{""flagged"": 1}"
2026-07-27T12:23:32.158013+00:00,38469930,10.1002/mrm.30077,2024,A 3D dual-echo spiral sequence for simultaneous dynamic susceptibility contrast and dynamic contrast-enhanced MRI with single bolus injection.,Magnetic resonance in medicine,exclude,fulltext_screening,,"wrong_intervention_or_index: Classical spiral perfusion sequence with SENSE and deblurring, not an AI/ML reconstruction or its safety evaluation.",,,FALSE,"{""Dat Mai_fulltext"": ""exclude""}","[""reduced geometric artifacts, and high temporal SNR""]",2024 - A 3D dual-echo spiral sequence for simultaneous dynamic susceptibility contrast and dynamic contrast-enhanced MRI with s - PMID 38469930.md,,0.72,medium,{},1,"{""exclude"": 1}"
2026-07-27T12:23:32.158013+00:00,38167996,10.1002/mp.16918,2024,AI-based motion artifact severity estimation in undersampled MRI allowing for selection of appropriate reconstruction models.,Medical physics,include,fulltext_screening,Deep-learning method to detect/quantify motion artifacts as an explicit safety mechanism for AI-based brain MRI reconstruction.,,,,FALSE,"{""Dat Mai_fulltext"": ""include""}","[""valuable as a safety mechanism for AI-based approaches"", ""improve the safety and quality of AI-based reconstructions""]",2024 - AI-based motion artifact severity estimation in undersampled MRI allowing for selection of appropriate reconstruction mo - PMID 38167996.md,,0.85,high,{},1,"{""include"": 1}"
2026-07-27T12:23:32.158013+00:00,,10.1038/s41598-024-59705-0,2024,Accelerated MRI reconstructions via variational network and feature domain learning,Scientific Reports,include,fulltext_screening,Deep-learning (VarNet) brain MRI reconstruction evaluated by neuroradiologists with explicit focus on anatomical-detail preservation vs loss.,,,,FALSE,"{""Dat Mai_fulltext"": ""include""}","[""FI VarNet excelled in preserving anatomical details, including blood vessels, whereas E2E VarNet discarded or blurred them""]",2024 - Accelerated MRI reconstructions via variational network and feature domain learning - SPRINGER 10.1038_s41598-024-59705-0.md,,0.7,medium,{},1,"{""include"": 1}"
2026-07-27T12:23:32.158013+00:00,,10.1109/access.2024.3408840,2024,Adversarial Learning for MRI Reconstruction and Classification of Cognitively Impaired Individuals,IEEE Access,include,fulltext_screening,"GAN-based brain MRI reconstruction from missing data, evaluating image quality (SSIM) and retention of disease-specific features (avoiding omitted pathology).",,,,FALSE,"{""Dat Mai_fulltext"": ""include""}","[""reconstructs higher quality brain magnetic resonance images"", ""retain disease-specific imaging features""]",2024 - Adversarial Learning for MRI Reconstruction and Classification of Cognitively Impaired Individuals - IEEEXPLORE 10546982.md,,0.6,low,{},1,"{""include"": 1}"
2026-07-27T12:23:32.158013+00:00,38400805,10.1002/jmri.29308,2024,Automated Quality Evaluation Index for Arterial Spin Labeling Derived Cerebral Blood Flow Maps.,Journal of magnetic resonance imaging : JMRI,include,fulltext_Thu_adjudication,"automated_judge_vs_human_baseline: Resolved to include: the paper develops an automated index that judges artifact burden and image quality of brain (ASL CBF) images and benchmarks it directly against two neuroradiologists' ratings, showing ...",,,,FALSE,"{""Dat Mai_fulltext"": ""flagged"", ""Thu_adjudicator"": ""include""}","[""The correlation between QEI and manual ratings (R = 0.83) was similar to inter-rater correlation (R = 0.81)"", ""The QEI correlated significantly better with manual ratings than did an existing approach""]",2024 - Automated Quality Evaluation Index for Arterial Spin Labeling Derived Cerebral Blood Flow Maps. - PMID 38400805.md,,0.6,low,"{""Thu_adjudicator"": ""include""}",1,"{""flagged"": 1}"
2026-07-27T12:23:32.158013+00:00,39079601,10.1016/j.jocmr.2024.101067,2024,Automating quality control in cardiac magnetic resonance: Artificial intelligence for discriminative assessment of planning and motion artifacts and real-time reacquisition guidance.,Journal of cardiovascular magnetic resonance,exclude,fulltext_screening,,"wrong_population: AI quality control for cardiac MR cine imaging, not brain MRI.",,,FALSE,"{""Dat Mai_fulltext"": ""exclude""}","[""quality control in cardiac magnetic resonance""]",2024 - Automating quality control in cardiac magnetic resonance Artificial intelligence for discriminative assessment of planni - PMID 39079601.md,,0.85,high,{},1,"{""exclude"": 1}"
2026-07-27T12:23:32.158013+00:00,38704666,10.1002/mrm.30151,2024,B0-insensitive image navigators for prospective motion-corrected MRS with localized second-order shimming.,Magnetic resonance in medicine,exclude,fulltext_screening,,"out_of_scope: MR spectroscopy motion navigators/shimming, not MRI image reconstruction safety/fidelity.",,,FALSE,"{""Dat Mai_fulltext"": ""exclude""}","[""motion navigators largely insensitive to B0 inhomogeneity for prospective motion-corrected MRS""]",2024 - B0-insensitive image navigators for prospective motion-corrected MRS with localized second-order shimming. - PMID 38704666.md,,0.78,medium,{},1,"{""exclude"": 1}"
2026-07-27T12:23:32.158013+00:00,38898230,10.1038/s41562-024-01908-6,2024,Brain-wide functional connectivity artifactually inflates throughout functional magnetic resonance imaging scans.,Nature human behaviour,exclude,fulltext_screening,,"out_of_scope: fMRI functional-connectivity artifact/denoising study, not MRI image reconstruction safety/fidelity.",,,FALSE,"{""Dat Mai_fulltext"": ""exclude""}","[""functional brain connectivity artifactually inflate""]",2024 - Brain-wide functional connectivity artifactually inflates throughout functional magnetic resonance imaging scans. - PMID 38898230.md,,0.85,high,{},1,"{""exclude"": 1}"
2026-07-27T12:23:32.158013+00:00,38009996,10.1002/mrm.29937,2024,CEST and nuclear Overhauser enhancement imaging with deep learning-extrapolated semisolid magnetization transfer reference: Scan-rescan reproducibility and reliability studies.,Magnetic resonance in medicine,include,fulltext_Thu_adjudication,"reliability_assessment_of_dl_output: Resolved to include, but as a borderline call: the paper is explicitly framed as a reliability and scan-rescan reproducibility assessment of deep-learning-extrapolated brain MR contrast, testing accuracy ...",,,,FALSE,"{""Dat Mai_fulltext"": ""flagged"", ""Thu_adjudicator"": ""include""}","[""to determine the reproducibility and reliability of the estimates from the DeepEMR"", ""achieved high reproducibility and reliability (intraclass correlation coefficient = 0.97""]",2024 - CEST and nuclear Overhauser enhancement imaging with deep learning-extrapolated semisolid magnetization transfer referen - PMID 38009996.md,,0.5,low,"{""Thu_adjudicator"": ""include""}",1,"{""flagged"": 1}"
2026-07-27T12:23:32.158013+00:00,38631534,10.1016/j.mri.2024.04.020,2024,Chaos and COSMOS-Considerations on QSM methods with multiple and single orientations and effects from local anisotropy.,Magnetic resonance imaging,exclude,fulltext_screening,,wrong_population: Ex vivo chimpanzee (animal) brain QSM using non-AI reconstruction methods.,,,FALSE,"{""Dat Mai_fulltext"": ""exclude""}","[""entire fixed chimpanzee brain were acquired at 7 T""]",2024 - Chaos and COSMOS-Considerations on QSM methods with multiple and single orientations and effects from local anisotropy. - PMID 38631534.md,,0.8,medium,{},1,"{""exclude"": 1}"
2026-07-27T12:23:32.158013+00:00,39501896,10.1002/hbm.70066,2024,Characterization and Mitigation of a Simultaneous Multi-Slice fMRI Artifact: Multiband Artifact Regression in Simultaneous Slices.,Human brain mapping,exclude,fulltext_screening,,"out_of_scope: fMRI multiband artifact characterization and regression-based denoising, not AI/ML reconstruction safety.",,,FALSE,"{""Dat Mai_fulltext"": ""exclude""}","[""regression-based detection and correction technique that successfully mitigates this shared signal""]",2024 - Characterization and Mitigation of a Simultaneous Multi-Slice fMRI Artifact Multiband Artifact Regression in Simultaneou - PMID 39501896.md,,0.8,medium,{},1,"{""exclude"": 1}"
2026-07-27T12:23:32.158013+00:00,,10.3174/ajnr.a8143,2024,Clinical Evaluation of a 2-Minute Ultrafast Brain MR Protocol for Evaluation of Acute Pathology in the Emergency and Inpatient Settings,American Journal of Neuroradiology,include,fulltext_screening,"Clinical evaluation of a machine-learning-assisted ultrafast brain MRI reconstruction assessing diagnostic fidelity, geometric distortion, and motion artifacts via blinded neuroradiologist review.",,,,FALSE,"{""Dat Mai_fulltext"": ""include""}","[""reconstructed by using a machine-learning assisted framework"", ""image noise and geometric distortion""]",2024 - Clinical Evaluation of a 2-Minute Ultrafast Brain MR Protocol for Evaluation of Acute Pathology in the Emergency and Inp - SCOPUS 2-s2.0-85189976776.md,,0.65,medium,{},1,"{""include"": 1}"
2026-07-27T12:23:32.158013+00:00,38511905,10.1111/epi.17951,2024,Combining magnetic resonance fingerprinting with voxel-based morphometric analysis to reduce false positives for focal cortical dysplasia detection.,Epilepsia,exclude,fulltext_screening,,"out_of_scope: Lesion-detection (FCD) false-positive reduction study, not MRI reconstruction safety/fidelity.",,,FALSE,"{""Dat Mai_fulltext"": ""exclude""}","[""reduce false positives for focal cortical dysplasia detection""]",2024 - Combining magnetic resonance fingerprinting with voxel-based morphometric analysis to reduce false positives for focal c - PMID 38511905.md,,0.78,medium,{},1,"{""exclude"": 1}"
2026-07-27T12:23:32.158013+00:00,,10.3390/brainsci14040396,2024,Complete Neuron Reconstruction Based on Branch Confidence,Brain Sciences,exclude,fulltext_screening,,"out_of_scope: Microscopy neuron-tracing reconstruction, not MRI image reconstruction.",,,FALSE,"{""Dat Mai_fulltext"": ""exclude""}","[""high-resolution images capturing brain neurons at the micrometer scale""]",2024 - Complete Neuron Reconstruction Based on Branch Confidence - SCOPUS 2-s2.0-85191715636.md,,0.85,high,{},1,"{""exclude"": 1}"
2026-07-27T12:23:32.158013+00:00,39434010,10.1186/s12880-024-01463-6,2024,Comprehensive assessment of imaging quality of artificial intelligence-assisted compressed sensing-based MR images in routine clinical settings.,BMC medical imaging,include,fulltext_screening,Qualitative/quantitative evaluation of AI-assisted compressed-sensing MRI reconstruction image quality (including brain) via radiologist review and metrics.,,,,FALSE,"{""Dat Mai_fulltext"": ""include""}","[""assessed the quality of MR images based on artefacts, image sharpness, overall image quality""]",2024 - Comprehensive assessment of imaging quality of artificial intelligence-assisted compressed sensing-based MR images in ro - PMID 39434010.md,,0.6,low,{},1,"{""include"": 1}"
2026-07-27T12:23:32.158013+00:00,39517718,10.3390/s24216821,2024,Computer Vision-Driven Movement Annotations to Advance fNIRS Pre-Processing Algorithms.,"Sensors (Basel, Switzerland)",exclude,fulltext_screening,,"out_of_scope: Motion annotation for fNIRS (near-infrared spectroscopy) preprocessing, not MRI reconstruction.",,,FALSE,"{""Dat Mai_fulltext"": ""exclude""}","[""Advance fNIRS Pre-Processing Algorithms""]",2024 - Computer Vision-Driven Movement Annotations to Advance fNIRS Pre-Processing Algorithms. - PMID 39517718.md,,0.85,high,{},1,"{""exclude"": 1}"
2026-07-27T12:23:32.158013+00:00,39048968,10.1186/s12880-024-01341-1,2024,Continuum topological derivative - a novel application tool for denoising CT and MRI medical images.,BMC medical imaging,exclude,fulltext_screening,,"wrong_intervention_or_index: Classical mathematical denoising filter for CT/MRI, not an AI/ML reconstruction or brain-specific reconstruction safety evaluation.",,,FALSE,"{""Dat Mai_fulltext"": ""exclude""}","[""denoising problem with continuum topological derivative technique""]",2024 - Continuum topological derivative - a novel application tool for denoising CT and MRI medical images. - PMID 39048968.md,,0.65,medium,{},1,"{""exclude"": 1}"
2026-07-27T12:23:32.158013+00:00,,10.1109/trpms.2024.3436697,2024,Deep Convolutional Backbone Comparison for Automated PET Image Quality Assessment,IEEE Transactions on Radiation and Plasma Medical Sciences,exclude,fulltext_screening,,out_of_scope: Automated image-quality assessment for brain PET (not MRI) reconstruction.,,,FALSE,"{""Dat Mai_fulltext"": ""exclude""}","[""Automated PET Image Quality Assessment""]",2024 - Deep Convolutional Backbone Comparison for Automated PET Image Quality Assessment - IEEEXPLORE 10620309.md,,0.8,medium,{},1,"{""exclude"": 1}"
2026-07-27T12:23:32.158013+00:00,38349416,10.1007/s11547-024-01787-x,2024,Deep learning-accelerated image reconstruction in back pain-MRI imaging: reduction of acquisition time and improvement of image quality.,La Radiologia medica,exclude,fulltext_screening,,wrong_population: Deep-learning reconstruction evaluated for lumbar spine imaging (not brain); also a retracted publication.,,,FALSE,"{""Dat Mai_fulltext"": ""exclude""}","[""deep learning-based image reconstruction techniques in lumbar spinal imaging""]",2024 - Deep learning-accelerated image reconstruction in back pain-MRI imaging reduction of acquisition time and improvement of - PMID 38349416.md,,0.8,medium,{},1,"{""exclude"": 1}"
2026-07-27T12:23:32.158013+00:00,39455814,10.1038/s41598-024-76592-7,2024,Deep learning-based super-resolution and denoising algorithm improves reliability of dynamic contrast-enhanced MRI in diffuse glioma.,Scientific reports,include,fulltext_screening,"Deep-learning super-resolution/denoising of brain DCE-MRI with explicit reliability, image-quality, and diagnostic-performance evaluation.",,,,FALSE,"{""Dat Mai_fulltext"": ""include""}","[""improves reliability of dynamic contrast-enhanced MRI"", ""significantly higher SNR and contrast-to-noise ratio""]",2024 - Deep learning-based super-resolution and denoising algorithm improves reliability of dynamic contrast-enhanced MRI in di - PMID 39455814.md,,0.65,medium,{},1,"{""include"": 1}"
2026-07-27T12:23:32.158013+00:00,38621552,10.1016/j.mri.2024.04.013,2024,DeepFLAIR: A neural network approach to mitigate signal and contrast loss in temporal lobes at 7 Tesla FLAIR images.,Magnetic resonance imaging,include,fulltext_screening,Neural-network method to mitigate brain FLAIR artifacts/signal loss with fidelity evaluation of gray-white matter boundary preservation.,,,,FALSE,"{""Dat Mai_fulltext"": ""include""}","[""mitigate signal and contrast loss"", ""gray-white matter boundary sharpness was either preserved or improved""]",2024 - DeepFLAIR A neural network approach to mitigate signal and contrast loss in temporal lobes at 7 Tesla FLAIR images. - PMID 38621552.md,,0.6,low,{},1,"{""include"": 1}"
2026-07-27T12:23:32.158013+00:00,,10.48550/arxiv.2409.00807,2024,Diffusion based multi-domain neuroimaging harmonization method with preservation of anatomical details,NeuroImage,include,fulltext_screening,Diffusion generative model for brain MRI explicitly targeting anatomical-distortion failure modes and evaluating anatomical-detail preservation/fidelity versus GAN artifacts.,,,,FALSE,"{""Dat Mai_fulltext"": ""include""}","[""GAN-harmonized images suffer from artifacts or anatomical distortions"", ""accurately preserve the anatomical details""]",2024 - Diffusion based multi-domain neuroimaging harmonization method with preservation of anatomical details - SEMANTICSCHOLAR f2189e72d7d7746142b42bb63b17a623e13b5061.md,,0.55,low,{},1,"{""include"": 1}"
2026-07-27T12:23:32.158013+00:00,39051729,10.1002/mrm.30221,2024,Distortion-free water-fat separated diffusion-weighted imaging using spatiotemporal joint reconstruction.,Magnetic resonance in medicine,exclude,fulltext_screening,,"wrong_intervention_or_index: Classical spatiotemporal joint reconstruction for distortion-free DWI (non-AI, multi-region), not an AI/ML reconstruction or its safety evaluation.",,,FALSE,"{""Dat Mai_fulltext"": ""exclude""}","[""distortion-free diffusion-weighted images using spatiotemporal acquisition and joint reconstruction""]",2024 - Distortion-free water-fat separated diffusion-weighted imaging using spatiotemporal joint reconstruction. - PMID 39051729.md,,0.7,medium,{},1,"{""exclude"": 1}"
2026-07-27T12:23:32.158013+00:00,,10.1038/s41598-024-56800-0,2024,Diverse adolescents’ transcendent thinking predicts young adult psychosocial outcomes via brain network development,Scientific Reports,exclude,fulltext_screening,,"out_of_scope: Developmental neuroscience/psychology study, unrelated to MRI reconstruction safety/fidelity.",,,FALSE,"{""Dat Mai_fulltext"": ""exclude""}","[""transcendent thinking predicts young adult psychosocial outcomes""]",2024 - Diverse adolescents’ transcendent thinking predicts young adult psychosocial outcomes via brain network development - SPRINGER 10.1038_s41598-024-56800-0.md,,0.9,high,{},1,"{""exclude"": 1}"
2026-07-27T12:23:32.158013+00:00,39089873,10.3174/ajnr.a8305,2024,Dual-Energy CTA Iodine Map Reconstructions Improve Visualization of Residual Cerebral Aneurysms following Endovascular Coiling.,AJNR. American journal of neuroradiology,exclude,fulltext_screening,,"out_of_scope: Dual-energy CT angiography material reconstruction for aneurysm detection, not MRI reconstruction.",,,FALSE,"{""Dat Mai_fulltext"": ""exclude""}","[""Dual-Energy CTA Iodine Map Reconstructions""]",2024 - Dual-Energy CTA Iodine Map Reconstructions Improve Visualization of Residual Cerebral Aneurysms following Endovascular C - PMID 39089873.md,,0.85,high,{},1,"{""exclude"": 1}"
2026-07-27T12:23:32.158013+00:00,37753621,10.1002/mrm.29873,2024,Eddy current-induced artifact correction in high b-value ex vivo human brain diffusion MRI with dynamic field monitoring.,Magnetic resonance in medicine,exclude,fulltext_screening,,"wrong_intervention_or_index: Classical dynamic-field-monitoring reconstruction for eddy-current artifact correction (non-AI, ex vivo), not an AI/ML reconstruction or its safety evaluation.",,,FALSE,"{""Dat Mai_fulltext"": ""exclude""}","[""Superior reduction of ghosting and geometric distortion was achieved with dynamic field monitoring""]",2024 - Eddy current-induced artifact correction in high b-value ex vivo human brain diffusion MRI with dynamic field monitoring - PMID 37753621.md,,0.7,medium,{},1,"{""exclude"": 1}"
2026-07-27T12:23:32.158013+00:00,38651650,10.1002/mrm.30126,2024,Effects of prospective motion correction on perivascular spaces at 7T MRI evaluated using motion artifact simulation.,Magnetic resonance in medicine,exclude,fulltext_screening,,"wrong_intervention_or_index: Classical Fourier-based motion-artifact simulation to evaluate prospective motion correction (non-AI), not an AI/ML reconstruction or its safety evaluation.",,,FALSE,"{""Dat Mai_fulltext"": ""exclude""}","[""evaluated using motion artifact simulation""]",2024 - Effects of prospective motion correction on perivascular spaces at 7T MRI evaluated using motion artifact simulation. - PMID 38651650.md,,0.62,low,{},1,"{""exclude"": 1}"
2026-07-27T12:23:32.158013+00:00,38988054,10.1002/mrm.30214,2024,Efficient standardization of clinical T2-weighted images: Phase-conjugacy e-CAMP with projected gradient descent.,Magnetic resonance in medicine,exclude,fulltext_screening,,"wrong_intervention_or_index: Classical optimization-based T2-map reconstruction algorithm (non-AI), not an AI/ML reconstruction or its safety evaluation.",,,FALSE,"{""Dat Mai_fulltext"": ""exclude""}","[""minimizing an objective function containing a data fidelity term""]",2024 - Efficient standardization of clinical T2-weighted images Phase-conjugacy e-CAMP with projected gradient descent. - PMID 38988054.md,,0.68,medium,{},1,"{""exclude"": 1}"
2026-07-27T12:23:32.158013+00:00,38423747,10.3174/ajnr.a8173,2024,Identifying Patients with CSF-Venous Fistula Using Brain MRI: A Deep Learning Approach.,AJNR. American journal of neuroradiology,exclude,fulltext_screening,,"out_of_scope: Deep-learning diagnostic classifier for CSF-venous fistula from brain MRI, not reconstruction safety/fidelity.",,,FALSE,"{""Dat Mai_fulltext"": ""exclude""}","[""deep learning model for the accurate diagnosis of CSF-venous fistulas""]",2024 - Identifying Patients with CSF-Venous Fistula Using Brain MRI A Deep Learning Approach. - PMID 38423747.md,,0.8,medium,{},1,"{""exclude"": 1}"
2026-07-27T12:23:32.158013+00:00,38817204,10.1002/mrm.30180,2024,Improving MR axon radius estimation in human white matter using spiral acquisition and field monitoring.,Magnetic resonance in medicine,exclude,fulltext_screening,,"wrong_intervention_or_index: Classical spiral acquisition and field-monitoring reconstruction for microstructure estimation (non-AI), not an AI/ML reconstruction or its safety evaluation.",,,FALSE,"{""Dat Mai_fulltext"": ""exclude""}","[""higher order image reconstruction were employed to greatly reduce artifacts in spiral images""]",2024 - Improving MR axon radius estimation in human white matter using spiral acquisition and field monitoring. - PMID 38817204.md,,0.68,medium,{},1,"{""exclude"": 1}"
2026-07-27T12:23:32.158013+00:00,38342980,10.1002/mrm.30045,2024,Improving quantitative MRI using self-supervised deep learning with model reinforcement: Demonstration for rapid T1 mapping.,Magnetic resonance in medicine,include,fulltext_screening,"Self-supervised deep-learning accelerated quantitative brain MRI reconstruction addressing artifacts, noise, robustness, and accuracy.",,,,FALSE,"{""Dat Mai_fulltext"": ""include""}","[""correct for image artifacts, removes noise, and recovers image features"", ""improves efficiency, accuracy, robustness, and generalizability""]",2024 - Improving quantitative MRI using self-supervised deep learning with model reinforcement Demonstration for rapid T1 mappi - PMID 38342980.md,,0.6,low,{},1,"{""include"": 1}"
2026-07-27T12:23:32.158013+00:00,38942939,10.1007/s10278-024-01184-w,2024,Iterative Motion Correction Technique with Deep Learning Reconstruction for Brain MRI: A Volunteer and Patient Study.,Journal of imaging informatics in medicine,include,fulltext_screening,Evaluates fidelity/artifact reduction of a deep-learning-reconstructed brain MRI motion-correction method using SSIM against motionless reference plus blinded radiologist reading.,,,,FALSE,"{""Dat Mai_fulltext"": ""include""}","[""structural similarity index measure (SSIM) was calculated using motionless images as reference"", ""evaluated by three blinded readers in terms of motion artifacts, noise, and overall quality""]",2024 - Iterative Motion Correction Technique with Deep Learning Reconstruction for Brain MRI A Volunteer and Patient Study. - PMID 38942939.md,,0.82,high,{},1,"{""include"": 1}"
2026-07-27T12:23:32.158013+00:00,,10.1109/CISP-BMEI64163.2024.10906217,2024,MCDDPM: Multichannel Conditional Denoising Diffusion Model for Unsupervised Anomaly Detection in Brain MRI,"2024 17th International Congress on Image and Signal Processing, BioMedical Engineering and Informatics (CISP-BMEI)",include,fulltext_Thu_adjudication,counterfactual_diffusion_fidelity: Resolved to include: this is diffusion-based counterfactual reconstruction of brain MRI (generating the pseudo-healthy counterpart of an anomalous scan) where the paper's stated motivation is that prior DD ...,,,,FALSE,"{""Dat Mai_fulltext"": ""flagged"", ""Thu_adjudicator"": ""include""}","[""generated healthy images from the DDPM, pDDPM and mDDPM models however suffer from fidelity issues and contain artifacts that do not have medical significance"", ""Our proposed model achieves high fidelity by making use of additional inform ...",2024 - MCDDPM Multichannel Conditional Denoising Diffusion Model for Unsupervised Anomaly Detection in Brain MRI - IEEEXPLORE 10906217.md,,0.6,low,"{""Thu_adjudicator"": ""include""}",1,"{""flagged"": 1}"
2026-07-27T12:23:32.158013+00:00,38760778,10.1186/s12880-024-01297-2,2024,MRI reconstruction with enhanced self-similarity using graph convolutional network.,BMC medical imaging,include,fulltext_screening,Deep-learning brain/knee MRI reconstruction method evaluated for artifact suppression and structural integrity via PSNR/SSIM against state-of-the-art.,,,,FALSE,"{""Dat Mai_fulltext"": ""include""}","[""achieves better artifact suppression and detail preservation than state-of-the-art methods"", ""benefiting the structural integrity of the reconstructed images""]",2024 - MRI reconstruction with enhanced self-similarity using graph convolutional network. - PMID 38760778.md,,0.72,medium,{},1,"{""include"": 1}"
2026-07-27T12:23:32.158013+00:00,38462289,10.1016/j.artmed.2024.102798,2024,NPB-REC: A non-parametric Bayesian deep-learning approach for undersampled MRI reconstruction with uncertainty estimation.,Artificial intelligence in medicine,include,fulltext_screening,"Directly addresses safe utilization of DL MRI reconstruction via uncertainty estimation that correlates with reconstruction error, including brain data and distribution shift.",,,,FALSE,"{""Dat Mai_fulltext"": ""include""}","[""uncertainty measures that correlate better with the reconstruction error"", ""facilitate the safe utilization of deep learning-based methods for MRI reconstruction""]",2024 - NPB-REC A non-parametric Bayesian deep-learning approach for undersampled MRI reconstruction with uncertainty estimation - PMID 38462289.md,,0.85,high,{},1,"{""include"": 1}"
2026-07-27T12:23:32.158013+00:00,,10.1109/ISBI56570.2024.10635309,2024,On The Local Geometry of the Pet Reconstruction Problem,2024 IEEE International Symposium on Biomedical Imaging (ISBI),exclude,fulltext_screening,,"wrong_intervention_or_index: Concerns PET reconstruction uncertainties/artifacts, not MRI reconstruction, and uses a synthetic PET phantom.",,,FALSE,"{""Dat Mai_fulltext"": ""exclude""}","[""Intrinsic uncertainties related to the ill-posedness of the PET reconstruction problem"", ""3D brain PET phantom""]",2024 - On The Local Geometry of the Pet Reconstruction Problem - IEEEXPLORE 10635309.md,,0.8,medium,{},1,"{""exclude"": 1}"
2026-07-27T12:23:32.158013+00:00,39180914,10.1016/j.cmpb.2024.108375,2024,Physically informed deep neural networks for metabolite-corrected plasma input function estimation in dynamic PET imaging.,Computer methods and programs in biomedicine,exclude,fulltext_screening,,"wrong_intervention_or_index: About PET arterial input function estimation, not MRI reconstruction or its safety/fidelity evaluation.",,,FALSE,"{""Dat Mai_fulltext"": ""exclude""}","[""arterial input function (AIF)"", ""dynamic PET imaging data""]",2024 - Physically informed deep neural networks for metabolite-corrected plasma input function estimation in dynamic PET imagin - PMID 39180914.md,,0.85,high,{},1,"{""exclude"": 1}"
2026-07-27T12:23:32.158013+00:00,,10.1109/TBME.2023.3300090,2024,Quantitative MR Image Reconstruction Using Parameter-Specific Dictionary Learning With Adaptive Dictionary-Size and Sparsity-Level Choice,IEEE Transactions on Biomedical Engineering,include,fulltext_screening,Brain quantitative MRI reconstruction method evaluated for accuracy/fidelity of T1-maps via RMSE/PSNR against multiple baselines.,,,,FALSE,"{""Dat Mai_fulltext"": ""include""}","[""surpasses MAP, TV, Wl, and Sh in terms of RMSE and PSNR"", ""yields accurate T1-maps""]",2024 - Quantitative MR Image Reconstruction Using Parameter-Specific Dictionary Learning With Adaptive Dictionary-Size and Spar - IEEEXPLORE 10209588.md,,0.68,medium,{},1,"{""include"": 1}"
2026-07-27T12:23:32.158013+00:00,39349147,10.1016/j.neuroimage.2024.120865,2024,Quantitative evaluation of Scout Accelerated Motion Estimation and Reduction (SAMER) MPRAGE for morphometric analysis of brain tissue in patients undergoing evaluation for memory loss.,NeuroImage,include,fulltext_screening,Quantitatively evaluates the fidelity/accuracy of a brain MRI motion-correction reconstruction method against reference-standard morphometry.,,,,FALSE,"{""Dat Mai_fulltext"": ""include""}","[""evaluated the quantitative accuracy of morphometric analysis of SAMER motion-corrected"", ""reductions in percent error relative to reference standard clinical scans""]",2024 - Quantitative evaluation of Scout Accelerated Motion Estimation and Reduction (SAMER) MPRAGE for morphometric analysis of - PMID 39349147.md,,0.66,medium,{},1,"{""include"": 1}"
2026-07-27T12:23:32.158013+00:00,38980175,10.1002/hbm.26778,2024,Reliability of variability and complexity measures for task and task-free BOLD fMRI.,Human brain mapping,exclude,fulltext_screening,,"wrong_outcome: Assesses psychometric reliability of downstream fMRI-derived variability/complexity measures, not the safety/fidelity of MRI reconstruction.",,,FALSE,"{""Dat Mai_fulltext"": ""exclude""}","[""psychometric reliability of brain signal variability and complexity measures"", ""good to excellent split-half reliability for temporal variability measures""]",2024 - Reliability of variability and complexity measures for task and task-free BOLD fMRI. - PMID 38980175.md,,0.82,high,{},1,"{""exclude"": 1}"
2026-07-27T12:23:32.158013+00:00,38044680,10.1002/mrm.29947,2024,Replication of the bSTAR sequence and open-source implementation.,Magnetic resonance in medicine,exclude,fulltext_screening,,"wrong_population: Reproducibility replication of a lung/thoracic MRI sequence, not brain MRI reconstruction safety/fidelity.",,,FALSE,"{""Dat Mai_fulltext"": ""exclude""}","[""replicated the bSTAR technique for thoracic imaging at 0.55T"", ""open-source bSTAR lung imaging""]",2024 - Replication of the bSTAR sequence and open-source implementation. - PMID 38044680.md,,0.78,medium,{},1,"{""exclude"": 1}"
2026-07-27T12:23:32.158013+00:00,38475177,10.3390/s24051642,2024,"Research on Ocular Artifacts Removal from Single-Channel Electroencephalogram Signals in Obstructive Sleep Apnea Patients Based on Support Vector Machine, Improved Variational Mode Decomposition, and Second-Order Blind Identification.","Sensors (Basel, Switzerland)",exclude,fulltext_screening,,"out_of_scope: Concerns ocular-artifact removal from EEG signals, not MRI reconstruction.",,,FALSE,"{""Dat Mai_fulltext"": ""exclude""}","[""Ocular Artifacts Removal from Single-Channel Electroencephalogram Signals"", ""enhancing the precision of sleep staging""]",2024 - Research on Ocular Artifacts Removal from Single-Channel Electroencephalogram Signals in Obstructive Sleep Apnea Patient - PMID 38475177.md,,0.9,high,{},1,"{""exclude"": 1}"
2026-07-27T12:23:32.158013+00:00,38102776,10.1002/mrm.29969,2024,Self-calibrated subspace reconstruction for multidimensional MR fingerprinting for simultaneous relaxation and diffusion quantification.,Magnetic resonance in medicine,include,fulltext_screening,Brain MRI reconstruction method addressing shading artifacts and measurement-error corrupted images with automatic outlier detection for artifact-free quantification.,,,,FALSE,"{""Dat Mai_fulltext"": ""include""}","[""address shading artifacts caused by physiological motion-induced measurement errors"", ""corrupted images were automatically and robustly detected and removed""]",2024 - Self-calibrated subspace reconstruction for multidimensional MR fingerprinting for simultaneous relaxation and diffusion - PMID 38102776.md,,0.66,medium,{},1,"{""include"": 1}"
2026-07-27T12:23:32.158013+00:00,38626138,10.1371/journal.pone.0301132,2024,Simulating rigid head motion artifacts on brain magnitude MRI data-Outcome on image quality and segmentation of the cerebral cortex.,PloS one,include,fulltext_screening,"Evaluates realism of simulated brain MRI motion artifacts and their fidelity/quality/segmentation impact using image-quality metrics against real motion data, relevant to simulation-based safety evaluation.",,,,FALSE,"{""Dat Mai_fulltext"": ""include""}","[""systematically evaluate how realistic such magnitude-based simulations are"", ""image quality metrics (IQMs) including Coefficient of Joint Variation (CJV), Signal-to-Noise-Ratio""]",2024 - Simulating rigid head motion artifacts on brain magnitude MRI data-Outcome on image quality and segmentation of the cere - PMID 38626138.md,,0.6,low,{},1,"{""include"": 1}"
2026-07-27T12:23:32.158013+00:00,38931521,10.3390/s24123737,2024,Test Platform for Developing New Optical Position Tracking Technology towards Improved Head Motion Correction in Magnetic Resonance Imaging.,"Sensors (Basel, Switzerland)",exclude,fulltext_screening,,"wrong_intervention_or_index: Develops optical head-pose tracking hardware/deep-learning for prospective motion correction, evaluated by tracking error, not by reconstruction safety/fidelity assessment.",,,FALSE,"{""Dat Mai_fulltext"": ""exclude""}","[""optical tracking systems for the development and training of a neural network"", ""track head pose with an error of <1 mm and <1""]",2024 - Test Platform for Developing New Optical Position Tracking Technology towards Improved Head Motion Correction in Magneti - PMID 38931521.md,,0.7,medium,{},1,"{""exclude"": 1}"
2026-07-27T12:23:32.158013+00:00,38951163,10.1038/s41598-024-66076-z,2024,"The effect of elimination of gibbs ringing, noise and systematic errors on the DTI metrics and tractography in a rat brain.",Scientific reports,exclude,fulltext_screening,,"wrong_population: Animal (rat brain) and phantom DTI preprocessing study, not human brain MRI reconstruction safety.",,,FALSE,"{""Dat Mai_fulltext"": ""exclude""}","[""DTI metrics and tractography of a rat brain"", ""- Animals""]","2024 - The effect of elimination of gibbs ringing, noise and systematic errors on the DTI metrics and tractography in a rat bra - PMID 38951163.md",,0.8,medium,{},1,"{""exclude"": 1}"
2026-07-27T12:23:32.158013+00:00,39126439,10.1007/s10334-024-01190-7,2024,Towards assessing and improving the reliability of ultrashort echo time quantitative magnetization transfer (UTE-qMT) MRI of cortical bone: In silico and ex vivo study.,"Magma (New York, N.Y.)",exclude,fulltext_screening,,"wrong_population: Reliability of qMT MRI of cortical bone using digital phantom and ex vivo rat bone, not human brain MRI reconstruction.",,,FALSE,"{""Dat Mai_fulltext"": ""exclude""}","[""reliability of the ultrashort echo time quantitative magnetization transfer (UTE-qMT) modeling of the cortical bone"", ""validated via ex vivo rat leg bone scans""]",2024 - Towards assessing and improving the reliability of ultrashort echo time quantitative magnetization transfer (UTE-qMT) MR - PMID 39126439.md,,0.82,high,{},1,"{""exclude"": 1}"
2026-07-27T12:23:32.158013+00:00,38758490,10.1007/s10334-024-01161-y,2024,Towards retrospective motion correction and reconstruction for clinical 3D brain MRI protocols with a reference contrast.,"Magma (New York, N.Y.)",include,fulltext_screening,Brain MRI retrospective motion-correction reconstruction scheme evaluated for correction quality via PSNR/SSIM and radiological inspection.,,,,FALSE,"{""Dat Mai_fulltext"": ""include""}","[""consistently ameliorates the corrupted scans"", ""quality indexes based on PSNR and SSIM""]",2024 - Towards retrospective motion correction and reconstruction for clinical 3D brain MRI protocols with a reference contrast - PMID 38758490.md,,0.7,medium,{},1,"{""include"": 1}"
2026-07-27T12:23:32.158013+00:00,38376403,10.1148/radiol.231938,2024,Ultrafast Brain MRI with Deep Learning Reconstruction for Suspected Acute Ischemic Stroke.,Radiology,include,fulltext_screening,Prospectively evaluates diagnostic interchangeability/reliability of DL-accelerated brain MRI reconstruction vs conventional MRI using radiologist ground-truth reading.,,,,FALSE,"{""Dat Mai_fulltext"": ""include""}","[""interchangeability between conventional and DL-accelerated MRI for acute ischemic infarction detection"", ""DL-accelerated brain MRI was interchangeable with conventional MRI""]",2024 - Ultrafast Brain MRI with Deep Learning Reconstruction for Suspected Acute Ischemic Stroke. - PMID 38376403.md,,0.83,high,{},1,"{""include"": 1}"
2026-07-27T12:23:32.158013+00:00,38968191,10.1371/journal.pone.0301919,2024,Verification of the effect of data-driven brain motion correction on PET imaging.,PloS one,exclude,fulltext_screening,,"wrong_intervention_or_index: Evaluates data-driven motion correction for brain PET imaging using a Hoffman phantom, not MRI reconstruction.",,,FALSE,"{""Dat Mai_fulltext"": ""exclude""}","[""data-driven brain motion correction on PET imaging"", ""using a Hoffman phantom""]",2024 - Verification of the effect of data-driven brain motion correction on PET imaging. - PMID 38968191.md,,0.82,high,{},1,"{""exclude"": 1}"
2026-07-27T12:23:32.158013+00:00,38282270,10.1002/mrm.30018,2024,Zero-DeepSub: Zero-shot deep subspace reconstruction for rapid multiparametric quantitative MRI using 3D-QALAS.,Magnetic resonance in medicine,include,fulltext_screening,"Deep-learning brain MRI reconstruction method explicitly aiming to improve fidelity, reduce blurring/noise/artifacts, evaluated for accuracy/reproducibility against reference.",,,,FALSE,"{""Dat Mai_fulltext"": ""include""}","[""improving the fidelity of subspace QALAS by combining scan-specific deep-learning-based reconstruction"", ""could reduce voxel blurring, noise, and artifacts""]",2024 - Zero-DeepSub Zero-shot deep subspace reconstruction for rapid multiparametric quantitative MRI using 3D-QALAS. - PMID 38282270.md,,0.72,medium,{},1,"{""include"": 1}"
2026-07-27T12:23:32.158013+00:00,40035173,10.1002/mrm.30436,2025,"3D MERMAID: 3D Multi-shot enhanced recovery motion artifact insensitive diffusion for submillimeter, multi-shell, and SNR-efficient diffusion imaging.",Magnetic resonance in medicine,include,fulltext_screening,"Brain diffusion MRI acquisition/reconstruction method addressing motion artifacts and phase errors with compressed-sensing reconstruction, evaluated by SNR and simulations.",,,,FALSE,"{""Dat Mai_fulltext"": ""include""}","[""motion artifact insensitive diffusion"", ""image-based phase-correction method combined with compressed sensing image reconstruction""]","2025 - 3D MERMAID 3D Multi-shot enhanced recovery motion artifact insensitive diffusion for submillimeter, multi-shell, and SNR - PMID 40035173.md",,0.6,low,{},1,"{""include"": 1}"
2026-07-27T12:23:32.158013+00:00,,10.1007/s12178-025-09961-y,2025,"A Current Review of Generative AI in Medicine: Core Concepts, Applications, and Current Limitations",Current Reviews in Musculoskeletal Medicine,background_only,fulltext_screening,,,,"review_for_background: Narrative review of generative AI in medicine (LLMs, LMMs, diffusion, hallucination), suitable as background context rather than a primary study.",FALSE,"{""Dat Mai_fulltext"": ""background_only""}","[""This review aims to offer a foundational overview of Generative Artificial Intelligence"", ""risk of generating incorrect or uncertain hallucinated outputs""]","2025 - A Current Review of Generative AI in Medicine Core Concepts, Applications, and Current Limitations - SPRINGER 10.1007_s12178-025-09961-y.md",,0.9,high,{},1,"{""background_only"": 1}"
2026-07-27T12:23:32.158013+00:00,40117159,10.1109/TNSRE.2025.3553794,2025,"A Deep-Learning Empowered, Real-Time Processing Platform of fNIRS/DOT for Brain Computer Interfaces and Neurofeedback.",IEEE transactions on neural systems and rehabilitation engineering,exclude,fulltext_screening,,"out_of_scope: Concerns fNIRS/DOT optical imaging reconstruction and motion-artifact correction, not MRI reconstruction.",,,FALSE,"{""Dat Mai_fulltext"": ""exclude""}","[""real-time processing system for fNIRS/DOT"", ""time-consuming process of image reconstruction""]","2025 - A Deep-Learning Empowered, Real-Time Processing Platform of fNIRS DOT for Brain Computer Interfaces and Neurofeedback. - PMID 40117159.md",,0.85,high,{},1,"{""exclude"": 1}"
2026-07-27T12:23:32.158013+00:00,40857195,10.1109/TNSRE.2025.3602894,2025,A Novel Optimization Framework for fNIRS: Enhancing Brain Image Reconstruction for Neurorehabilitation.,IEEE transactions on neural systems and rehabilitation engineering,exclude,fulltext_screening,,"out_of_scope: fNIRS optical brain image reconstruction and motion-artifact removal, not MRI reconstruction safety/fidelity.",,,FALSE,"{""Dat Mai_fulltext"": ""exclude""}","[""accuracy of fNIRS-based brain image reconstruction is often compromised by motion artefacts"", ""enhance the clarity and reliability of fNIRS brain images""]",2025 - A Novel Optimization Framework for fNIRS Enhancing Brain Image Reconstruction for Neurorehabilitation. - PMID 40857195.md,,0.85,high,{},1,"{""exclude"": 1}"
2026-07-27T12:23:32.158013+00:00,39377856,10.1007/s11548-024-03272-2,2025,A framework for three-dimensional statistical shape modeling of the proximal femur in Legg-Calvé-Perthes disease.,International journal of computer assisted radiology and surgery,exclude,fulltext_screening,,"wrong_population: Statistical shape modeling of the proximal femur/hip in a pediatric hip disease, not brain MRI reconstruction.",,,FALSE,"{""Dat Mai_fulltext"": ""exclude""}","[""statistical shape modeling (SSM) of the proximal femur in LCPD"", ""- Femur / diagnostic imaging, pathology""]",2025 - A framework for three-dimensional statistical shape modeling of the proximal femur in Legg-Calvé-Perthes disease. - PMID 39377856.md,,0.85,high,{},1,"{""exclude"": 1}"
2026-07-27T12:23:32.158013+00:00,,10.1038/s41598-025-17993-0,2025,A multinational study of deep learning-based image enhancement for multiparametric glioma MRI,Scientific Reports,include,fulltext_screening,Validates image quality/fidelity and artifact behavior of DL image enhancement for brain (glioma) MRI using SNR/CNR and blinded neuroradiologist ratings.,,,,FALSE,"{""Dat Mai_fulltext"": ""include""}","[""truncation artifacts decreased"", ""pre-existing motion and pulsation artifacts were not further exaggerated""]",2025 - A multinational study of deep learning-based image enhancement for multiparametric glioma MRI - SPRINGER 10.1038_s41598-025-17993-0.md,,0.72,medium,{},1,"{""include"": 1}"
2026-07-27T12:23:32.158013+00:00,41395855,10.1002/mp.70197,2025,A physics-informed deep learning model for MRI brain motion correction.,Medical physics,include,fulltext_screening,"Physics-informed DL brain MRI motion-correction method explicitly aiming to preserve image fidelity and diagnostic reliability, evaluated with PSNR/SSIM/NMSE/LPIPS against baselines.",,,,FALSE,"{""Dat Mai_fulltext"": ""include""}","[""preserving image fidelity and enhancing diagnostic reliability"", ""learned perceptual image patch similarity (LPIPS) loss, and a data consistency loss""]",2025 - A physics-informed deep learning model for MRI brain motion correction. - PMID 41395855.md,,0.83,high,{},1,"{""include"": 1}"
2026-07-27T12:23:32.158013+00:00,39887515,10.1002/mrm.30439,2025,A straightforward approach for 3D single-shot arterial spin labeling-based brain perfusion imaging: Preventing artifacts due to signal fluctuations.,Magnetic resonance in medicine,include,fulltext_screening,"Brain perfusion MRI reconstruction approach preventing signal-fluctuation artifacts, evaluated with digital-phantom simulation and in vivo comparison of reconstruction strategies.",,,,FALSE,"{""Dat Mai_fulltext"": ""include""}","[""Preventing artifacts due to signal fluctuations"", ""these artifacts were prevented when single-shot CS-SENSE reconstruction was applied""]",2025 - A straightforward approach for 3D single-shot arterial spin labeling-based brain perfusion imaging Preventing artifacts - PMID 39887515.md,,0.6,low,{},1,"{""include"": 1}"
2026-07-27T12:23:32.158013+00:00,39316286,10.1007/s11604-024-01666-5,2025,Accelerating FLAIR imaging via deep learning reconstruction: potential for evaluating white matter hyperintensities.,Japanese journal of radiology,include,fulltext_screening,Evaluates fidelity/lesion-reproducibility of DL-reconstructed accelerated brain FLAIR using SSIM/NRMSE and neuroradiologist assessment of white matter hyperintensities.,,,,FALSE,"{""Dat Mai_fulltext"": ""include""}","[""reproducibility of the hyperintensities was evaluated by comparing"", ""structural similarity index measure (SSIM), regional SSIM, normalized root mean square error""]",2025 - Accelerating FLAIR imaging via deep learning reconstruction potential for evaluating white matter hyperintensities. - PMID 39316286.md,,0.78,medium,{},1,"{""include"": 1}"
2026-07-27T12:23:32.158013+00:00,40596927,10.1186/s12880-025-01763-5,2025,Accelerating brain T2-weighted imaging using artificial intelligence-assisted compressed sensing combined with deep learning-based reconstruction: a feasibility study at 5.0T MRI.,BMC medical imaging,include,fulltext_screening,"Evaluates image quality, artifacts, and diagnostic efficacy of AI-assisted compressed sensing plus DL reconstruction for brain T2WI using observer ratings and SNR/CNR.",,,,FALSE,"{""Dat Mai_fulltext"": ""include""}","[""evaluated the overall image quality, truncation artifacts, motion artifacts"", ""maintaining superior SNR and comparable CNR""]",2025 - Accelerating brain T2-weighted imaging using artificial intelligence-assisted compressed sensing combined with deep lear - PMID 40596927.md,,0.72,medium,{},1,"{""include"": 1}"
2026-07-27T12:23:32.158013+00:00,41395807,10.1002/acm2.70289,2025,Adult brain T1 and T2 values measured at 3 T using magnetic resonance fingerprinting with phantom validation.,Journal of applied clinical medical physics,exclude,fulltext_screening,,"wrong_outcome: Establishes normative brain T1/T2 values and test-retest reproducibility with phantom validation, not evaluation of reconstruction failure modes/safety.",,,FALSE,"{""Dat Mai_fulltext"": ""exclude""}","[""magnetic resonance fingerprinting (MRF) concurrently with phantom measurements for validation"", ""in vivo test-retest repeatability""]",2025 - Adult brain T1 and T2 values measured at 3 T using magnetic resonance fingerprinting with phantom validation. - PMID 41395807.md,,0.6,low,{},1,"{""exclude"": 1}"
2026-07-27T12:23:32.158013+00:00,40493331,10.1007/s10334-025-01266-y,2025,Agreement of image quality metrics with radiological evaluation in the presence of motion artifacts.,"Magma (New York, N.Y.)",include,fulltext_screening,"Directly compares automated reference-based/reference-free image-quality metrics against radiological evaluation for assessing motion-correction methods in brain MRI, an evaluation-methodology contribution.",,,,FALSE,"{""Dat Mai_fulltext"": ""include""}","[""Reliable image quality assessment is crucial for evaluating new motion correction methods"", ""Spearman correlation coefficients were computed to assess the relationship between image quality metrics and radiological evaluation""]",2025 - Agreement of image quality metrics with radiological evaluation in the presence of motion artifacts. - PMID 40493331.md,,0.8,medium,{},1,"{""include"": 1}"
2026-07-27T12:23:32.158013+00:00,40813783,10.1038/s41598-025-14444-8,2025,An effective brain stroke diagnosis strategy based on feature extraction and hybrid classifier.,Scientific reports,exclude,fulltext_screening,,"wrong_intervention_or_index: Deep-learning stroke diagnosis classifier from CT images, not MRI reconstruction or its safety/fidelity evaluation.",,,FALSE,"{""Dat Mai_fulltext"": ""exclude""}","[""stroke detection from CT images"", ""test accuracy of 99.6%""]",2025 - An effective brain stroke diagnosis strategy based on feature extraction and hybrid classifier. - PMID 40813783.md,,0.85,high,{},1,"{""exclude"": 1}"
2026-07-27T12:23:32.158013+00:00,,10.1186/s12880-026-02201-w,2025,An efficient Alzheimer’s disease detection by NV classifier with BWTDL approach using MRI image,BMC Medical Imaging,exclude,fulltext_screening,,"wrong_outcome: MRI-based Alzheimer's disease detection/classification pipeline, not evaluation of MRI reconstruction safety or fidelity.",,,FALSE,"{""Dat Mai_fulltext"": ""exclude""}","[""Neglect VGGNet (NV) classifier detection utilizing a Magnetic Resonance Imaging (MRI) image"", ""attains 98.6% accuracy""]",2025 - An efficient Alzheimer’s disease detection by NV classifier with BWTDL approach using MRI image - SPRINGER 10.1186_s12880-026-02201-w.md,,0.85,high,{},1,"{""exclude"": 1}"
2026-07-27T12:23:32.158013+00:00,39832954,10.3174/ajnr.A8662,2025,Application of Deep Learning Accelerated Image Reconstruction in T2-Weighted Turbo Spin-Echo Imaging of the Brain at 7T.,AJNR. American journal of neuroradiology,include,fulltext_screening,"Evaluates image quality, artifacts, and absence of adverse effects of DL-based brain MRI reconstruction at 7T via qualitative reads and CNR/noise metrics.",,,,FALSE,"{""Dat Mai_fulltext"": ""include""}","[""Qualitative assessments included overall image quality, artifacts, sharpness"", ""significantly enhances image quality without introducing adverse effects""]",2025 - Application of Deep Learning Accelerated Image Reconstruction in T2-Weighted Turbo Spin-Echo Imaging of the Brain at 7T. - PMID 39832954.md,,0.78,medium,{},1,"{""include"": 1}"
2026-07-27T12:23:32.158013+00:00,40257058,10.1177/03000605251330578,2025,Artificial intelligence-powered four-fold upscaling of human brain synthetic metabolite maps.,The Journal of international medical research,include,fulltext_screening,AI super-resolution reconstruction of brain MR spectroscopic metabolite maps evaluated for image fidelity and edge preservation via SSIM/PSNR/LPIPS against interpolation baselines.,,,,FALSE,"{""Dat Mai_fulltext"": ""include""}","[""preserved critical image details, outperforming traditional interpolation methods in both image fidelity and edge preservation"", ""learned perceptual image patch similarity were used for comparison""]",2025 - Artificial intelligence-powered four-fold upscaling of human brain synthetic metabolite maps. - PMID 40257058.md,,0.62,low,{},1,"{""include"": 1}"
2026-07-27T12:23:32.158013+00:00,,10.1109/ISBI60581.2025.10981000,2025,Assessing the Use of Diffusion Models for Motion Artifact Correction in Brain MRI,2025 IEEE 22nd International Symposium on Biomedical Imaging (ISBI),include,fulltext_screening,"Critically evaluates diffusion-model motion-artifact correction for brain MRI focusing on hallucination risk in diagnosis, comparing against supervised U-nets versus ground-truth motion-free images.",,,,FALSE,"{""Dat Mai_fulltext"": ""include""}","[""susceptible to hallucination, which poses risks in diagnostic applications"", ""generate harmful hallucinations in this context""]",2025 - Assessing the Use of Diffusion Models for Motion Artifact Correction in Brain MRI - IEEEXPLORE 10981000.md,,0.88,high,{},1,"{""include"": 1}"
2026-07-27T12:23:32.158013+00:00,40315626,10.1016/j.ejrad.2025.112123,2025,"Assessment of AI-accelerated T2-weighted brain MRI, based on clinical ratings and image quality evaluation.",European journal of radiology,include,fulltext_screening,"Assesses a DL brain MRI reconstruction method's diagnostic safety, image artifacts, and image quality via four neuroradiologists' ratings and SNR against conventional acquisition.",,,,FALSE,"{""Dat Mai_fulltext"": ""include""}","[""Four neuroradiologists evaluated overall image quality (OIQ), diagnostic safety (DS), and image artifacts (IA)"", ""does not fully match the quality of high-standard conventional""]","2025 - Assessment of AI-accelerated T2-weighted brain MRI, based on clinical ratings and image quality evaluation. - PMID 40315626.md",,0.85,high,{},1,"{""include"": 1}"
2026-07-27T12:23:32.158013+00:00,39080159,10.1007/s10278-024-01171-1,2025,AutoCorNN: An Unsupervised Physics-Aware Deep Learning Model for Geometric Distortion Correction of Brain MRI Images Towards MR-Only Stereotactic Radiosurgery.,Journal of imaging informatics in medicine,include,fulltext_screening,"Physics-aware deep-learning model correcting geometric distortion (a target failure mode) in brain MRI, evaluated with PSNR/RMSE/SSIM and dosimetric accuracy.",,,,FALSE,"{""Dat Mai_fulltext"": ""include""}","[""correcting geometric distortions"", ""achieved a peak signal-to-noise ratio (PSNR) of 41.35""]",2025 - AutoCorNN An Unsupervised Physics-Aware Deep Learning Model for Geometric Distortion Correction of Brain MRI Images Towa - PMID 39080159.md,,0.8,medium,{},1,"{""include"": 1}"
2026-07-27T12:23:32.158013+00:00,40889187,10.7554/eLife.102840,2025,Automatic and accurate reconstruction of long-range axonal projections of single-neuron in mouse brain.,eLife,exclude,fulltext_screening,,"wrong_population: Reconstruction of single-neuron axonal projections in mouse brain microscopy, not human brain MRI reconstruction.",,,FALSE,"{""Dat Mai_fulltext"": ""exclude""}","[""axonal projections of single-neuron in mouse brain"", ""- Animals""]",2025 - Automatic and accurate reconstruction of long-range axonal projections of single-neuron in mouse brain. - PMID 40889187.md,,0.88,high,{},1,"{""exclude"": 1}"
2026-07-27T12:23:32.158013+00:00,39566835,10.1016/j.mri.2024.110277,2025,Blip-up blip-down circular EPI (BUDA-cEPI) for distortion-free dMRI with rapid unrolled deep learning reconstruction.,Magnetic resonance imaging,include,fulltext_screening,"Brain diffusion MRI unrolled deep-learning reconstruction addressing geometric distortion and eddy current, evaluated by NRMSE against ground-truth reconstructions.",,,,FALSE,"{""Dat Mai_fulltext"": ""include""}","[""distortion-free dMRI with rapid unrolled deep learning reconstruction"", ""trained to predict the ground-truth images obtained by BUDA-cEPI with S-LORAKS""]",2025 - Blip-up blip-down circular EPI (BUDA-cEPI) for distortion-free dMRI with rapid unrolled deep learning reconstruction. - PMID 39566835.md,,0.72,medium,{},1,"{""include"": 1}"
2026-07-27T12:23:32.158013+00:00,40464926,10.1007/s00234-025-03664-4,2025,Boosting LLM-assisted diagnosis: 10-minute LLM tutorial elevates radiology residents' performance in brain MRI interpretation.,Neuroradiology,exclude,fulltext_screening,,"wrong_intervention_or_index: Evaluates an LLM search engine as a diagnostic aid for radiology residents interpreting brain MRI, not evaluation of MRI reconstruction safety/fidelity.",,,FALSE,"{""Dat Mai_fulltext"": ""exclude""}","[""LLM-based search engine on radiology residents' performance in brain MRI differential diagnosis"", ""Hallucinations were found in 5.1% of LLM queries""]",2025 - Boosting LLM-assisted diagnosis 10-minute LLM tutorial elevates radiology residents' performance in brain MRI interpreta - PMID 40464926.md,,0.8,medium,{},1,"{""exclude"": 1}"
2026-07-27T12:23:32.158013+00:00,40561751,10.1016/j.pscychresns.2025.112015,2025,"Causal Discovery Analysis Reveals Insights into Psychosis Proneness, Brain Function, and Environmental Factors among Young Individuals.",Psychiatry research. Neuroimaging,exclude,fulltext_screening,,"out_of_scope: Applies causal discovery to psychosis-proneness/fMRI/environmental variables, unrelated to MRI reconstruction safety or fidelity.",,,FALSE,"{""Dat Mai_fulltext"": ""exclude""}","[""explore these directional relationships using causal discovery analysis (CDA)"", ""causal mechanisms in PP in the general population""]","2025 - Causal Discovery Analysis Reveals Insights into Psychosis Proneness, Brain Function, and Environmental Factors among You - PMID 40561751.md",,0.82,high,{},1,"{""exclude"": 1}"
2026-07-27T12:23:32.158013+00:00,40480534,10.1016/j.mri.2025.110445,2025,"Comparing single-shot EPI and 2D-navigated, multi-shot EPI diffusion tensor imaging acquisitions in the lumbar spinal cord at 3T.",Magnetic resonance imaging,exclude,fulltext_screening,,"wrong_population: Compares diffusion MRI acquisitions in the lumbar spinal cord, not brain MRI reconstruction.",,,FALSE,"{""Dat Mai_fulltext"": ""exclude""}","[""diffusion tensor imaging acquisitions in the lumbar spinal cord at 3T"", ""- Spinal Cord / diagnostic imaging""]","2025 - Comparing single-shot EPI and 2D-navigated, multi-shot EPI diffusion tensor imaging acquisitions in the lumbar spinal co - PMID 40480534.md",,0.78,medium,{},1,"{""exclude"": 1}"
2026-07-27T12:23:32.158013+00:00,40912664,10.1016/j.neuroimage.2025.121442,2025,Conditional deep generative normative modeling for structural and developmental anomaly detection in the fetal brain.,NeuroImage,include,fulltext_Thu_adjudication,counterfactual_generative_fidelity: Resolved to include: CCVAEGAN generates counterfactual normative (age-conditioned healthy) fetal brain MRI and the evaluation is explicitly about whether those generated images are anatomically faithful - ...,,,,FALSE,"{""Dat Mai_fulltext"": ""flagged"", ""Thu_adjudicator"": ""include""}","[""consistently producing anatomically precise images with lower reconstruction errors and higher structural similarities"", ""generate high-fidelity normative fetal brain images to enhance anomaly detection""]",2025 - Conditional deep generative normative modeling for structural and developmental anomaly detection in the fetal brain. - PMID 40912664.md,,0.55,low,"{""Thu_adjudicator"": ""include""}",1,"{""flagged"": 1}"
2026-07-27T12:23:32.158013+00:00,,10.1109/TMI.2025.3557528,2025,Correntropy-Based Improper Likelihood Model for Robust Electrophysiological Source Imaging,IEEE Transactions on Medical Imaging,exclude,fulltext_screening,,"out_of_scope: Robust likelihood model for EEG/MEG electrophysiological source imaging, not MRI reconstruction.",,,FALSE,"{""Dat Mai_fulltext"": ""exclude""}","[""electrophysiological source imaging task"", ""more precise source reconstruction""]",2025 - Correntropy-Based Improper Likelihood Model for Robust Electrophysiological Source Imaging - IEEEXPLORE 10948520.md,,0.85,high,{},1,"{""exclude"": 1}"
2026-07-27T12:23:32.158013+00:00,40273728,10.1016/j.media.2025.103579,2025,Cycle-conditional diffusion model for noise correction of diffusion-weighted images using unpaired data.,Medical image analysis,include,fulltext_screening,"Diffusion-model denoising/reconstruction of brain diffusion-weighted MRI explicitly constrained to preserve anatomical fidelity, benchmarked against multiple baselines for reconstruction quality.",,,,FALSE,"{""Dat Mai_fulltext"": ""include""}","[""constraints to preserve anatomical fidelity"", ""accurate preservation of underlying tissue microstructure""]",2025 - Cycle-conditional diffusion model for noise correction of diffusion-weighted images using unpaired data. - PMID 40273728.md,,0.7,medium,{},1,"{""include"": 1}"
2026-07-27T12:23:32.158013+00:00,39038956,10.3174/ajnr.a8424,2025,DANTE-CAIPI Accelerated Contrast-Enhanced 3D T1: Deep Learning-Based Image Quality Improvement for Vessel Wall MRI.,AJNR. American journal of neuroradiology,include,fulltext_screening,wrong_outcome: Evaluates fidelity/quality of a DL denoising reconstruction for intracranial (brain) vessel wall MRI using radiologist Likert ratings plus SNR/CNR.,,,,FALSE,"{""Dat Mai_fulltext"": ""include""}","[""deep-learning (DL) denoising algorithm applied to accelerated, blood-suppressed postcontrast IVW""]",2025 - DANTE-CAIPI Accelerated Contrast-Enhanced 3D T1 Deep Learning-Based Image Quality Improvement for Vessel Wall MRI. - PMID 39038956.md,,0.72,medium,{},1,"{""include"": 1}"
2026-07-27T12:23:32.158013+00:00,39797022,10.3390/s25010231,2025,DHCT-GAN: Improving EEG Signal Quality with a Dual-Branch Hybrid CNN-Transformer Network.,"Sensors (Basel, Switzerland)",exclude,fulltext_screening,,"wrong_intervention_or_index: EEG signal denoising, not brain MRI reconstruction.",,,FALSE,"{""Dat Mai_fulltext"": ""exclude""}","[""a new EEG denoising model, using a dual-branch hybrid network architecture""]",2025 - DHCT-GAN Improving EEG Signal Quality with a Dual-Branch Hybrid CNN-Transformer Network. - PMID 39797022.md,,0.95,high,{},1,"{""exclude"": 1}"
2026-07-27T12:23:32.158013+00:00,,10.1109/access.2025.3634749,2025,DIMA: DIffusing Motion Artifacts for Unsupervised Correction in Brain MRI Images,IEEE Access,include,fulltext_screening,wrong_outcome: Diffusion-based framework addressing motion-artifact failure mode in brain MRI with evaluation against supervised baselines.,,,,FALSE,"{""Dat Mai_fulltext"": ""include""}","[""leverages diffusion models to enable unsupervised motion artifact correction in brain MRI""]",2025 - DIMA DIffusing Motion Artifacts for Unsupervised Correction in Brain MRI Images - IEEEXPLORE 11258621.md,,0.8,medium,{},1,"{""include"": 1}"
2026-07-27T12:23:32.158013+00:00,39138809,10.1177/15589447241267766,2025,Decoding Radiology Reports: Artificial Intelligence-Large Language Models Can Improve the Readability of Hand and Wrist Orthopedic Radiology Reports.,"Hand (New York, N.Y.)",exclude,fulltext_screening,,out_of_scope: LLM improving readability of hand/wrist radiology reports; not about MRI reconstruction safety.,,,FALSE,"{""Dat Mai_fulltext"": ""exclude""}","[""improving the readability of hand and wrist radiology reports""]",2025 - Decoding Radiology Reports Artificial Intelligence-Large Language Models Can Improve the Readability of Hand and Wrist O - PMID 39138809.md,,0.9,high,{},1,"{""exclude"": 1}"
2026-07-27T12:23:32.158013+00:00,39212832,10.1007/s10334-024-01200-8,2025,Deep learning for efficient reconstruction of highly accelerated 3D FLAIR MRI in neurological deficits.,"Magma (New York, N.Y.)",include,fulltext_screening,wrong_outcome: Compares DL vs compressed-sensing reconstruction of accelerated brain FLAIR MRI with radiologist review and SSIM against ground truth.,,,,FALSE,"{""Dat Mai_fulltext"": ""include""}","[""evaluate structural similarity (SSIM) and the CR of lesions and white matter on ranging acceleration factors""]",2025 - Deep learning for efficient reconstruction of highly accelerated 3D FLAIR MRI in neurological deficits. - PMID 39212832.md,,0.85,high,{},1,"{""include"": 1}"
2026-07-27T12:23:32.158013+00:00,,10.1038/s41597-025-05640-2,2025,Diff5T: Benchmarking human brain diffusion MRI with an extensive 5.0 Tesla k-space and spatial dataset,Scientific Data,exclude,fulltext_Thu_adjudication,,"wrong_study_design: Resolved to exclude: this is a Scientific Data data descriptor releasing 5T brain dMRI raw k-space and reconstructed images; its Technical Validation applies standard parallel-imaging reconstructions (slice-GRAPPA, GRAPP ...",,,FALSE,"{""Dat Mai_fulltext"": ""flagged"", ""Thu_adjudicator"": ""exclude""}","[""designed to support the development and benchmarking of innovative methods in artifact correction, image reconstruction"", ""the image reconstruction task, a series of parallel reconstruction methods were employed as bench-""]",2025 - Diff5T Benchmarking human brain diffusion MRI with an extensive 5.0 Tesla k-space and spatial dataset - SPRINGER 10.1038_s41597-025-05640-2.md,,0.6,low,"{""Thu_adjudicator"": ""exclude""}",1,"{""flagged"": 1}"
2026-07-27T12:23:32.158013+00:00,,10.1007/s10916-025-02300-1,2025,Diffusion Models for Neuroimaging Data Augmentation: Assessing Realism and Clinical Relevance,Journal of Medical Systems,include,fulltext_Thu_adjudication,"generative_fidelity_evaluation: Resolved to include: the paper's stated object is assessing the realism, structural fidelity and clinical relevance of DDPM-generated 3D T1-weighted brain MRI, using Maximum Mean Discrepancy against real data ...",,,,FALSE,"{""Dat Mai_fulltext"": ""flagged"", ""Thu_adjudicator"": ""include""}","[""Addressing the dual challenges of limited training data and structural fidelity"", ""Despite limitations in high-frequency detail reconstruction""]",2025 - Diffusion Models for Neuroimaging Data Augmentation Assessing Realism and Clinical Relevance - SPRINGER 10.1007_s10916-025-02300-1.md,,0.55,low,"{""Thu_adjudicator"": ""include""}",1,"{""flagged"": 1}"
2026-07-27T12:23:32.158013+00:00,,10.1038/s41746-025-01444-1,2025,Digital twin brain simulator for real-time consciousness monitoring and virtual intervention using primate electrocorticogram data,npj Digital Medicine,exclude,fulltext_screening,,wrong_intervention_or_index: ECoG simulator using primate data; not brain MRI reconstruction.,,,FALSE,"{""Dat Mai_fulltext"": ""exclude""}","[""electrocorticogram (ECoG) simulator, based on the digital twin brain concept""]",2025 - Digital twin brain simulator for real-time consciousness monitoring and virtual intervention using primate electrocortic - SPRINGER 10.1038_s41746-025-01444-1.md,,0.95,high,{},1,"{""exclude"": 1}"
2026-07-27T12:23:32.158013+00:00,40065646,10.1002/mrm.30482,2025,Elastographic magnetization prepared imaging with rapid encoding.,Magnetic resonance in medicine,include,fulltext_screening,"wrong_outcome: Accelerated/undersampled whole-brain MR elastography with fidelity evaluation (NRMSE, similarity) versus fully sampled reference.",,,,FALSE,"{""Dat Mai_fulltext"": ""include""}","[""differences in average stiffness properties (NRMSE) of 3.6% ... between retrospectively undersampled and fully sampled data""]",2025 - Elastographic magnetization prepared imaging with rapid encoding. - PMID 40065646.md,,0.6,low,{},1,"{""include"": 1}"
2026-07-27T12:23:32.158013+00:00,,10.1038/s41377-024-01658-0,2025,Enhanced multiscale human brain imaging by semi-supervised digital staining and serial sectioning optical coherence tomography,Light: Science & Applications,exclude,fulltext_screening,,"wrong_intervention_or_index: Optical coherence tomography with deep-learning digital staining, not MRI reconstruction.",,,FALSE,"{""Dat Mai_fulltext"": ""exclude""}","[""serial sectioning optical coherence tomography (S-OCT) ... deep-learning digital staining (DS) model""]",2025 - Enhanced multiscale human brain imaging by semi-supervised digital staining and serial sectioning optical coherence tomo - SPRINGER 10.1038_s41377-024-01658-0.md,,0.95,high,{},1,"{""exclude"": 1}"
2026-07-27T12:23:32.158013+00:00,39898398,10.3348/kjr.2024.0701,2025,Evaluation of Image Quality and Scan Time Efficiency in Accelerated 3D T1-Weighted Pediatric Brain MRI Using Deep Learning-Based Reconstruction.,Korean journal of radiology,include,fulltext_screening,wrong_outcome: Evaluates DL-based reconstruction of accelerated pediatric brain MRI with radiologist quality/artifact ratings and quantitative SNR/CNR.,,,,FALSE,"{""Dat Mai_fulltext"": ""include""}","[""qualitatively according to radiologists' ratings of overall image quality, artifacts, noisiness""]",2025 - Evaluation of Image Quality and Scan Time Efficiency in Accelerated 3D T1-Weighted Pediatric Brain MRI Using Deep Learni - PMID 39898398.md,,0.85,high,{},1,"{""include"": 1}"
2026-07-27T12:23:32.158013+00:00,40048635,10.1002/jmri.29749,2025,Evaluation of Software-Optimized Protocols for Acoustic Noise Reduction During Brain MRI at 7 Tesla.,Journal of magnetic resonance imaging : JMRI,exclude,fulltext_screening,,out_of_scope: Acoustic (hearing) noise-reduction protocol evaluation; not about AI/ML reconstruction fidelity or its failure modes.,,,FALSE,"{""Dat Mai_fulltext"": ""exclude""}","[""acoustic noise reduction technique SofTone""]",2025 - Evaluation of Software-Optimized Protocols for Acoustic Noise Reduction During Brain MRI at 7 Tesla. - PMID 40048635.md,,0.8,medium,{},1,"{""exclude"": 1}"
2026-07-27T12:23:32.158013+00:00,39414686,10.1007/s10334-024-01209-z,2025,"Free-breathing qRF-MRF with pilot tone respiratory motion navigator for T1, T2, T2*, and off-resonance mapping of the human body at 3 T.","Magma (New York, N.Y.)",exclude,fulltext_screening,,"wrong_population: Abdominal body MRF (liver, spleen, pancreas, kidney), not brain MRI.",,,FALSE,"{""Dat Mai_fulltext"": ""exclude""}","[""off-resonance mapping of the human body at 3 T""]","2025 - Free-breathing qRF-MRF with pilot tone respiratory motion navigator for T1, T2, T2 , and off-resonance mapping of the hu - PMID 39414686.md",,0.9,high,{},1,"{""exclude"": 1}"
2026-07-27T12:23:32.158013+00:00,39945520,10.1002/jmri.29740,2025,High-Fidelity MRI Assessment of Cerebral Perfusion in Healthy Neonates Less Than 1 Week of Age.,Journal of magnetic resonance imaging : JMRI,exclude,fulltext_screening,,"out_of_scope: ASL perfusion sequence development and reproducibility, not AI/ML reconstruction safety/fidelity evaluation.",,,FALSE,"{""Dat Mai_fulltext"": ""exclude""}","[""systematically develop and optimize ASL perfusion MRI in healthy neonates""]",2025 - High-Fidelity MRI Assessment of Cerebral Perfusion in Healthy Neonates Less Than 1 Week of Age. - PMID 39945520.md,,0.75,medium,{},1,"{""exclude"": 1}"
2026-07-27T12:23:32.158013+00:00,40055233,10.1007/s00330-025-11484-6,2025,Human-AI collaboration in large language model-assisted brain MRI differential diagnosis: a usability study.,European radiology,exclude,fulltext_screening,,"out_of_scope: LLM-assisted differential diagnosis usability, not evaluation of MRI reconstruction safety/fidelity.",,,FALSE,"{""Dat Mai_fulltext"": ""exclude""}","[""impact of human-large language model (LLM) collaboration on the accuracy ... of brain MRI differential diagnosis""]",2025 - Human-AI collaboration in large language model-assisted brain MRI differential diagnosis a usability study. - PMID 40055233.md,,0.8,medium,{},1,"{""exclude"": 1}"
2026-07-27T12:23:32.158013+00:00,41238628,10.1038/s41598-025-23702-8,2025,Impact of image preprocessing methods on MRI radiomics feature variability and classification performance in Parkinson's disease motor subtype analysis.,Scientific reports,exclude,fulltext_screening,,"out_of_scope: Studies radiomics feature reproducibility and PD classification across preprocessing pipelines, not reconstruction safety/fidelity.",,,FALSE,"{""Dat Mai_fulltext"": ""exclude""}","[""impact of various MRI preprocessing methods on radiomic feature reproducibility and classification performance""]",2025 - Impact of image preprocessing methods on MRI radiomics feature variability and classification performance in Parkinson's - PMID 41238628.md,,0.85,high,{},1,"{""exclude"": 1}"
2026-07-27T12:23:32.158013+00:00,,10.1088/1742-6596/3010/1/012172,2025,Improving Image Reconstruction for Ultra-Fast Ptychographic Acquisitions via Deep Learning Denoising,"Journal of Physics, Conference Series",exclude,fulltext_screening,,"wrong_intervention_or_index: X-ray ptychography reconstruction on resolution target and brain-mimicking phantom, not brain MRI.",,,FALSE,"{""Dat Mai_fulltext"": ""exclude""}","[""artifacts due to machine hallucination appear in the denoised images""]",2025 - Improving Image Reconstruction for Ultra-Fast Ptychographic Acquisitions via Deep Learning Denoising - SEMANTICSCHOLAR 801eab1fb1d32ed5acc2905af441f92d44914b53.md,,0.85,high,{},1,"{""exclude"": 1}"
2026-07-27T12:23:32.158013+00:00,39537153,10.2463/mrms.mp.2024-0082,2025,Improving Vessel Visibility and Applying Artificial Intelligence to Autodetect Brain Metastasis for a 3D MR Imaging Sequence Capable of Simultaneous Images with and without Blood Vessel Suppression.,Magnetic resonance in medical sciences,exclude,fulltext_screening,,"out_of_scope: Focus is k-space vessel-visibility optimization and AI lesion autodetection performance, not evaluation of reconstruction safety/fidelity.",,,FALSE,"{""Dat Mai_fulltext"": ""exclude""}","[""verify the usefulness of applying artificial intelligence ... in autodetecting brain metastases""]",2025 - Improving Vessel Visibility and Applying Artificial Intelligence to Autodetect Brain Metastasis for a 3D MR Imaging Sequ - PMID 39537153.md,,0.62,low,{},1,"{""exclude"": 1}"
2026-07-27T12:23:32.158013+00:00,40118993,10.1038/s42003-025-07928-w,2025,Improving brain difference identification in autism spectrum disorder through enhanced head motion correction in ICA-AROMA.,Communications biology,exclude,fulltext_screening,,"out_of_scope: fMRI motion-correction/denoising pipeline comparison for functional connectivity analysis, not image reconstruction fidelity.",,,FALSE,"{""Dat Mai_fulltext"": ""exclude""}","[""comparing various correction methods ... ICA-AROMA against traditional preprocessing pipelines""]",2025 - Improving brain difference identification in autism spectrum disorder through enhanced head motion correction in ICA-ARO - PMID 40118993.md,,0.8,medium,{},1,"{""exclude"": 1}"
2026-07-27T12:23:32.158013+00:00,39221563,10.1002/mrm.30259,2025,Improving standardization and accuracy of in vivo omega plot exchange parameter determination using rotating-frame model-based fitting of quasi-steady-state Z-spectra.,Magnetic resonance in medicine,exclude,fulltext_screening,,wrong_population: Rodent brain CEST quantification study; animal model and not AI/ML reconstruction safety.,,,FALSE,"{""Dat Mai_fulltext"": ""exclude""}","[""in vivo rodent brain chemical exchange saturation transfer (CEST) data""]",2025 - Improving standardization and accuracy of in vivo omega plot exchange parameter determination using rotating-frame model - PMID 39221563.md,,0.9,high,{},1,"{""exclude"": 1}"
2026-07-27T12:23:32.158013+00:00,39690114,10.1002/jmri.29672,2025,Incorporating Radiologist Knowledge Into MRI Quality Metrics for Machine Learning Using Rank-Based Ratings.,Journal of magnetic resonance imaging : JMRI,include,fulltext_screening,wrong_outcome: Develops a radiologist-derived DL image-quality metric evaluated as an alternative to SSIM/MSE for optimizing brain MRI denoising and reconstruction.,,,,FALSE,"{""Dat Mai_fulltext"": ""include""}","[""evaluated as alternatives to MSE and SSIM as optimization targets for DL denoising and reconstruction""]",2025 - Incorporating Radiologist Knowledge Into MRI Quality Metrics for Machine Learning Using Rank-Based Ratings. - PMID 39690114.md,,0.9,high,{},1,"{""include"": 1}"
2026-07-27T12:23:32.158013+00:00,40545734,10.1002/nbm.70079,2025,Insights on Scan-Specific Deep-Learning Strategies for Brain MRI Parallel Imaging Reconstruction.,NMR in biomedicine,include,fulltext_screening,wrong_outcome: Proposes COBRAI metric quantifying structured residual artifacts to characterize and optimize DL brain MRI parallel-imaging reconstruction.,,,,FALSE,"{""Dat Mai_fulltext"": ""include""}","[""COrrelation-Based Residual Artifact Index (COBRAI) quantifying the level of structured residual artifacts""]",2025 - Insights on Scan-Specific Deep-Learning Strategies for Brain MRI Parallel Imaging Reconstruction. - PMID 40545734.md,,0.9,high,{},1,"{""include"": 1}"
2026-07-27T12:23:32.158013+00:00,40112563,10.1016/j.compbiomed.2025.110005,2025,Intersection-based slice motion estimation for fetal brain imaging.,Computers in biology and medicine,include,fulltext_screening,wrong_outcome: Motion-correction method addressing artifacts in reconstructed 3D fetal brain MRI volumes with quantitative registration-error evaluation.,,,,FALSE,"{""Dat Mai_fulltext"": ""include""}","[""such motion can introduce artifacts in the reconstructed 3D volume""]",2025 - Intersection-based slice motion estimation for fetal brain imaging. - PMID 40112563.md,,0.62,low,{},1,"{""include"": 1}"
2026-07-27T12:23:32.158013+00:00,41146476,10.1111/cns.70632,2025,LRR-UNet: A Deep Unfolding Network With Low-Rank Recovery for EEG Signal Denoising.,CNS neuroscience & therapeutics,exclude,fulltext_screening,,"wrong_intervention_or_index: EEG signal denoising, not brain MRI reconstruction.",,,FALSE,"{""Dat Mai_fulltext"": ""exclude""}","[""an interpretable deep-learning model for EEG denoising""]",2025 - LRR-UNet A Deep Unfolding Network With Low-Rank Recovery for EEG Signal Denoising. - PMID 41146476.md,,0.95,high,{},1,"{""exclude"": 1}"
2026-07-27T12:23:32.158013+00:00,39834104,10.1002/mrm.30440,2025,Learning-based motion artifact correction in the Z-spectral domain for chemical exchange saturation transfer MRI.,Magnetic resonance in medicine,include,fulltext_screening,"wrong_outcome: DL motion-artifact correction for CEST brain MRI addressing artifact failure mode, evaluated against ground truth in volunteers and tumor patients.",,,,FALSE,"{""Dat Mai_fulltext"": ""include""}","[""deep-learning-based framework for motion artifact correction in CEST MRI""]",2025 - Learning-based motion artifact correction in the Z-spectral domain for chemical exchange saturation transfer MRI. - PMID 39834104.md,,0.7,medium,{},1,"{""include"": 1}"
2026-07-27T12:23:32.158013+00:00,39947682,10.3174/ajnr.a8566,2025,Leveraging Physics-Based Synthetic MR Images and Deep Transfer Learning for Artifact Reduction in Echo-Planar Imaging.,AJNR. American journal of neuroradiology,include,fulltext_screening,wrong_outcome: GAN-based EPI artifact reduction in brain MRI evaluated with SSIM/PSNR/Hausdorff and lesion-measurement consistency in glioblastoma.,,,,FALSE,"{""Dat Mai_fulltext"": ""include""}","[""train a deep learning generative adversarial network (GAN) for use in artifact reduction on EPI""]",2025 - Leveraging Physics-Based Synthetic MR Images and Deep Transfer Learning for Artifact Reduction in Echo-Planar Imaging. - PMID 39947682.md,,0.85,high,{},1,"{""include"": 1}"
2026-07-27T12:23:32.158013+00:00,,10.1038/s41531-025-01127-4,2025,Longitudinal non-negative matrix factorization identifies the altered trajectory of motor symptoms in Parkinson’s disease,npj Parkinson's Disease,exclude,fulltext_screening,,"out_of_scope: Neuroimaging biomarker/prediction analysis of PD progression, not MRI reconstruction safety/fidelity.",,,FALSE,"{""Dat Mai_fulltext"": ""exclude""}","[""identify the longitudinal neuroimaging biomarkers that could predict the progressive motor symptoms""]",2025 - Longitudinal non-negative matrix factorization identifies the altered trajectory of motor symptoms in Parkinson’s diseas - SPRINGER 10.1038_s41531-025-01127-4.md,,0.9,high,{},1,"{""exclude"": 1}"
2026-07-27T12:23:32.158013+00:00,,10.1007/s13534-025-00480-w,2025,Machine learning detection of epileptic seizure onset zone from iEEG,Biomedical Engineering Letters,background_only,fulltext_screening,,,,review_for_background: Narrative review of machine learning for seizure onset zone localization from iEEG.,FALSE,"{""Dat Mai_fulltext"": ""background_only""}","[""This narrative review examines recent advances in machine learning approaches for SOZ localization""]",2025 - Machine learning detection of epileptic seizure onset zone from iEEG - SPRINGER 10.1007_s13534-025-00480-w.md,,0.9,high,{},1,"{""background_only"": 1}"
2026-07-27T12:23:32.158013+00:00,39846325,10.1002/hbm.26806,2025,Measuring the effects of motion corruption in fetal fMRI.,Human brain mapping,include,fulltext_Thu_adjudication,simulation_based_evaluation_methodology: Resolved to include: the contribution is an evaluation methodology - a computational artifact-detection technique validated against a parametric generative simulation of neural events and BOLD signal ...,,,,FALSE,"{""Dat Mai_fulltext"": ""flagged"", ""Thu_adjudicator"": ""include""}","[""we evaluate a novel technique for robust computational assessment of motion artifacts"", ""used a parametric generative model for neural events and fMRI blood oxygenation level-dependent (BOLD) signal""]",2025 - Measuring the effects of motion corruption in fetal fMRI. - PMID 39846325.md,,0.6,low,"{""Thu_adjudicator"": ""include""}",1,"{""flagged"": 1}"
2026-07-27T12:23:32.158013+00:00,40691452,10.1038/s41598-025-08552-8,2025,Modified energy-based GAN for intensity in homogeneity correction in brain MR images.,Scientific reports,include,fulltext_screening,wrong_outcome: GAN-based intensity-inhomogeneity (artifact) correction of brain MR images evaluated with PSNR/SSIM/MSE fidelity metrics.,,,,FALSE,"{""Dat Mai_fulltext"": ""include""}","[""intensity inhomogeneity correction (IIC) method that makes use of the Modified Energy-based Generative Adversarial Network""]",2025 - Modified energy-based GAN for intensity in homogeneity correction in brain MR images. - PMID 40691452.md,,0.6,low,{},1,"{""include"": 1}"
2026-07-27T12:23:32.158013+00:00,41022827,10.1038/s41467-025-63661-2,2025,Motion impact score for detecting spurious brain-behavior associations.,Nature communications,exclude,fulltext_screening,,"out_of_scope: Statistical method for residual-motion bias in fMRI trait-connectivity associations, not image reconstruction safety/fidelity.",,,FALSE,"{""Dat Mai_fulltext"": ""exclude""}","[""assign a motion impact score to specific trait-FC relationships""]",2025 - Motion impact score for detecting spurious brain-behavior associations. - PMID 41022827.md,,0.8,medium,{},1,"{""exclude"": 1}"
2026-07-27T12:23:32.158013+00:00,40309965,10.1002/hbm.70080,2025,Multi-Metric Approach for the Comparison of Denoising Techniques for Resting-State fMRI.,Human brain mapping,include,fulltext_Thu_adjudication,evaluation_methodology_benchmarking: Resolved to include as a borderline call: the paper proposes an evaluation framework - existing plus novel metrics and a summary index that explicitly trades artifact removal against information preserva ...,,,,FALSE,"{""Dat Mai_fulltext"": ""flagged"", ""Thu_adjudicator"": ""include""}","[""proposing a robust framework for the quantitative and comprehensive comparison of the performance of multiple pipelines"", ""the best compromise between artifact removal and preservation of the information on resting-state networks""]",2025 - Multi-Metric Approach for the Comparison of Denoising Techniques for Resting-State fMRI. - PMID 40309965.md,,0.5,low,"{""Thu_adjudicator"": ""include""}",1,"{""flagged"": 1}"
2026-07-27T12:23:32.158013+00:00,40679773,10.1007/s10334-025-01276-w,2025,Myelin water imaging from accelerated 3D-GRASE acquisitions using subspace constrained reconstruction.,"Magma (New York, N.Y.)",include,fulltext_screening,wrong_outcome: Accelerated brain MRI subspace-constrained reconstruction evaluated for undersampling artifacts and RMSD fidelity versus reference maps.,,,,FALSE,"{""Dat Mai_fulltext"": ""include""}","[""undersampling artifacts deteriorated MWF maps""]",2025 - Myelin water imaging from accelerated 3D-GRASE acquisitions using subspace constrained reconstruction. - PMID 40679773.md,,0.68,medium,{},1,"{""include"": 1}"
2026-07-27T12:23:32.158013+00:00,40681994,10.1186/s12880-025-01718-w,2025,Non-contrast photon counting computed tomography of the head: optimized modeling of off-focal radiation to reduce calvarium-related tissue inhomogeneity.,BMC medical imaging,exclude,fulltext_screening,,"wrong_intervention_or_index: Photon-counting CT reconstruction artifact reduction of the head, not MRI.",,,FALSE,"{""Dat Mai_fulltext"": ""exclude""}","[""Photon counting CT (PCCT) ... new software for image reconstruction to reduce artifacts""]",2025 - Non-contrast photon counting computed tomography of the head optimized modeling of off-focal radiation to reduce calvari - PMID 40681994.md,,0.9,high,{},1,"{""exclude"": 1}"
2026-07-27T12:23:32.158013+00:00,,10.1007/978-3-031-72744-3_19,2025,Non-reference Quality Assessment for Medical Imaging: Application to Synthetic Brain MRIs,Deep Generative Models,include,fulltext_screening,"wrong_outcome: Proposes a non-reference DL quality/artifact-assessment methodology for real and diffusion-generated brain MRIs, benchmarking against SOTA metrics.",,,,FALSE,"{""Dat Mai_fulltext"": ""include""}","[""non-reference approach to assess brain MRI quality ... estimate quality across six distinct artifacts""]",2025 - Non-reference Quality Assessment for Medical Imaging Application to Synthetic Brain MRIs - SPRINGER 10.1007_978-3-031-72744-3_19.md,,0.92,high,{},1,"{""include"": 1}"
2026-07-27T12:23:32.158013+00:00,40892131,10.1007/s12021-025-09746-1,2025,Overcoming Site Variability in Multisite fMRI Studies: an Autoencoder Framework for Enhanced Generalizability of Machine Learning Models.,Neuroinformatics,exclude,fulltext_screening,,"out_of_scope: Data harmonization for ML generalizability across fMRI sites, not reconstruction safety/fidelity.",,,FALSE,"{""Dat Mai_fulltext"": ""exclude""}","[""Autoencoders (AEs) as an alternative for harmonizing multisite fMRI data""]",2025 - Overcoming Site Variability in Multisite fMRI Studies an Autoencoder Framework for Enhanced Generalizability of Machine - PMID 40892131.md,,0.85,high,{},1,"{""exclude"": 1}"
2026-07-27T12:23:32.158013+00:00,,10.1101/2025.04.30.651598,2025,PW-GAN: Pseudo-Warping Field Guided GAN for Unsupervised Denoising of Fetal Brain MRI Images,bioRxiv,include,fulltext_screening,"wrong_outcome: GAN denoising of reconstructed fetal brain MRI explicitly addressing anatomical-distortion and reconstruction-error failure modes, evaluated vs supervised methods.",,,,FALSE,"{""Dat Mai_fulltext"": ""include""}","[""GAN-generated outputs often results in tiny anatomical distortions""]",2025 - PW-GAN Pseudo-Warping Field Guided GAN for Unsupervised Denoising of Fetal Brain MRI Images - SEMANTICSCHOLAR 7706fd322fa1042f26e416dd6f1014ce6c474f42.md,,0.82,high,{},1,"{""include"": 1}"
2026-07-27T12:23:32.158013+00:00,40064110,10.1088/1361-6560/adbed4,2025,Patient-specific MRI super-resolution via implicit neural representations and knowledge transfer.,Physics in medicine and biology,include,fulltext_screening,"wrong_outcome: Super-resolution brain MRI method explicitly targeting hallucinated-structure/artifact reliability, evaluated with SSIM/PSNR/LPIPS versus SOTA.",,,,FALSE,"{""Dat Mai_fulltext"": ""include""}","[""may introduce artifacts or hallucinated structures, which compromise their reliability""]",2025 - Patient-specific MRI super-resolution via implicit neural representations and knowledge transfer. - PMID 40064110.md,,0.9,high,{},1,"{""include"": 1}"
2026-07-27T12:23:32.158013+00:00,40880371,10.1371/journal.pone.0328828,2025,Personalized MRI-based characterization of subcortical anomalies in Ataxia-Telangiectasia using deep-learning.,PloS one,exclude,fulltext_screening,,"out_of_scope: Uses autoencoder feature-reconstruction error for anomaly detection in disease, not image-reconstruction safety/fidelity evaluation.",,,FALSE,"{""Dat Mai_fulltext"": ""exclude""}","[""A normative deep autoencoder that reconstructs these features was trained on healthy subjects""]",2025 - Personalized MRI-based characterization of subcortical anomalies in Ataxia-Telangiectasia using deep-learning. - PMID 40880371.md,,0.85,high,{},1,"{""exclude"": 1}"
2026-07-27T12:23:32.158013+00:00,41219711,10.1186/s12880-025-01972-y,2025,Physics-informed sinogram completion for metal artifact reduction in non-contrast brain CT images with neurovascular coils: comparison with traditional and deep learning-based methods.,BMC medical imaging,exclude,fulltext_screening,,"wrong_intervention_or_index: Metal-artifact reduction in brain CT reconstruction, not MRI.",,,FALSE,"{""Dat Mai_fulltext"": ""exclude""}","[""metal artifact reduction in non-contrast brain CT images""]",2025 - Physics-informed sinogram completion for metal artifact reduction in non-contrast brain CT images with neurovascular coi - PMID 41219711.md,,0.88,high,{},1,"{""exclude"": 1}"
2026-07-27T12:23:32.158013+00:00,39705889,10.1016/j.compmedimag.2024.102478,2025,Portable head CT motion artifact correction via diffusion-based generative model.,Computerized medical imaging and graphics,exclude,fulltext_screening,,"wrong_intervention_or_index: Diffusion-based motion artifact correction for portable head CT, not MRI.",,,FALSE,"{""Dat Mai_fulltext"": ""exclude""}","[""correct motion artifacts in portable head CT scans""]",2025 - Portable head CT motion artifact correction via diffusion-based generative model. - PMID 39705889.md,,0.9,high,{},1,"{""exclude"": 1}"
2026-07-27T12:23:32.158013+00:00,,10.1038/s41598-025-31958-3,2025,Probabilistic brain MR image transformation using generative models,Scientific Reports,include,fulltext_screening,wrong_outcome: Probabilistic generative brain MR image transformation quantifying uncertainty/confidence and detecting artifacts and out-of-distribution/pathology inputs.,,,,FALSE,"{""Dat Mai_fulltext"": ""include""}","[""assess the confidence in a given transformation and to detect input images that contain pathology and/or artifacts""]",2025 - Probabilistic brain MR image transformation using generative models - SPRINGER 10.1038_s41598-025-31958-3.md,,0.72,medium,{},1,"{""include"": 1}"
2026-07-27T12:23:32.158013+00:00,,10.1117/1.nph.12.1.015006,2025,Programmable scanning diffuse speckle contrast imaging of cerebral blood flow,Neurophotonics,exclude,fulltext_screening,,"wrong_intervention_or_index: Diffuse optical speckle imaging in rodents/phantom, not brain MRI reconstruction.",,,FALSE,"{""Dat Mai_fulltext"": ""exclude""}","[""minimizing CBF reconstruction artifacts ... examined in head-simulating phantoms and adult mice""]",2025 - Programmable scanning diffuse speckle contrast imaging of cerebral blood flow - SCOPUS 2-s2.0-105004657480.md,,0.95,high,{},1,"{""exclude"": 1}"
2026-07-27T12:23:32.158013+00:00,39780631,10.3348/kjr.2024.0653,2025,Prospective Evaluation of Accelerated Brain MRI Using Deep Learning-Based Reconstruction: Simultaneous Application to 2D Spin-Echo and 3D Gradient-Echo Sequences.,Korean journal of radiology,include,fulltext_screening,"wrong_outcome: Prospectively evaluates DL reconstruction of undersampled brain MRI with neuroradiologist quality/artifact review, SNR/CNR, and lesion/volumetry consistency.",,,,FALSE,"{""Dat Mai_fulltext"": ""include""}","[""transform low-quality, undersampled k-space data into high-quality images""]",2025 - Prospective Evaluation of Accelerated Brain MRI Using Deep Learning-Based Reconstruction Simultaneous Application to 2D - PMID 39780631.md,,0.9,high,{},1,"{""include"": 1}"
2026-07-27T12:23:32.158013+00:00,40030514,10.1109/jbhi.2024.3516613,2025,Pseudo-HFOs Elimination in iEEG Recordings Using a Robust Residual-Based Dictionary Learning Framework.,IEEE journal of biomedical and health informatics,exclude,fulltext_screening,,"wrong_intervention_or_index: iEEG artifact/pseudo-HFO elimination, not brain MRI reconstruction.",,,FALSE,"{""Dat Mai_fulltext"": ""exclude""}","[""accurately identify and eliminate false-positive events ... artifact-free HFO analysis""]",2025 - Pseudo-HFOs Elimination in iEEG Recordings Using a Robust Residual-Based Dictionary Learning Framework. - PMID 40030514.md,,0.95,high,{},1,"{""exclude"": 1}"
2026-07-27T12:23:32.158013+00:00,40312865,10.1002/mrm.30537,2025,Quantitative susceptibility mapping in magnetically inhomogeneous tissues.,Magnetic resonance in medicine,include,fulltext_screening,"wrong_outcome: DL-based QSM reconstruction (DEEPOLE) evaluated for artifact reduction, accuracy and anatomical consistency against multiple QSM baselines on brain models and in vivo.",,,,FALSE,"{""Dat Mai_fulltext"": ""include""}","[""producing susceptibility maps with fewer artifacts and greater quantitative accuracy""]",2025 - Quantitative susceptibility mapping in magnetically inhomogeneous tissues. - PMID 40312865.md,,0.85,high,{},1,"{""include"": 1}"
2026-07-27T12:23:32.158013+00:00,,10.1038/s41598-025-27787-z,2025,RAUM-GANs: a multi-layer GAN-enhanced framework for accurate multiple sclerosis lesion segmentation in MRI,Scientific Reports,exclude,fulltext_Thu_adjudication,,"wrong_outcome: Resolved to exclude: despite GAN-based denoising and imputation of incomplete brain MRI (a generative reconstruction step with obvious hallucination risk), the paper's objective and endpoints are segmentation accuracy and gen ...",,,FALSE,"{""Dat Mai_fulltext"": ""flagged"", ""Thu_adjudicator"": ""exclude""}","[""missing data imputation through advanced GAN-based methods, ensuring clinically reliable reconstruction of incomplete MRI scans"", ""achieving a Dice score of 96.6%, Frechet Inception Distance (FID) of 43.13""]",2025 - RAUM-GANs a multi-layer GAN-enhanced framework for accurate multiple sclerosis lesion segmentation in MRI - SPRINGER 10.1038_s41598-025-27787-z.md,,0.6,low,"{""Thu_adjudicator"": ""exclude""}",1,"{""flagged"": 1}"
2026-07-27T12:23:32.158013+00:00,39589491,10.1007/s00247-024-06088-z,2025,Rapid and motion-robust pediatric brain imaging: T2-weighted turbo-spin-echo PROPELLER acquisition with compressed sensing.,Pediatric radiology,include,fulltext_screening,wrong_outcome: Evaluates fidelity/artifacts of a compressed-sensing brain MRI reconstruction via blinded radiologist review and quantitative SNR/CNR metrics.,,,,FALSE,"{""Dat Mai_fulltext"": ""include""}","[""Three blinded radiologists independently rated both sequences twice qualitatively"", ""significantly reduced (motion-)artifacts""]",2025 - Rapid and motion-robust pediatric brain imaging T2-weighted turbo-spin-echo PROPELLER acquisition with compressed sensin - PMID 39589491.md,,0.55,low,{},1,"{""include"": 1}"
2026-07-27T12:23:32.158013+00:00,40534142,10.1002/mrm.30604,2025,"Rapid, high-resolution and distortion-free R2* mapping of fetal brain using multi-echo radial FLASH and model-based reconstruction.",Magnetic resonance in medicine,include,fulltext_screening,"wrong_outcome: Model-based fetal brain reconstruction assessed for distortion reduction, accuracy and reproducibility against reference methods.",,,,FALSE,"{""Dat Mai_fulltext"": ""include""}","[""distortion-free"", ""Repeated scans confirm good reproducibility (ICC = 0.9213)""]","2025 - Rapid, high-resolution and distortion-free R 2 ∗ mapping of fetal brain using multi-echo radial FLASH and model-based re - PMID 40534142.md",,0.5,low,{},1,"{""include"": 1}"
2026-07-27T12:23:32.158013+00:00,41345432,10.1038/s41598-025-28855-0,2025,ReHA-Net: a ReVIN-hybrid attention network with multiscale convolution for robust EEG artifact removal in brain-computer interfaces.,Scientific reports,exclude,fulltext_screening,,"wrong_intervention_or_index: Concerns EEG signal denoising for brain-computer interfaces, not MRI image reconstruction.",,,FALSE,"{""Dat Mai_fulltext"": ""exclude""}","[""robust EEG denoising"", ""EEGdenoiseNet dataset""]",2025 - ReHA-Net a ReVIN-hybrid attention network with multiscale convolution for robust EEG artifact removal in brain-computer - PMID 41345432.md,,0.92,high,{},1,"{""exclude"": 1}"
2026-07-27T12:23:32.158013+00:00,40240759,10.1038/s41598-025-87224-z,2025,Reliability assessment of accelerated MR sequences for the estimation of structural and vascular markers in dementia.,Scientific reports,include,fulltext_screening,"wrong_outcome: Reliability/fidelity assessment of accelerated brain MRI reconstruction using PSNR, SSIM, MSE and marker concordance.",,,,FALSE,"{""Dat Mai_fulltext"": ""include""}","[""structural similarity index measure"", ""reliability of diagnostic markers of dementia derived from accelerated MR sequences""]",2025 - Reliability assessment of accelerated MR sequences for the estimation of structural and vascular markers in dementia. - PMID 40240759.md,,0.6,low,{},1,"{""include"": 1}"
2026-07-27T12:23:32.158013+00:00,39316090,10.1007/s00234-024-03461-5,2025,Reliability of brain volume measures of accelerated 3D T1-weighted images with deep learning-based reconstruction.,Neuroradiology,include,fulltext_screening,wrong_outcome: Evaluates reliability/fidelity of deep-learning accelerated brain MRI reconstruction via quantitative error metrics and ICC.,,,,FALSE,"{""Dat Mai_fulltext"": ""include""}","[""deep learning-based reconstruction"", ""evaluated using quantitative error metrics""]",2025 - Reliability of brain volume measures of accelerated 3D T1-weighted images with deep learning-based reconstruction. - PMID 39316090.md,,0.6,low,{},1,"{""include"": 1}"
2026-07-27T12:23:32.158013+00:00,41061726,10.1088/1361-6560/ae1110,2025,Res-MoCoDiff: residual-guided diffusion models for motion artifact correction in brain MRI.,Physics in medicine and biology,include,fulltext_screening,"wrong_outcome: Diffusion-model reconstruction addressing motion artifacts in brain MRI, evaluated with PSNR/SSIM/NMSE against baselines.",,,,FALSE,"{""Dat Mai_fulltext"": ""include""}","[""motion artifact correction in brain MRI"", ""structural similarity index measure (SSIM)""]",2025 - Res-MoCoDiff residual-guided diffusion models for motion artifact correction in brain MRI. - PMID 41061726.md,,0.7,medium,{},1,"{""include"": 1}"
2026-07-27T12:23:32.158013+00:00,40457510,10.1002/mrm.30591,2025,Robust multi-coil MRI reconstruction via self-supervised denoising.,Magnetic resonance in medicine,include,fulltext_screening,wrong_outcome: Deep-learning brain MRI reconstruction with self-supervised denoising evaluated for fidelity via SSIM/PSNR/NRMSE.,,,,FALSE,"{""Dat Mai_fulltext"": ""include""}","[""accelerated multi-coil magnetic resonance imaging (MRI) reconstruction"", ""higher structural similarity index measure (SSIM)""]",2025 - Robust multi-coil MRI reconstruction via self-supervised denoising. - PMID 40457510.md,,0.55,low,{},1,"{""include"": 1}"
2026-07-27T12:23:32.158013+00:00,39552568,10.1002/mrm.30365,2025,Romer-EPTI: Rotating-view motion-robust super-resolution EPTI for SNR-efficient distortion-free in-vivo mesoscale diffusion MRI and microstructure imaging.,Magnetic resonance in medicine,include,fulltext_screening,wrong_outcome: Super-resolution reconstruction technique for brain diffusion MRI targeting distortion/blurring/motion artifact failure modes.,,,,FALSE,"{""Dat Mai_fulltext"": ""include""}","[""distortion-free imaging"", ""high-fidelity, motion-aware super-resolution reconstruction""]",2025 - Romer-EPTI Rotating-view motion-robust super-resolution EPTI for SNR-efficient distortion-free in-vivo mesoscale diffusi - PMID 39552568.md,,0.5,low,{},1,"{""include"": 1}"
2026-07-27T12:23:32.158013+00:00,39159019,10.1109/tmi.2024.3446450,2025,SISMIK for Brain MRI: Deep-Learning-Based Motion Estimation and Model-Based Motion Correction in k-Space.,IEEE transactions on medical imaging,include,fulltext_screening,"wrong_outcome: Deep-learning motion correction for brain MRI explicitly designed to avoid hallucinations, addressing a key reconstruction failure mode.",,,,FALSE,"{""Dat Mai_fulltext"": ""include""}","[""model-based approach to restore degraded images to avoid \""hallucinations\"""", ""estimate motion occurring in high spatial frequencies""]",2025 - SISMIK for Brain MRI Deep-Learning-Based Motion Estimation and Model-Based Motion Correction in k-Space. - PMID 39159019.md,,0.75,medium,{},1,"{""include"": 1}"
2026-07-27T12:23:32.158013+00:00,40594257,10.1038/s41598-025-06121-7,2025,Schizophrenia detection from electroencephalogram signals using image encoding and wrapper-based deep feature selection approach.,Scientific reports,exclude,fulltext_screening,,"wrong_intervention_or_index: EEG-based schizophrenia classification, not MRI reconstruction or its safety evaluation.",,,FALSE,"{""Dat Mai_fulltext"": ""exclude""}","[""Schizophrenia detection from electroencephalogram signals"", ""image encoding method has been used to encode EEG signals to scalogram images""]",2025 - Schizophrenia detection from electroencephalogram signals using image encoding and wrapper-based deep feature selection - PMID 40594257.md,,0.92,high,{},1,"{""exclude"": 1}"
2026-07-27T12:23:32.158013+00:00,,10.1007/s10278-025-01501-x,2025,Selected Abstracts from the SIIM 2025 Annual Meeting of the Society for Imaging Informatics in Medicine (SIIM),Journal of Imaging Informatics in Medicine,background_only,fulltext_Thu_adjudication,,,,"review_for_background: This is a conference-abstract compilation (SIIM 2025 annual meeting) with no abstract of its own and no primary study; the attached full text is a mismatched PubMed/.gov navigation boilerplate extraction, so nothing m ...",FALSE,"{""Dat Mai_fulltext"": ""flagged"", ""Thu_adjudicator"": ""background_only""}","[""Selected Abstracts from the SIIM 2025 Annual Meeting"", ""No abstract available from Springer.""]",2025 - Selected Abstracts from the SIIM 2025 Annual Meeting of the Society for Imaging Informatics in Medicine (SIIM) - SPRINGER 10.1007_s10278-025-01501-x.md,,0.92,high,"{""Thu_adjudicator"": ""background_only""}",1,"{""flagged"": 1}"
2026-07-27T12:23:32.158013+00:00,40173320,10.1002/mrm.30489,2025,Short-term gradient imperfections in high-resolution EPI lead to Fuzzy Ripple artifacts.,Magnetic resonance in medicine,include,fulltext_screening,wrong_outcome: Characterizes and mitigates a brain EPI reconstruction/acquisition artifact (Fuzzy Ripples) affecting image fidelity.,,,,FALSE,"{""Dat Mai_fulltext"": ""include""}","[""low spatial frequency EPI artifacts; termed here as Fuzzy Ripples"", ""these artifacts can be mitigated""]",2025 - Short-term gradient imperfections in high-resolution EPI lead to Fuzzy Ripple artifacts. - PMID 40173320.md,,0.45,low,{},1,"{""include"": 1}"
2026-07-27T12:23:32.158013+00:00,40085468,10.1109/tnsre.2025.3551676,2025,Simultaneous Mental Fatigue and Mental Workload Assessment With Wearable High-Density Diffuse Optical Tomography.,IEEE transactions on neural systems and rehabilitation engineering,exclude,fulltext_screening,,"wrong_intervention_or_index: Diffuse optical tomography for cognitive-state classification, not MRI reconstruction safety.",,,FALSE,"{""Dat Mai_fulltext"": ""exclude""}","[""high-density diffuse optical tomography (HD-DOT)"", ""Machine learning methods were applied for subject-specific classification""]",2025 - Simultaneous Mental Fatigue and Mental Workload Assessment With Wearable High-Density Diffuse Optical Tomography. - PMID 40085468.md,,0.9,high,{},1,"{""exclude"": 1}"
2026-07-27T12:23:32.158013+00:00,,10.1109/icip55913.2025.11084355,2025,Sparsity-Driven Parallel Imaging Consistency for Improved Self-Supervised MRI Reconstruction,2025 IEEE International Conference on Image Processing (ICIP),include,fulltext_screening,wrong_outcome: Self-supervised deep learning MRI reconstruction targeting aliasing artifacts and image-fidelity loss on brain/knee data.,,,,FALSE,"{""Dat Mai_fulltext"": ""include""}","[""frequently introduces artifacts, compromising image fidelity"", ""reduces aliasing artifacts""]",2025 - Sparsity-Driven Parallel Imaging Consistency for Improved Self-Supervised MRI Reconstruction - IEEEXPLORE 11084355.md,,0.65,medium,{},1,"{""include"": 1}"
2026-07-27T12:23:32.158013+00:00,40450607,10.1007/s11548-025-03427-9,2025,Spatiotemporally constrained 3D reconstruction from biplanar digital subtraction angiography.,International journal of computer assisted radiology and surgery,exclude,fulltext_screening,,"wrong_intervention_or_index: 3D vessel reconstruction from digital subtraction angiography (X-ray), not brain MRI reconstruction.",,,FALSE,"{""Dat Mai_fulltext"": ""exclude""}","[""3D reconstruction from biplanar digital subtraction angiography"", ""reduced reconstruction artifacts in vesselness volumes""]",2025 - Spatiotemporally constrained 3D reconstruction from biplanar digital subtraction angiography. - PMID 40450607.md,,0.65,medium,{},1,"{""exclude"": 1}"
2026-07-27T12:23:32.158013+00:00,39250435,10.1002/mrm.30255,2025,Spherical echo-planar time-resolved imaging (sEPTI) for rapid 3D quantitative T2* and susceptibility imaging.,Magnetic resonance in medicine,include,fulltext_screening,wrong_outcome: Physics-informed unrolled-network brain MRI reconstruction pipeline mitigating field-imperfection artifacts and distortion.,,,,FALSE,"{""Dat Mai_fulltext"": ""include""}","[""better mitigate artifacts from field imperfections"", ""distortion-free multi-echo imaging""]",2025 - Spherical echo-planar time-resolved imaging (sEPTI) for rapid 3D quantitative T 2 and susceptibility imaging. - PMID 39250435.md,,0.55,low,{},1,"{""include"": 1}"
2026-07-27T12:23:32.158013+00:00,39366765,10.3174/ajnr.a8526,2025,Super-Resolution in Clinically Available Spinal Cord MRIs Enables Automated Atrophy Analysis.,AJNR. American journal of neuroradiology,include,fulltext_Thu_adjudication,"Although the target anatomy is the cervical cord, the index method (SMORE zero-shot deep-learning super-resolution) is explicitly a brain-validated MRI reconstruction/enhancement technique and the study is framed as a fidelity/reliability v ...",,,,FALSE,"{""Dat Mai_fulltext"": ""flagged"", ""Thu_adjudicator"": ""include""}","[""Super-resolved (SR) images reconstructed by using SMORE showed significantly greater similarity to the ground truth"", ""SMORE has been extensively validated in the brain""]",2025 - Super-Resolution in Clinically Available Spinal Cord MRIs Enables Automated Atrophy Analysis. - PMID 39366765.md,,0.58,low,"{""Thu_adjudicator"": ""include""}",1,"{""flagged"": 1}"
2026-07-27T12:23:32.158013+00:00,,10.1038/s41598-025-11089-5,2025,Task based evaluation of sparse view CT reconstruction techniques for intracranial hemorrhage diagnosis using an AI observer model,Scientific Reports,exclude,fulltext_Thu_adjudication,,"wrong_intervention_or_index: Methodologically this is a near-perfect analogue of the review question (an automated AI observer used as a surrogate judge to test whether deep-learning reconstruction preserves diagnostic accuracy, benchmarked ...",,,FALSE,"{""Dat Mai_fulltext"": ""flagged"", ""Thu_adjudicator"": ""exclude""}","[""This study employs an Artificial Intelligence (AI) observer to evaluate the diagnostic accuracy of FBP, MBIR, and DLR"", ""Sparse-view computed tomography (CT)""]",2025 - Task based evaluation of sparse view CT reconstruction techniques for intracranial hemorrhage diagnosis using an AI obse - SPRINGER 10.1038_s41598-025-11089-5.md,,0.6,low,"{""Thu_adjudicator"": ""exclude""}",1,"{""flagged"": 1}"
2026-07-27T12:23:32.158013+00:00,,10.1109/isbi60581.2025.10981166,2025,Tau Pet Harmonization via Surface-Based Diffusion Model,2025 IEEE 22nd International Symposium on Biomedical Imaging (ISBI),exclude,fulltext_screening,,"wrong_intervention_or_index: Diffusion-model harmonization of multi-site tau PET, not MRI reconstruction or its safety evaluation.",,,FALSE,"{""Dat Mai_fulltext"": ""exclude""}","[""harmonization among multi-site tau PET data"", ""surface-based data preprocessing and diffusion model""]",2025 - Tau Pet Harmonization via Surface-Based Diffusion Model - IEEEXPLORE 10981166.md,,0.65,medium,{},1,"{""exclude"": 1}"
2026-07-27T12:23:32.158013+00:00,40451846,10.2463/mrms.mp.2024-0202,2025,The Impact of Model-based Deep-learning Reconstruction Compared with Compressed Sensing-Sensitivity Encoding on Cine Cardiac MR.,Magnetic resonance in medical sciences,exclude,fulltext_screening,,"wrong_population: Cine cardiac MRI reconstruction study; anatomy is heart, not brain.",,,FALSE,"{""Dat Mai_fulltext"": ""exclude""}","[""cine cardiac magnetic resonance (CMR)"", ""Left-ventricular (LV) end-diastolic volume""]",2025 - The Impact of Model-based Deep-learning Reconstruction Compared with that of Compressed Sensing-Sensitivity Encoding on - PMID 40451846.md,,0.85,high,{},1,"{""exclude"": 1}"
2026-07-27T12:23:32.158013+00:00,39607873,10.1002/mrm.30384,2025,"Time-efficient, high-resolution 3T whole-brain relaxometry using Cartesian 3D MR-STAT with cerebrospinal fluid suppression.",Magnetic resonance in medicine,include,fulltext_screening,"wrong_outcome: Brain MR-STAT reconstruction protocol suppressing CSF pulsation artifacts, evaluated for accuracy and reproducibility.",,,,FALSE,"{""Dat Mai_fulltext"": ""include""}","[""suppress CSF-associated pulsation artifacts"", ""low intersubject and interscan variability""]","2025 - Time-efficient, high-resolution 3T whole-brain relaxometry using Cartesian 3D MR Spin TomogrAphy in Time-Domain (MR-STAT - PMID 39607873.md",,0.5,low,{},1,"{""include"": 1}"
2026-07-27T12:23:32.158013+00:00,39824686,10.1016/j.zemedi.2024.12.001,2025,Ultra-high-resolution brain MRI at 0.55T: bSTAR and its application to magnetization transfer ratio imaging.,Zeitschrift fur medizinische Physik,include,fulltext_screening,wrong_outcome: Brain MRI acquisition with CS reconstruction evaluated for artifact-free imaging and reproducibility.,,,,FALSE,"{""Dat Mai_fulltext"": ""include""}","[""essentially free of off-resonance-related artifacts"", ""MTR measurements were highly reproducible""]",2025 - Ultra-high-resolution brain MRI at 0.55T bSTAR and its application to magnetization transfer ratio imaging. - PMID 39824686.md,,0.45,low,{},1,"{""include"": 1}"
2026-07-27T12:23:32.158013+00:00,39938896,10.2463/mrms.mp.2024-0098,2025,Using Deep Learning to Simultaneously Reduce Noise and Motion Artifacts in Brain MR Imaging.,Magnetic resonance in medical sciences,include,fulltext_screening,"wrong_outcome: Deep-learning reconstruction reducing noise and motion artifacts in brain MRI, evaluated with SSIM/PSNR and radiologist review.",,,,FALSE,"{""Dat Mai_fulltext"": ""include""}","[""remove noise and MA"", ""structural similarity index (SSIM) and peek signal to noise ratio (PSNR)""]",2025 - Using Deep Learning to Simultaneously Reduce Noise and Motion Artifacts in Brain MR Imaging. - PMID 39938896.md,,0.7,medium,{},1,"{""include"": 1}"
2026-07-27T12:23:32.158013+00:00,38749431,10.1055/a-2290-4781,2025,Value of vendor-agnostic deep learning image denoising in brain computed tomography: A multi-scanner study.,RoFo,exclude,fulltext_screening,,"out_of_scope: Deep-learning denoising evaluation is for brain CT, not MRI reconstruction.",,,FALSE,"{""Dat Mai_fulltext"": ""exclude""}","[""deep learning denoising (DLD) algorithm on diagnostic image quality of non-contrast cranial computed tomography"", ""reconstructed using filtered back projection (FBP)""]",2025 - Value of vendor-agnostic deep learning image denoising in brain computed tomography A multi-scanner study. - PMID 38749431.md,,0.6,low,{},1,"{""exclude"": 1}"
2026-07-27T12:23:32.158013+00:00,39567364,10.1002/mrm.30380,2025,Variable-flip-angle 3D spiral-in-out turbo spin-echo imaging using concomitant gradient compensation and echo reordering at 0.55 T.,Magnetic resonance in medicine,include,fulltext_screening,"wrong_outcome: Brain MRI acquisition/reconstruction mitigating system-imperfection artifacts and blurring, validated in phantoms and volunteers.",,,,FALSE,"{""Dat Mai_fulltext"": ""include""}","[""system imperfection associated image artifacts and blurring were substantially mitigated"", ""concomitant-field compensation""]",2025 - Variable-flip-angle 3D spiral-in-out turbo spin-echo imaging using concomitant gradient compensation and echo reordering - PMID 39567364.md,,0.45,low,{},1,"{""include"": 1}"
2026-07-27T12:23:32.158013+00:00,41376618,10.1002/hbm.70429,2025,White Matter Bundle Reconstruction From Single-Shell Diffusion MRI: Test-Retest Reliability and Predictive Capability Across ODF Reconstruction Methods.,Human brain mapping,include,fulltext_screening,wrong_outcome: Assesses test-retest reliability of brain white-matter reconstruction across ODF reconstruction methods.,,,,FALSE,"{""Dat Mai_fulltext"": ""include""}","[""test-retest reliability of WM bundles reconstructed"", ""across three orientation distribution function (ODF) reconstruction methods""]",2025 - White Matter Bundle Reconstruction From Single-Shell Diffusion Magnetic Resonance Imaging Test-Retest Reliability and Pr - PMID 41376618.md,,0.45,low,{},1,"{""include"": 1}"
2026-07-27T12:23:32.158013+00:00,41673141,10.1038/s41598-026-38964-z,2026,A pilot study on protocol consistency and graph metric reproducibility in microstructure-weighted connectomes.,Scientific reports,exclude,fulltext_screening,,"wrong_outcome: Reproducibility of connectome graph metrics/weighting parameters, not reconstruction fidelity or safety.",,,FALSE,"{""Dat Mai_fulltext"": ""exclude""}","[""graph metric reproducibility in microstructure-weighted connectomes"", ""inter-site stability of graph metrics""]",2026 - A pilot study on protocol consistency and graph metric reproducibility in microstructure-weighted connectomes. - PMID 41673141.md,,0.5,low,{},1,"{""exclude"": 1}"
2026-07-27T12:23:32.158013+00:00,,10.1038/s44172-025-00580-6,2026,Accelerating CEST MRI through complementary undersampling and multi-offset transformer reconstruction,Communications Engineering,include,fulltext_screening,wrong_outcome: Deep-learning transformer reconstruction for accelerated human brain CEST MRI evaluated for accuracy and image fidelity.,,,,FALSE,"{""Dat Mai_fulltext"": ""include""}","[""outperforms a number of state-of-the-art CEST MRI reconstruction methods in both accuracy and image fidelity"", ""multi-coil human brain CEST images""]",2026 - Accelerating CEST MRI through complementary undersampling and multi-offset transformer reconstruction - SPRINGER 10.1038_s44172-025-00580-6.md,,0.55,low,{},1,"{""include"": 1}"
2026-07-27T12:23:32.158013+00:00,41873533,10.1002/mrm.70358,2026,Advancing Quantitative Susceptibility Mapping With 2.5D Diffusion Models for Rapid Intracranial Hemorrhage Quantification.,Magnetic resonance in medicine,include,fulltext_screening,wrong_outcome: Diffusion-model QSM reconstruction for brain hemorrhage evaluated for structural fidelity and artifact suppression.,,,,FALSE,"{""Dat Mai_fulltext"": ""include""}","[""superior structural fidelity and noise suppression"", ""effective artifact suppression in conditions of low SNR""]",2026 - Advancing Quantitative Susceptibility Mapping With 2.5D Diffusion Models for Rapid Intracranial Hemorrhage Quantificatio - PMID 41873533.md,,0.7,medium,{},1,"{""include"": 1}"
2026-07-27T12:23:32.158013+00:00,41204061,10.1002/mrm.70132,2026,An Exploration of Motion-Sampling Interactions in 3D MRI for Neuroimaging.,Magnetic resonance in medicine,include,fulltext_screening,"wrong_outcome: Provides a framework to predict, categorize and benchmark motion artifacts in 3D brain MRI, an evaluation methodology for a reconstruction failure mode.",,,,FALSE,"{""Dat Mai_fulltext"": ""include""}","[""framework for predicting motion artifacts"", ""systematic evaluation of motion robustness""]",2026 - An Exploration of Motion-Sampling Interactions in 3D MRI for Neuroimaging. - PMID 41204061.md,,0.6,low,{},1,"{""include"": 1}"
2026-07-27T12:23:32.158013+00:00,41792587,10.1002/mrm.70330,2026,Assessing Measurement Repeatability of a Novel Anisotropic Phantom for Advanced Diffusion MRI Models.,Magnetic resonance in medicine,exclude,fulltext_screening,,"out_of_scope: Phantom-based quality-assurance repeatability of diffusion metrics, not reconstruction safety/fidelity of AI brain MRI reconstruction.",,,FALSE,"{""Dat Mai_fulltext"": ""exclude""}","[""repeatability of higher-order diffusion tensor metrics using a novel anisotropic diffusion phantom"", ""quality assurance of advanced diffusion models""]",2026 - Assessing Measurement Repeatability of a Novel Anisotropic Phantom for Advanced Diffusion MRI Models. - PMID 41792587.md,,0.5,low,{},1,"{""exclude"": 1}"
2026-07-27T12:23:32.158013+00:00,,10.1007/978-3-032-05997-0_1,2026,Automatic Quality Control in Multi-centric Fetal Brain MRI Super-Resolution Reconstruction,"Perinatal, Preterm and Paediatric Image Analysis",include,fulltext_screening,wrong_outcome: Proposes an automated quality-control/judge (FetMRQC_SR) to evaluate fetal brain MRI super-resolution reconstruction quality against expert ratings.,,,,FALSE,"{""Dat Mai_fulltext"": ""include""}","[""automated quality control of super-resolution reconstruction (SRR) volumes of fetal brain MRI"", ""predict image quality scores using a random forest model""]",2026 - Automatic Quality Control in Multi-centric Fetal Brain MRI Super-Resolution Reconstruction - SPRINGER 10.1007_978-3-032-05997-0_1.md,,0.8,medium,{},1,"{""include"": 1}"
2026-07-27T12:23:32.158013+00:00,40432253,10.1002/mrm.30569,2026,Block-interleaved segmented echo-planar imaging for improved activity detection in submillimeter high-resolution functional MRI at 7 T.,Magnetic resonance in medicine,include,fulltext_screening,wrong_outcome: Brain fMRI acquisition/reconstruction method incorporating k-space motion correction and artifact mitigation.,,,,FALSE,"{""Dat Mai_fulltext"": ""include""}","[""k-space-based motion correction method is incorporated to mitigate head motion artifacts"", ""improved motion robustness""]",2026 - Block-interleaved segmented echo-planar imaging for improved activity detection in submillimeter high-resolution functio - PMID 40432253.md,,0.4,low,{},1,"{""include"": 1}"
2026-07-27T12:23:32.158013+00:00,41039908,10.1002/mrm.70113,2026,Cartesian MaxGIRF: Model-based EPI reconstruction incorporating gradient nonlinearity and concomitant field effects.,Magnetic resonance in medicine,include,fulltext_screening,"wrong_outcome: Model-based brain EPI reconstruction directly mitigating geometric distortion and artifacts, compared to standard correction methods.",,,,FALSE,"{""Dat Mai_fulltext"": ""include""}","[""mitigation of both parabolic shifts and slice-dependent Nyquist ghosts"", ""mitigating geometric distortions""]",2026 - Cartesian MaxGIRF Model-based EPI reconstruction incorporating gradient nonlinearity and concomitant field effects. - PMID 41039908.md,,0.6,low,{},1,"{""include"": 1}"
2026-07-27T12:23:32.158013+00:00,,10.1186/s43055-026-01693-4,2026,Class-conditioned synthetic MRI generation using ACGAN to improve brain-tumor classification accuracy,Egyptian Journal of Radiology and Nuclear Medicine,exclude,fulltext_screening,,"out_of_scope: GAN synthetic-image data augmentation for tumor classification, not reconstruction of acquired data or its safety evaluation.",,,FALSE,"{""Dat Mai_fulltext"": ""exclude""}","[""generate class-conditioned synthetic MRI images"", ""Fréchet inception distance (FID)""]",2026 - Class-conditioned synthetic MRI generation using ACGAN to improve brain-tumor classification accuracy - SPRINGER 10.1186_s43055-026-01693-4.md,,0.6,low,{},1,"{""exclude"": 1}"
2026-07-27T12:23:32.158013+00:00,40955094,10.1002/mrm.70073,2026,Combined angiography and perfusion using radial imaging and arterial spin labeling with structural contrast.,Magnetic resonance in medicine,include,fulltext_screening,wrong_outcome: Brain MRI acquisition/reconstruction method evaluated for fewer artifacts and improved repeatability versus conventional methods.,,,,FALSE,"{""Dat Mai_fulltext"": ""include""}","[""improved distal vessel visibility and fewer artifacts"", ""significantly more repeatable""]",2026 - Combined angiography and perfusion using radial imaging and arterial spin labeling with structural contrast. - PMID 40955094.md,,0.4,low,{},1,"{""include"": 1}"
2026-07-27T12:23:32.158013+00:00,,10.1007/s10278-025-01516-4,2026,Comparative Clinical Evaluation of Memory-Efficient Synthetic 3D GANs Head-to-Head to State of Art: Results on Computed Tomography of the Chest,Journal of Imaging Informatics in Medicine,exclude,fulltext_screening,,"wrong_population: Synthetic 3D GAN image generation evaluated on chest CT, not brain MRI reconstruction.",,,FALSE,"{""Dat Mai_fulltext"": ""exclude""}","[""Results on Computed Tomography of the Chest"", ""Fréchet Inception distance (FID) and maximum mean discrepancy (MMD)""]",2026 - Comparative Clinical Evaluation of “Memory-Efficient” Synthetic 3D Generative Adversarial Networks (GAN) Head-to-Head to - SPRINGER 10.1007_s10278-025-01516-4.md,,0.8,medium,{},1,"{""exclude"": 1}"
2026-07-27T12:23:32.158013+00:00,40961378,10.1002/mrm.70090,2026,Contrast-optimized basis functions for self-navigated motion correction in quantitative MRI.,Magnetic resonance in medicine,include,fulltext_screening,wrong_outcome: Self-navigated motion-correction reconstruction for quantitative brain MRI reducing motion artifacts in quantitative maps.,,,,FALSE,"{""Dat Mai_fulltext"": ""include""}","[""self-navigated retrospective motion correction"", ""reduced artifacts in the quantitative maps""]",2026 - Contrast-optimized basis functions for self-navigated motion correction in quantitative MRI. - PMID 40961378.md,,0.55,low,{},1,"{""include"": 1}"
2026-07-27T12:23:32.158013+00:00,,10.3389/fmed.2026.1803906,2026,Correction: Parameter-optimized generative adversarial network framework for synthetic MRI generation: fine-tuning critical variables for enhanced image fidelity,Frontiers in Medicine,exclude,fulltext_screening,,"wrong_study_design: Erratum/correction notice for a GAN synthetic-MRI augmentation study, which is off-topic and not a screenable study.",,,FALSE,"{""Dat Mai_fulltext"": ""exclude""}","[""Correction: Parameter-optimized generative adversarial network framework for synthetic MRI generation"", ""erratum""]",2026 - Correction Parameter-optimized generative adversarial network framework for synthetic MRI generation fine-tuning critica - OPENALEX W7131079399.md,,0.7,medium,{},1,"{""exclude"": 1}"
2026-07-27T12:23:32.158013+00:00,,10.1038/s41598-026-47705-1,2026,Cross-vendor reliability of functional and structural brain connectivity in a travelling cohort,Scientific Reports,exclude,fulltext_screening,,"wrong_outcome: Cross-scanner reliability and ComBat harmonization of connectivity metrics, not reconstruction fidelity/safety.",,,FALSE,"{""Dat Mai_fulltext"": ""exclude""}","[""cross-vendor reliability of functional and structural brain connectivity"", ""effect of neuroComBat harmonisation""]",2026 - Cross-vendor reliability of functional and structural brain connectivity in a travelling cohort - SPRINGER 10.1038_s41598-026-47705-1.md,,0.55,low,{},1,"{""exclude"": 1}"
2026-07-27T12:23:32.158013+00:00,41958180,10.1002/nbm.70286,2026,DEEP-DISORDER: Motion Correction in 3D MRI via Segment Reconstruction and Registration.,NMR in biomedicine,include,fulltext_screening,"wrong_outcome: Deep-learning undersampled reconstruction with registration for retrospective motion correction in 3D brain MRI, evaluated by SSIM.",,,,FALSE,"{""Dat Mai_fulltext"": ""include""}","[""retrospectively correct for intrascan motion in 3D brain MRI"", ""improvement in reconstruction quality ... SSIM""]",2026 - DEEP-DISORDER Motion Correction in 3D MRI via Segment Reconstruction and Registration. - PMID 41958180.md,,0.7,medium,{},1,"{""include"": 1}"
2026-07-27T12:23:32.158013+00:00,41498976,10.1007/s00062-025-01604-6,2026,Deep Learning Reconstruction of Diffusion-weighted MRI Enables Shorter Examination Times While Maintaining Image Quality in Head and Neck Imaging.,Clinical neuroradiology,exclude,fulltext_screening,,"wrong_population: Deep-learning DWI reconstruction evaluated in head and neck imaging, not brain.",,,FALSE,"{""Dat Mai_fulltext"": ""exclude""}","[""Diffusion-weighted imaging (DWI) of the head and neck"", ""Head and Neck Neoplasms""]",2026 - Deep Learning Reconstruction of Diffusion-weighted MRI Enables Shorter Examination Times While Maintaining Image Quality - PMID 41498976.md,,0.6,low,{},1,"{""exclude"": 1}"
2026-07-27T12:23:32.158013+00:00,41866419,10.1038/s41598-026-44834-5,2026,Deep learning approach to super-resolution correction of brain MRI motion artifacts for accurate hippocampal volumetry.,Scientific reports,include,fulltext_screening,"wrong_outcome: Deep-learning super-resolution correction of brain MRI motion artifacts, evaluated with PSNR/SSIM/MAE and volumetry error.",,,,FALSE,"{""Dat Mai_fulltext"": ""include""}","[""reduce motion artifacts in brain MRI"", ""EI showed higher PSNR and SSIM and lower MAE""]",2026 - Deep learning approach to super-resolution correction of brain MRI motion artifacts for accurate hippocampal volumetry. - PMID 41866419.md,,0.7,medium,{},1,"{""include"": 1}"
2026-07-27T12:23:32.158013+00:00,,10.1186/s41747-025-00651-5,2026,"Deep learning for synthetic PET imaging: a systematic mapping review of techniques, metrics, and clinical relevance",European Radiology Experimental,background_only,fulltext_screening,,,,review_for_background: Systematic mapping review of deep-learning synthetic PET; a review rather than a primary methodological study.,FALSE,"{""Dat Mai_fulltext"": ""background_only""}","[""a systematic mapping review of techniques, metrics, and clinical relevance"", ""34 were included""]","2026 - Deep learning for synthetic PET imaging a systematic mapping review of techniques, metrics, and clinical relevance - SPRINGER 10.1186_s41747-025-00651-5.md",,0.9,high,{},1,"{""background_only"": 1}"
2026-07-27T12:23:32.158013+00:00,41925834,10.1007/s00330-026-12482-y,2026,Deep learning improves image quality in motion-robust and sedation-free pediatric brain MRI.,European radiology,include,fulltext_screening,"wrong_outcome: Deep-learning reconstruction of pediatric brain MRI addressing motion artifacts, evaluated with quantitative metrics and radiologist ratings.",,,,FALSE,"{""Dat Mai_fulltext"": ""include""}","[""DL-based reconstruction significantly enhances the diagnostic quality"", ""fewer motion artifacts""]",2026 - Deep learning improves image quality in motion-robust and sedation-free pediatric brain MRI. - PMID 41925834.md,,0.7,medium,{},1,"{""include"": 1}"
2026-07-27T12:23:32.158013+00:00,,10.1038/s41467-026-71918-7,2026,Developmental disinhibition gates language lateralization in childhood,Nature Communications,exclude,fulltext_screening,,out_of_scope: Neurophysiological modeling of language lateralization; unrelated to MRI reconstruction or its safety.,,,FALSE,"{""Dat Mai_fulltext"": ""exclude""}","[""how functionally specialized circuits develop"", ""language lateralization emerges through distinct inhibitory processes""]",2026 - Developmental disinhibition gates language lateralization in childhood - SPRINGER 10.1038_s41467-026-71918-7.md,,0.88,high,{},1,"{""exclude"": 1}"
2026-07-27T12:23:32.158013+00:00,41500858,10.1016/j.acra.2025.12.028,2026,Diffusion Model-Based Motion Correction in Portable Computed Tomography for Brain: A Human Observer Study.,Academic radiology,exclude,fulltext_Thu_adjudication,,"wrong_intervention_or_index: A diffusion-model reconstruction/correction evaluated by a three-reader safety study for lesion detectability (exactly the comparator design of interest), but performed on portable brain CT, not MRI; the protoco ...",,,FALSE,"{""Dat Mai_fulltext"": ""flagged"", ""Thu_adjudicator"": ""exclude""}","[""Lesion detectability remained comparable before and after correction"", ""Diffusion Model-Based Motion Correction in Portable Computed Tomography""]",2026 - Diffusion Model-Based Motion Correction in Portable Computed Tomography for Brain A Human Observer Study. - PMID 41500858.md,,0.68,medium,"{""Thu_adjudicator"": ""exclude""}",1,"{""flagged"": 1}"
2026-07-27T12:23:32.158013+00:00,,10.3389/fnins.2026.1817732,2026,Evaluating reliability of automated quantitative brain morphometry from fetal T2-weighted MRI,Frontiers in Neuroscience,include,fulltext_screening,"reliability assessment of reconstruction pipelines: Systematically assesses within-session reliability/fidelity of two automated 3D slice-to-volume brain MRI reconstruction methods (NeSVoR, SVRTK).",,,,FALSE,"{""Dat Mai_fulltext"": ""include""}","[""systematic reliability assessment is essential for confident application of automated pipelines"", ""two disjoint subsets ... independently reconstructed into 3D volumes using ... NeSVoR ... and SVRTK""]",2026 - Evaluating reliability of automated quantitative brain morphometry from fetal T2-weighted MRI - SCOPUS 2-s2.0-105043287371.md,,0.72,medium,{},1,"{""include"": 1}"
2026-07-27T12:23:32.158013+00:00,41735814,10.3348/kjr.2025.1045,2026,Evaluating the Accuracy and Diagnostic Reasoning of Multimodal Large Language Models in Interpreting Neuroradiology Cases From RadioGraphics.,Korean journal of radiology,exclude,fulltext_screening,,"out_of_scope: Evaluates M-LLM accuracy/hallucination in diagnostic case interpretation, not evaluation of MRI reconstruction safety or fidelity.",,,FALSE,"{""Dat Mai_fulltext"": ""exclude""}","[""accuracy and reasoning capabilities of large multimodal language models compared with those of neuroradiology ... radiologists in ... case interpretation""]",2026 - Evaluating the Accuracy and Diagnostic Reasoning of Multimodal Large Language Models in Interpreting Neuroradiology Case - PMID 41735814.md,,0.82,high,{},1,"{""exclude"": 1}"
2026-07-27T12:23:32.158013+00:00,41489091,10.1002/jmri.70221,2026,Evaluation of Image-Level Harmonization Methods for Multi-Center MR Neuroimaging.,Journal of magnetic resonance imaging : JMRI,include,fulltext_Thu_adjudication,"The stored full text is a mismatched PubMed .gov boilerplate extraction, so the call rests on abstract and MeSH. It is a dedicated evaluation study (not method development) of a deep-learning image-level generative transformation of brain M ...",,,,FALSE,"{""Dat Mai_fulltext"": ""flagged"", ""Thu_adjudicator"": ""include""}","[""image feature similarity metrics (Frechet Inception Distance [FID], Learned Perceptual Image Patch Similarity [LPIPS]) were compared across scanner vendors before and after harmonization"", ""Only HACA3 harmonization resulted in non-signifi ...",2026 - Evaluation of Image-Level Harmonization Methods for Multi-Center MR Neuroimaging. - PMID 41489091.md,,0.52,low,"{""Thu_adjudicator"": ""include""}",1,"{""flagged"": 1}"
2026-07-27T12:23:32.158013+00:00,42290380,10.1002/hbm.70574,2026,Evaluation of a New Paracingulate Sulcus Identification and Measurement Protocol.,Human brain mapping,exclude,fulltext_screening,,"out_of_scope: Evaluates reliability of an anatomical sulcus identification/measurement protocol, not the safety or fidelity of MRI reconstruction.",,,FALSE,"{""Dat Mai_fulltext"": ""exclude""}","[""assessed the benefits of a new protocol to identify the PCS and measure its length""]",2026 - Evaluation of a New Paracingulate Sulcus Identification and Measurement Protocol. - PMID 42290380.md,,0.85,high,{},1,"{""exclude"": 1}"
2026-07-27T12:23:32.158013+00:00,,10.1109/TRPMS.2025.3577309,2026,Explainable Intermodality Medical Information Transfer Using Siamese Autoencoders,IEEE Transactions on Radiation and Plasma Medical Sciences,exclude,fulltext_screening,,"out_of_scope: Concerns multimodal image fusion (MRI+PET) quality for AD classification, not evaluation of MRI reconstruction safety or fidelity.",,,FALSE,"{""Dat Mai_fulltext"": ""exclude""}","[""Medical imaging fusion combines complementary information from multiple modalities"", ""evaluating the quality of fused images remains challenging""]",2026 - Explainable Intermodality Medical Information Transfer Using Siamese Autoencoders - IEEEXPLORE 11029061.md,,0.78,medium,{},1,"{""exclude"": 1}"
2026-07-27T12:23:32.158013+00:00,42286078,10.1038/s41598-026-55397-w,2026,Fast surface reconstruction of human brain MRI: benchmarking deep-learning based morphometry tools.,Scientific reports,include,fulltext_screening,"reliability/fidelity evaluation of DL reconstruction: Benchmarks accuracy, reliability, robustness and fidelity of deep-learning-based brain MRI surface reconstruction pipelines against synthetic ground truth and FreeSurfer.",,,,FALSE,"{""Dat Mai_fulltext"": ""include""}","[""Novel structural MRI reconstruction techniques require extensive validation to probe their accuracy, reliability and robustness"", ""greatest fidelity to the expected metrics in the synthetic dataset""]",2026 - Fast surface reconstruction of human brain MRI benchmarking deep-learning based morphometry tools. - PMID 42286078.md,,0.68,medium,{},1,"{""include"": 1}"
2026-07-27T12:23:32.158013+00:00,40931540,10.1002/mrm.70072,2026,Few-shot learning for highly accelerated 3D time-of-flight MRA reconstruction.,Magnetic resonance in medicine,include,fulltext_screening,"AI reconstruction fidelity/artifact evaluation: Deep-learning accelerated brain angiography reconstruction evaluated for vessel preservation, artifacts and image quality against comparison methods.",,,,FALSE,"{""Dat Mai_fulltext"": ""include""}","[""preserving most fine vessels with minimal artifacts with up to eight-fold acceleration""]",2026 - Few-shot learning for highly accelerated 3D time-of-flight MRA reconstruction. - PMID 40931540.md,,0.62,low,{},1,"{""include"": 1}"
2026-07-27T12:23:32.158013+00:00,41932134,10.1016/j.media.2026.104044,2026,Functional imaging constrained diffusion for brain PET synthesis from structural MRI.,Medical image analysis,exclude,fulltext_screening,,"wrong_intervention_or_index: Synthesizes PET (a different modality) from MRI; the reconstructed output is PET, not brain MRI reconstruction/safety.",,,FALSE,"{""Dat Mai_fulltext"": ""exclude""}","[""functional imaging constrained diffusion (FICD) framework for 3D brain PET image synthesis""]",2026 - Functional imaging constrained diffusion for brain PET synthesis from structural MRI. - PMID 41932134.md,,0.68,medium,{},1,"{""exclude"": 1}"
2026-07-27T12:23:32.158013+00:00,,10.3390/biomimetics11030175,2026,GAN-Based Cross-Modality Brain MRI Synthesis: Paired Versus Unpaired Training and Comparison with Diffusion and Transformer Models,Biomimetics,include,fulltext_Thu_adjudication,"A controlled benchmark (not new-method development) of generative brain MRI reconstruction/synthesis models on BraTS, whose stated gap is that 'few studies evaluate whether models preserve clinically meaningful lesion/tissue features, beyon ...",,,,FALSE,"{""Dat Mai_fulltext"": ""flagged"", ""Thu_adjudicator"": ""include""}","[""Few studies evaluate whether models preserve clinically meaningful lesion/tissue features, beyond generic similarity metrics"", ""unpaired CycleGAN occasionally over-smoothed subtle lesions"", ""Susceptible to hallucinations or texture incons ...",2026 - GAN-Based Cross-Modality Brain MRI Synthesis Paired Versus Unpaired Training and Comparison with Diffusion and Transform - SCOPUS 2-s2.0-105034094425.md,,0.58,low,"{""Thu_adjudicator"": ""include""}",1,"{""flagged"": 1}"
2026-07-27T12:23:32.158013+00:00,41567610,10.1117/1.NPh.13.1.015005,2026,Group-level test-retest reliability assessment using systemic physiology augmented functional near-infrared spectroscopy during a passive-listening task.,Neurophotonics,exclude,fulltext_screening,,"out_of_scope: Concerns fNIRS signal denoising and test-retest reliability, not MRI reconstruction.",,,FALSE,"{""Dat Mai_fulltext"": ""exclude""}","[""systemic-physiology denoising methods on the test-retest reliability of group-level fNIRS data""]",2026 - Group-level test-retest reliability assessment using systemic physiology augmented functional near-infrared spectroscopy - PMID 41567610.md,,0.9,high,{},1,"{""exclude"": 1}"
2026-07-27T12:23:32.158013+00:00,42268529,10.1007/s12021-026-09792-3,2026,HESREN: A Derivative-Informed Reservoir Framework for Detecting Transient Neural Events and Windowless Estimation of Dynamic Functional Connectivity.,Neuroinformatics,exclude,fulltext_screening,,"out_of_scope: Concerns dynamic functional connectivity estimation from fMRI time series, not MRI image reconstruction.",,,FALSE,"{""Dat Mai_fulltext"": ""exclude""}","[""Dynamic functional connectivity (dFC) analysis in functional magnetic resonance imaging""]",2026 - HESREN A Derivative-Informed Reservoir Framework for Detecting Transient Neural Events and Windowless Estimation of Dyna - PMID 42268529.md,,0.9,high,{},1,"{""exclude"": 1}"
2026-07-27T12:23:32.158013+00:00,41720937,10.1007/s00330-026-12384-z,2026,Hallucination filtering in radiology vision-language models using discrete semantic entropy.,European radiology,exclude,fulltext_screening,,"out_of_scope: Addresses hallucination detection in VLM diagnostic question answering, not evaluation of MRI reconstruction safety/fidelity.",,,FALSE,"{""Dat Mai_fulltext"": ""exclude""}","[""reject questions likely to generate hallucinations ... in radiologic image-based visual question answering""]",2026 - Hallucination filtering in radiology vision-language models using discrete semantic entropy. - PMID 41720937.md,,0.72,medium,{},1,"{""exclude"": 1}"
2026-07-27T12:23:32.158013+00:00,41873517,10.1002/jmri.70302,2026,Hemodynamic Mechanisms in Venous Pulsatile Tinnitus: A 4D Flow MRI Analysis of Transverse-Sigmoid Sinus Abnormalities.,Journal of magnetic resonance imaging : JMRI,exclude,fulltext_screening,,"out_of_scope: Clinical hemodynamic causal study of pulsatile tinnitus using 4D flow MRI, not MRI reconstruction safety/fidelity.",,,FALSE,"{""Dat Mai_fulltext"": ""exclude""}","[""directed acyclic graph (DAG) testing whether stenosis-induced hemodynamic abnormalities ... predict VPT""]",2026 - Hemodynamic Mechanisms in Venous Pulsatile Tinnitus A 4D Flow MRI Analysis of Transverse-Sigmoid Sinus Abnormalities. - PMID 41873517.md,,0.88,high,{},1,"{""exclude"": 1}"
2026-07-27T12:23:32.158013+00:00,,10.1109/TMI.2026.3654585,2026,Highly Undersampled MRI Reconstruction via a Single Posterior Sampling of Diffusion Models,IEEE Transactions on Medical Imaging,include,fulltext_screening,"AI reconstruction fidelity evaluation: Deep-learning diffusion reconstruction of highly undersampled brain MRI evaluated for fidelity via PSNR/SSIM, error maps and fine-detail/latent information preservation.",,,,FALSE,"{""Dat Mai_fulltext"": ""include""}","[""outperformed other methods in terms of numerical metrics (e.g., PSNR and SSIM), error maps, image fine details""]",2026 - Highly Undersampled MRI Reconstruction via a Single Posterior Sampling of Diffusion Models - IEEEXPLORE 11355445.md,,0.62,low,{},1,"{""include"": 1}"
2026-07-27T12:23:32.158013+00:00,41472402,10.1002/mrm.70234,2026,In Vivo Meso-Scale Whole-Brain Quantitative Imaging With Tailored MRF on the NexGen 7T Scanner.,Magnetic resonance in medicine,exclude,fulltext_Thu_adjudication,,"wrong_intervention_or_index: Pure acquisition-plus-physics reconstruction method development (3D-SPI MRF tailored to a 7T head-only gradient system) with dictionary fitting, gradient-imperfection and B0/B1 corrections; the ablation studies ...",,,FALSE,"{""Dat Mai_fulltext"": ""flagged"", ""Thu_adjudicator"": ""exclude""}","[""acquisition and reconstruction mitigation methods were developed and incorporated into the MRF framework"", ""ablation studies demonstrated the necessity of the various mitigation methods implemented in removing bias and artifacts""]",2026 - In Vivo Meso-Scale Whole-Brain Quantitative Imaging With Tailored MRF on the NexGen 7T Scanner. - PMID 41472402.md,,0.75,medium,"{""Thu_adjudicator"": ""exclude""}",1,"{""flagged"": 1}"
2026-07-27T12:23:32.158013+00:00,42322480,10.1007/s12021-026-09794-1,2026,"Increasing the Reliability of Functional Connectivity by Predicting Long-Scan Functional Connectivity based on Short-Scan Functional Connectivity: Model Exploration, Explanation, Validation, and Application.",Neuroinformatics,exclude,fulltext_screening,,"out_of_scope: Concerns reliability of fMRI functional connectivity estimates, not MRI image reconstruction.",,,FALSE,"{""Dat Mai_fulltext"": ""exclude""}","[""improve both the test-retest reliability of FC and the performance of connectome-based predictive modeling""]",2026 - Increasing the Reliability of Functional Connectivity by Predicting Long-Scan Functional Connectivity based on Short-Sca - PMID 42322480.md,,0.9,high,{},1,"{""exclude"": 1}"
2026-07-27T12:23:32.158013+00:00,41961211,10.1186/s41747-026-00712-3,2026,"Influence of structured output constraints on GPT-5-Thinking, Gemini 2.5 Pro, and open-weight LLMs for radiology protocol selection.",European radiology experimental,exclude,fulltext_screening,,"out_of_scope: Evaluates LLMs for radiology protocol selection from request forms, not MRI reconstruction safety/fidelity.",,,FALSE,"{""Dat Mai_fulltext"": ""exclude""}","[""constraining ... large language models ... to structured outputs in processing radiology request forms""]","2026 - Influence of structured output constraints on GPT-5-Thinking, Gemini 2.5 Pro, and open-weight LLMs for radiology protoco - PMID 41961211.md",,0.88,high,{},1,"{""exclude"": 1}"
2026-07-27T12:23:32.158013+00:00,41945643,10.2196/82579,2026,Initial Insights Into an Institutional Secure Large Language Model for Magnetic Resonance Imaging Examination Requests: Retrospective Study.,Journal of medical Internet research,exclude,fulltext_screening,,"out_of_scope: Evaluates an LLM for MRI examination request/protocoling workflow, not reconstruction safety/fidelity.",,,FALSE,"{""Dat Mai_fulltext"": ""exclude""}","[""protocoling accuracy of the sLLM versus board-certified radiologists""]",2026 - Initial Insights Into an Institutional Secure Large Language Model for Magnetic Resonance Imaging Examination Requests R - PMID 41945643.md,,0.88,high,{},1,"{""exclude"": 1}"
2026-07-27T12:23:32.158013+00:00,41274083,10.1016/j.media.2025.103872,2026,Iterative learning for joint image denoising and motion artifact correction of 3D brain MRI.,Medical image analysis,include,fulltext_screening,"AI reconstruction failure-mode (artifact) evaluation: Deep-learning joint denoising and motion-artifact correction of brain MRI addressing artifact failure modes while preserving anatomical integrity, evaluated against SOTA.",,,,FALSE,"{""Dat Mai_fulltext"": ""include""}","[""gradient-based loss designed to maintain the integrity of brain anatomy during the motion correction process""]",2026 - Iterative learning for joint image denoising and motion artifact correction of 3D brain MRI. - PMID 41274083.md,,0.62,low,{},1,"{""include"": 1}"
2026-07-27T12:23:32.158013+00:00,,10.1007/978-3-032-05472-2_19,2026,Latent Causal Modeling for 3D Brain MRI Counterfactuals,Deep Generative Models,include,fulltext_screening,"causal/counterfactual brain MRI methodology: Proposes a latent structural causal model for high-fidelity 3D brain MRI counterfactual generation, directly matching the review's causal-discovery/counterfactual-simulation methodology interest.",,,,FALSE,"{""Dat Mai_fulltext"": ""include""}","[""Structural Causal Model (SCM) within the latent space ... generate high-quality 3D MRI counterfactuals""]",2026 - Latent Causal Modeling for 3D Brain MRI Counterfactuals - SPRINGER 10.1007_978-3-032-05472-2_19.md,,0.6,low,{},1,"{""include"": 1}"
2026-07-27T12:23:32.158013+00:00,,10.1016/j.dcn.2026.101766,2026,Latent representations of early brain development: A multivariate normative model of brain structure and behaviour,Developmental Cognitive Neuroscience,exclude,fulltext_screening,,"out_of_scope: Autoencoder normative modeling of neurodevelopment; reconstruction error is only a training metric, not an evaluation of MRI reconstruction safety.",,,FALSE,"{""Dat Mai_fulltext"": ""exclude""}","[""conditioned autoencoders, combined with multivariate normative modelling ... characterising neurodevelopmental trajectories""]",2026 - Latent representations of early brain development A multivariate normative model of brain structure and behaviour - SCOPUS 2-s2.0-105042245560.md,,0.82,high,{},1,"{""exclude"": 1}"
2026-07-27T12:23:32.158013+00:00,,10.1007/978-3-032-04937-7_27,2026,Lesion-Aware Post-training of Latent Diffusion Models for Synthesizing Diffusion MRI from CT Perfusion,Medical Image Computing and Computer Assisted Intervention – MICCAI 2025,include,fulltext_screening,reconstruction fidelity failure-mode (lesion loss): Addresses latent-diffusion failure to reconstruct clinically significant lesions (diagnostic reliability failure mode) and proposes/evaluates lesion-aware fidelity objectives for synthesiz ...,,,,TRUE,"{""Dat Mai_fulltext"": ""include""}","[""Failure to accurately reconstruct these regions can severely impact diagnostic reliability"", ""enhances ... the precision of lesion delineation""]",2026 - Lesion-Aware Post-training of Latent Diffusion Models for Synthesizing Diffusion MRI from CT Perfusion - SPRINGER 10.1007_978-3-032-04937-7_27.md,,0.58,low,{},1,"{""include"": 1}"
2026-07-27T12:23:32.158013+00:00,40977618,10.1002/mrm.70093,2026,MR sequence design to account for nonideal gradient performance.,Magnetic resonance in medicine,exclude,fulltext_screening,,wrong_intervention_or_index: Hardware/sequence-level gradient waveform optimization to reduce ghosting; not an AI/ML reconstruction method or a reconstruction safety-evaluation study.,,,FALSE,"{""Dat Mai_fulltext"": ""exclude""}","[""design precompensated gradient waveforms that ... improve imaging performance by correcting k-space samples directly""]",2026 - MR sequence design to account for nonideal gradient performance. - PMID 40977618.md,,0.62,low,{},1,"{""exclude"": 1}"
2026-07-27T12:23:32.158013+00:00,,10.1109/ISBI61048.2026.11515815,2026,MRIQT: Physics-Aware Diffusion Model for Image Quality Transfer in Neonatal Ultra-Low-Field MRI,2026 IEEE 23rd International Symposium on Biomedical Imaging (ISBI),include,fulltext_screening,"AI reconstruction fidelity/anatomical-consistency evaluation: Physics-aware diffusion enhancement of ultra-low-field neonatal brain MRI evaluated for anatomical fidelity, downstream consistency and pathology visibility via a clinician reade ...",,,,FALSE,"{""Dat Mai_fulltext"": ""include""}","[""SNR-weighted 3D perceptual loss to preserve anatomical fidelity"", ""85% of MRIQT reconstructions as good quality with clearly visible pathologies""]",2026 - MRIQT Physics-Aware Diffusion Model for Image Quality Transfer in Neonatal Ultra-Low-Field MRI - IEEEXPLORE 11515815.md,,0.6,low,{},1,"{""include"": 1}"
2026-07-27T12:23:32.158013+00:00,41070757,10.1002/mrm.70128,2026,Motion Correction in High-Resolution 3D Brain MRSI Without Water and Lipid Suppression.,Magnetic resonance in medicine,exclude,fulltext_Thu_adjudication,,"wrong_intervention_or_index: Conventional (non-learned) constrained/SENSE-based motion-correction reconstruction for brain MRSI; PSNR/SSIM/NRMSE and linewidth are reported as routine performance metrics of the new method, with no AI reconst ...",,,FALSE,"{""Dat Mai_fulltext"": ""flagged"", ""Thu_adjudicator"": ""exclude""}","[""we propose a novel motion correction method that detects and discards motion-corrupted k-space data using TR-wise linear navigators"", ""10%-20% quantitative gains in image/map quality (higher PSNR/SSIM, lower NRMSE)""]",2026 - Motion Correction in High-Resolution 3D Brain MRSI Without Water and Lipid Suppression. - PMID 41070757.md,,0.7,medium,"{""Thu_adjudicator"": ""exclude""}",1,"{""flagged"": 1}"
2026-07-27T12:23:32.158013+00:00,41656338,10.1038/s41598-026-39238-4,2026,Motion-robust myelin imaging in MRI using 1D projection gating.,Scientific reports,exclude,fulltext_Thu_adjudication,,wrong_intervention_or_index: Sequence/acquisition engineering (SI navigator gating with bit-reversed spoke ordering for IR-UTE myelin imaging) evaluated by Bloch simulation and three volunteers using contrast and artifact appearance; there ...,,,FALSE,"{""Dat Mai_fulltext"": ""flagged"", ""Thu_adjudicator"": ""exclude""}","[""We evaluated whether a 1D superior-inferior (SI) navigator with bit-reversed spoke-angles mitigates motion artifacts without extending acquisition"", ""Three volunteers were scanned""]",2026 - Motion-robust myelin imaging in MRI using 1D projection gating. - PMID 41656338.md,,0.78,medium,"{""Thu_adjudicator"": ""exclude""}",1,"{""flagged"": 1}"
2026-07-27T12:23:32.158013+00:00,,10.1109/tmi.2026.3705847,2026,MotionDPS: Motion-Compensated 3D Brain MRI Reconstruction,IEEE Transactions on Medical Imaging,include,fulltext_screening,AI reconstruction failure-mode (distortion) evaluation: Diffusion-prior-based motion-compensated 3D brain MRI reconstruction explicitly targeting ghosting/geometric-distortion failure modes and evaluated against classical and learning-based ...,,,,FALSE,"{""Dat Mai_fulltext"": ""include""}","[""severe artifacts such as blurring, ghosting, and geometric distortions that can compromise diagnostic quality"", ""improved image quality and motion robustness compared to state-of-the-art""]",2026 - MotionDPS Motion-Compensated 3D Brain MRI Reconstruction - OPENALEX W7165516930.md,,0.68,medium,{},1,"{""include"": 1}"
2026-07-27T12:23:32.158013+00:00,,10.1007/978-3-032-05472-2_33,2026,Neural Autoregressive Modeling of Brain Aging,Deep Generative Models,exclude,fulltext_Thu_adjudication,,"wrong_outcome: NeuroAR is a generative counterfactual-style simulator of future brain anatomy (aging trajectories), benchmarked against LDM and GANs on generic image-fidelity metrics with a pre-trained age predictor as a realism check. Alth ...",,,FALSE,"{""Dat Mai_fulltext"": ""flagged"", ""Thu_adjudicator"": ""exclude""}","[""we propose NeuroAR, a novel brain aging simulation model based on generative autoregressive transformers"", ""we employ a pre-trained age predictor to further validate the consistency and realism of the synthesized images""]",2026 - Neural Autoregressive Modeling of Brain Aging - SPRINGER 10.1007_978-3-032-05472-2_33.md,,0.55,low,"{""Thu_adjudicator"": ""exclude""}",1,"{""flagged"": 1}"
2026-07-27T12:23:32.158013+00:00,42259652,10.1093/biomtc/ujag099,2026,Nonparametric motion control in functional connectivity studies in children with autism spectrum disorder.,Biometrics,exclude,fulltext_screening,,"out_of_scope: Statistical motion-confound control in fMRI functional connectivity analysis, not MRI reconstruction.",,,FALSE,"{""Dat Mai_fulltext"": ""exclude""}","[""nonparametric estimator for motion control ... reduce motion artifacts compared to a standard approach""]",2026 - Nonparametric motion control in functional connectivity studies in children with autism spectrum disorder. - PMID 42259652.md,,0.88,high,{},1,"{""exclude"": 1}"
2026-07-27T12:23:32.158013+00:00,41108674,10.1002/mrm.70127,2026,On the Impact of Artifacts Induced by Mismatches Between Auto-Calibration Signal and Accelerated 3D GRE Data at 11.7T.,Magnetic resonance in medicine,exclude,fulltext_Thu_adjudication,,"wrong_study_design: This does analyse a genuine reconstruction failure mode (ripple artifacts from ACS/accelerated-data mismatch in GRAPPA), but the reconstruction is classical parallel imaging rather than AI/ML, and all measurements are ma ...",,,FALSE,"{""Dat Mai_fulltext"": ""flagged"", ""Thu_adjudicator"": ""exclude""}","[""Measurements were conducted at 11.7T using a head-shaped phantom"", ""Varying GRAPPA kernel sizes and increasing the number of ACS lines can improve image quality, yet without full compensation""]",2026 - On the Impact of Artifacts Induced by Mismatches Between Auto-Calibration Signal and Accelerated 3D GRE Data at 11.7T. - PMID 41108674.md,,0.6,low,"{""Thu_adjudicator"": ""exclude""}",1,"{""flagged"": 1}"
2026-07-27T12:23:32.158013+00:00,41082441,10.1109/TMI.2025.3620714,2026,PET Head Motion Estimation Using Supervised Deep Learning With Attention.,IEEE transactions on medical imaging,exclude,fulltext_screening,,"wrong_population: Deep-learning head-motion correction for brain PET, not MRI reconstruction.",,,FALSE,"{""Dat Mai_fulltext"": ""exclude""}","[""Head movement poses a significant challenge in brain positron emission tomography (PET) imaging""]",2026 - PET Head Motion Estimation Using Supervised Deep Learning With Attention. - PMID 41082441.md,,0.85,high,{},1,"{""exclude"": 1}"
2026-07-27T12:23:32.158013+00:00,41941823,10.1109/TMI.2026.3681175,2026,PitVQA++: Vector Matrix-Low-Rank Adaptation for Open-Ended Visual Question Answering in Pituitary Surgery.,IEEE transactions on medical imaging,exclude,fulltext_screening,,"out_of_scope: Vision-language model fine-tuning for surgical video question answering, not MRI reconstruction.",,,FALSE,"{""Dat Mai_fulltext"": ""exclude""}","[""Open-Ended Visual Question Answering in Pituitary Surgery""]",2026 - PitVQA++ Vector Matrix-Low-Rank Adaptation for Open-Ended Visual Question Answering in Pituitary Surgery. - PMID 41941823.md,,0.9,high,{},1,"{""exclude"": 1}"
2026-07-27T12:23:32.158013+00:00,40794237,10.1007/s10334-025-01284-w,2026,Polar Fourier transform in practice: its efficiency and characteristics in reconstructing radially acquired MRI images.,"Magma (New York, N.Y.)",exclude,fulltext_Thu_adjudication,,"wrong_intervention_or_index: A classical analytic reconstruction alternative to gridding for radial k-space, assessed for runtime, SNR, resolution and streak behaviour in phantom and in vivo brain data. No AI/ML reconstruction is involved a ...",,,FALSE,"{""Dat Mai_fulltext"": ""flagged"", ""Thu_adjudicator"": ""exclude""}","[""The Polar Fourier Transform (PFT) has been proposed as a direct alternative to gridding"", ""Reconstruction time, SNR, artifact behavior, and spatial resolution were assessed across multiple undersampling levels""]",2026 - Polar Fourier transform in practice its efficiency and characteristics in reconstructing radially acquired MRI images. - PMID 40794237.md,,0.65,medium,"{""Thu_adjudicator"": ""exclude""}",1,"{""flagged"": 1}"
2026-07-27T12:23:32.158013+00:00,41877495,10.1002/hbm.70512,2026,Precision Imaging for Intraindividual Investigation of the Reward Response.,Human brain mapping,exclude,fulltext_screening,,"out_of_scope: fMRI test-retest reliability and reward-response modeling study, not MRI reconstruction.",,,FALSE,"{""Dat Mai_fulltext"": ""exclude""}","[""reliance of fMRI research on between-person comparisons is limited by low test-retest reliability""]",2026 - Precision Imaging for Intraindividual Investigation of the Reward Response. - PMID 41877495.md,,0.9,high,{},1,"{""exclude"": 1}"
2026-07-27T12:23:32.158013+00:00,,10.1038/s41596-026-01352-y,2026,"Quality assessment and control of unprocessed anatomical, functional and diffusion MRI of the human brain using MRIQC",Nature Protocols,background_only,fulltext_screening,,,,"review_for_background: A Nature Protocols how-to guide for MRIQC-based quality control of reconstructed brain MRI, i.e. a protocol/tutorial rather than an original evaluation study.",FALSE,"{""Dat Mai_fulltext"": ""background_only""}","[""This protocol outlines guidelines for integrating QA/QC of structural, functional and diffusion-weighted MRI""]","2026 - Quality assessment and control of unprocessed anatomical, functional and diffusion MRI of the human brain using MRIQC - SPRINGER 10.1038_s41596-026-01352-y.md",,0.7,medium,{},1,"{""background_only"": 1}"
2026-07-27T12:23:32.158013+00:00,41548899,10.2463/mrms.mp.2025-0058,2026,Quality of Head and Neck Diffusion-weighted MR Imaging Using a Combination of the Periodically Rotated Overlapping Parallel Lines with Enhanced Reconstruction (PROPELLER) Sequence and Deep Learning Reconstruction.,Magnetic resonance in medical sciences,exclude,fulltext_Thu_adjudication,,"wrong_outcome: A vendor deep-learning reconstruction is graded by readers, but only on routine image-quality endpoints (SNR, contrast ratio, ADC coefficient of variation, overall quality); the geometric-distortion and susceptibility-artifac ...",,,FALSE,"{""Dat Mai_fulltext"": ""flagged"", ""Thu_adjudicator"": ""exclude""}","[""Ten healthy adults (8 males, 2 females) participated in the study"", ""we visually evaluated the overall image quality, degree of geometric distortion, and magnetic susceptibility artifacts""]",2026 - Quality of Head and Neck Diffusion-weighted MR Imaging Using a Combination of the Periodically Rotated Overlapping Paral - PMID 41548899.md,,0.55,low,"{""Thu_adjudicator"": ""exclude""}",1,"{""flagged"": 1}"
2026-07-27T12:23:32.158013+00:00,,10.1007/978-3-032-05472-2_15,2026,RealDeal: Enhancing Realism and Details in Brain Image Generation via Image-to-Image Diffusion Models,Deep Generative Models,include,fulltext_screening,"generative fidelity failure-mode evaluation: Addresses latent-diffusion brain image failure mode (over-smoothing, lost fine anatomical detail) and proposes new metrics to quantify realism/fidelity of generated brain MRI.",,,,TRUE,"{""Dat Mai_fulltext"": ""include""}","[""generated images from these models are overly smooth, lacking fine anatomical structures"", ""introduce new metrics to quantify the improved realism""]",2026 - RealDeal Enhancing Realism and Details in Brain Image Generation via Image-to-Image Diffusion Models - SPRINGER 10.1007_978-3-032-05472-2_15.md,,0.55,low,{},1,"{""include"": 1}"
2026-07-27T12:23:32.158013+00:00,41477795,10.1109/TMI.2025.3650412,2026,Regression Is All You Need for Medical Image Translation.,IEEE transactions on medical imaging,include,fulltext_screening,generative hallucination failure-mode evaluation: Directly targets hallucination and noise-replication failure modes of GANs/diffusion models in medical (incl. brain MRI) translation and evaluates fidelity vs realism against eight baselines ...,,,,FALSE,"{""Dat Mai_fulltext"": ""include""}","[""these models instead risk introducing hallucinations and replication of unwanted acquisition noise"", ""iterative refinement solely enhances perceptual realism without benefiting information translation""]",2026 - Regression Is All You Need for Medical Image Translation. - PMID 41477795.md,,0.66,medium,{},1,"{""include"": 1}"
2026-07-27T12:23:32.158013+00:00,,10.1038/s43856-026-01614-6,2026,"Simulation-based inference at the theoretical limit for fast, robust microstructural MRI with minimal diffusion data",Communications Medicine,include,fulltext_Thu_adjudication,"The record carries only front matter and abstract (no full-text body was extracted), so the call rests on the abstract. It is an AI/ML method (neural posterior estimation) that reconstructs quantitative brain maps from heavily reduced, nois ...",,,,FALSE,"{""Dat Mai_fulltext"": ""flagged"", ""Thu_adjudicator"": ""include""}","[""whether simulation-based inference can reduce the amount of diffusion data required while preserving estimation fidelity"", ""The method consistently outperforms standard fitting when data are noisy or limited and remains robust across mode ...","2026 - Simulation-based inference at the theoretical limit for fast, robust microstructural MRI with minimal diffusion data - SPRINGER 10.1038_s43856-026-01614-6.md",,0.5,low,"{""Thu_adjudicator"": ""include""}",1,"{""flagged"": 1}"
2026-07-27T12:23:32.158013+00:00,,10.1038/s41598-026-35764-3,2026,Structured dissociative PCA methods for high dimensional neuroimaging signal decomposition,Scientific Reports,exclude,fulltext_screening,,"out_of_scope: fMRI blind source separation / signal decomposition method, not MRI image reconstruction safety/fidelity.",,,FALSE,"{""Dat Mai_fulltext"": ""exclude""}","[""SPCA ... and ICA pipelines are widely used for fMRI blind source separation""]",2026 - Structured dissociative PCA methods for high dimensional neuroimaging signal decomposition - SPRINGER 10.1038_s41598-026-35764-3.md,,0.85,high,{},1,"{""exclude"": 1}"
2026-07-27T12:23:32.158013+00:00,41580445,10.1038/s41598-025-33162-9,2026,SynPoC: a high-quality generative diffusion model for transforming ultra-low-field point-of-care MRI using high-field MRI representations.,Scientific reports,include,fulltext_screening,generative reconstruction safety/hallucination evaluation: Generative diffusion enhancement of ultra-low-field brain MRI evaluated for anatomical fidelity and explicitly examining hallucinated/misleading-feature risk and safety safeguards.,,,,FALSE,"{""Dat Mai_fulltext"": ""include""}","[""non-zero risk of hallucinated or misleading features, particularly near low-SNR boundaries and fine structures"", ""not intended for diagnostic decision-making without additional safeguards and validation""]",2026 - SynPoC a high-quality generative diffusion model for transforming ultra-low-field point-of-care MRI using high-field MRI - PMID 41580445.md,,0.66,medium,{},1,"{""include"": 1}"
2026-07-27T12:23:32.158013+00:00,,10.1007/s00330-025-12253-1,2026,TomoRay cranial: synthesis of cranial CT imaging from biplanar radiographs using a generative adversarial network,European Radiology,exclude,fulltext_screening,,"wrong_intervention_or_index: Synthesizes cranial CT from radiographs (output is CT, input radiographs); not MRI reconstruction.",,,FALSE,"{""Dat Mai_fulltext"": ""exclude""}","[""synthetic cranial CT imaging can be generated from biplanar radiographs""]",2026 - TomoRay cranial synthesis of cranial CT imaging from biplanar radiographs using a generative adversarial network - SPRINGER 10.1007_s00330-025-12253-1.md,,0.75,medium,{},1,"{""exclude"": 1}"
2026-07-27T12:23:32.158013+00:00,41238791,10.1007/s00247-025-06403-2,2026,Towards automated fetal brain biometry reporting for 3-dimensional T2-weighted 0.55-3T magnetic resonance imaging at 20-40 weeks gestational age range.,Pediatric radiology,exclude,fulltext_screening,,"wrong_outcome: Validates an automated biometry measurement/reporting pipeline on already-reconstructed fetal brain MRI; outcome is measurement accuracy, not reconstruction safety/fidelity.",,,FALSE,"{""Dat Mai_fulltext"": ""exclude""}","[""fully automated biometry reporting pipeline ... based on deep learning biometry measurements""]",2026 - Towards automated fetal brain biometry reporting for 3-dimensional T2-weighted 0.55-3T magnetic resonance imaging at 20- - PMID 41238791.md,,0.6,low,{},1,"{""exclude"": 1}"
2026-07-27T12:23:32.158013+00:00,,10.1007/s00062-026-01627-7,2026,Ultra-Fast Sub-Minute Brain MRI with Deep-Learning-reconstruction for Anesthesia-Free Emergency Imaging in Children,Clinical Neuroradiology,include,fulltext_screening,reconstruction diagnostic reliability/safety evaluation: Evaluates diagnostic reliability and reader safety/confidence of deep-learning-reconstructed ultra-fast pediatric brain MRI for excluding critical pathology.,,,,TRUE,"{""Dat Mai_fulltext"": ""include""}","[""how safe they felt about assessing possible midline displacement or mass lesion"", ""94.4% of datasets showed at least acceptable diagnostic confidence""]",2026 - Ultra-Fast Sub-Minute Brain MRI with Deep-Learning-reconstruction for Anesthesia-Free Emergency Imaging in Children - SPRINGER 10.1007_s00062-026-01627-7.md,,0.58,low,{},1,"{""include"": 1}"
2026-07-27T12:23:32.158013+00:00,40891385,10.1002/mrm.70054,2026,Vessel segmentation for χ-separation in quantitative susceptibility mapping.,Magnetic resonance in medicine,include,fulltext_Thu_adjudication,"No full-text body was stored, so the call rests on abstract and MeSH. The paper's motivating problem is a fidelity failure mode of brain QSM/chi-separation reconstruction (vessel-induced artifacts corrupting iron and myelin quantification), ...",,,,FALSE,"{""Dat Mai_fulltext"": ""flagged"", ""Thu_adjudicator"": ""include""}","[""vessels have shown artifacts, interfering with the accurate quantification of iron and myelin"", ""quantitative evaluation of a neural network-based chi-separation reconstruction method""]",2026 - Vessel segmentation for χ $$ chi $$ -separation in quantitative susceptibility mapping. - PMID 40891385.md,,0.5,low,"{""Thu_adjudicator"": ""include""}",1,"{""flagged"": 1}"
