timestamp_utc,pmid,doi,year,title,journal,decision,confidence,stage,include_reason,exclude_reason,flag_reason,background_reason,needs_human_review,reviewer_votes,evidence_spans,source_path,copy_path
2026-08-19T17:52:00.109437+00:00,,10.1109/tmi.2001.974915,2001,Computer-aided diagnosis in medical imaging,,exclude,0.95,fulltext_recovered341,,"out_of_scope: Guest editorial surveying CAD lesion-detection/characterization papers (mammography, chest, colon, breast MRI); no AI/ML reconstruction method and no fidelity/safety evaluation of reconstruction.",,,FALSE,"{""claude_fulltext_recovered"": ""exclude""}","[""CAD, defined as a diagnosis made by a radiologist who uses the output from a computerized analysis of medical images"", ""This special issue of IEEE-TMI on CAD contains 11 papers""]",C:/Users/V133280/RMIT University/Thai Pham - StrokeVault/Brain MRI Reconstruction Safety Review - Broad\Full Text Screening\PDF-Retrieved-ALL\Recovered_from_NotRetrieved_341\2001 - Computer-aided diagnosis in medical imaging - 10.1109_tmi.2001.974915.pdf,
2026-08-19T17:52:00.109437+00:00,,10.1259/bjr/22322389,2003,Imaging microvascular structure with contrast enhanced MRI,,exclude,0.95,fulltext_recovered341,,out_of_scope: Review of DCE-MRI pharmacokinetic analysis methods for tumor microvasculature; no AI/ML reconstruction or reconstruction-fidelity evaluation content.,,,FALSE,"{""claude_fulltext_recovered"": ""exclude""}","[""This article will describe the development and range of DCE-MRI techniques and the range of image analysis approaches available""]",C:/Users/V133280/RMIT University/Thai Pham - StrokeVault/Brain MRI Reconstruction Safety Review - Broad\Full Text Screening\PDF-Retrieved-ALL\Recovered_from_NotRetrieved_341\2003 - Imaging microvascular structure with contrast enhanced MRI - 10.1259_bjr_22322389.pdf,
2026-08-19T17:52:00.109437+00:00,,10.1016/j.neuroimage.2004.04.021,2004,Generative and recognition models for neuroanatomy,,exclude,0.95,fulltext_recovered341,,out_of_scope: Theoretical discussion/response paper on voxel-based morphometry vs. multivariate statistical models of brain anatomy; unrelated to MRI reconstruction fidelity or safety evaluation.,,,FALSE,"{""claude_fulltext_recovered"": ""exclude""}","[""the central issue is the distinction between multivariate and mass-univariate approaches in accommodating interregional dependencies""]",C:/Users/V133280/RMIT University/Thai Pham - StrokeVault/Brain MRI Reconstruction Safety Review - Broad\Full Text Screening\PDF-Retrieved-ALL\Recovered_from_NotRetrieved_341\2004 - Generative and recognition models for neuroanatomy - 10.1016_j.neuroimage.2004.04.021.pdf,
2026-08-19T17:52:00.109437+00:00,,10.1259/bjr/17464219,2004,Image filtering techniques for medical image post-processing - an overview,,exclude,0.85,fulltext_recovered341,,out_of_scope: General overview of classical (non-AI/ML) filtering/denoising/bias-field correction techniques across modalities; not a fidelity/safety evaluation method for AI/ML-based reconstruction.,,,FALSE,"{""claude_fulltext_recovered"": ""exclude""}","[""This paper brieﬂy explores some of the key areas of development in the area of ﬁltering in Medical Imaging""]",C:/Users/V133280/RMIT University/Thai Pham - StrokeVault/Brain MRI Reconstruction Safety Review - Broad\Full Text Screening\PDF-Retrieved-ALL\Recovered_from_NotRetrieved_341\2004 - Image filtering techniques for medical image post-processing - an overview - 10.1259_bjr_17464219.pdf,
2026-08-19T17:52:00.109437+00:00,,10.1016/j.mri.2005.09.005,2005,Reconstruction as a source of artifact in nongated single-shot diffusion-weighte,,exclude,0.85,fulltext_recovered341,,wrong_intervention_or_index: Compares two classical (non-AI/ML) k-space reconstruction methods (Margosian vs. zero-padding) as a source of motion artifact in DWI-EPI; no machine-learning reconstruction and no generalizable fidelity-evaluation methodology.,,,FALSE,"{""claude_fulltext_recovered"": ""exclude""}","[""it is the Margosian reconstruction approach that is a major source of image variance in nongated DTI acquisitions""]",C:/Users/V133280/RMIT University/Thai Pham - StrokeVault/Brain MRI Reconstruction Safety Review - Broad\Full Text Screening\PDF-Retrieved-ALL\Recovered_from_NotRetrieved_341\2005 - Reconstruction as a source of artifact in nongated single-shot diffusion-weighte - 10.1016_j.mri.2005.09.005.pdf,
2026-08-19T17:52:00.109437+00:00,,10.1016/j.clineuro.2007.07.017,2007,Importance of axial postcontrast images in the differential diagnosis,,exclude,0.95,fulltext_recovered341,,out_of_scope: Letters to the editor on clinical spinal cord MRI diagnosis and CSF leak case reports; no reconstruction methodology or fidelity evaluation.,,,FALSE,"{""claude_fulltext_recovered"": ""exclude""}","[""We report a patient in whom the spinal cord expansile lesion on T1W and T2W sagittal and GRE T2W axial images most likely suggested the neoplasm""]",C:/Users/V133280/RMIT University/Thai Pham - StrokeVault/Brain MRI Reconstruction Safety Review - Broad\Full Text Screening\PDF-Retrieved-ALL\Recovered_from_NotRetrieved_341\2007 - Importance of axial postcontrast images in the differential diagnosis - 10.1016_j.clineuro.2007.07.017.pdf,
2026-08-19T17:52:00.109437+00:00,,10.1109/memb.2007.384095,2007,Improving the signal-to-noise ratio of event-related optical signals,,exclude,0.95,fulltext_recovered341,,"wrong_population: Near-infrared optical brain imaging (EROS) study, not MRI, with no reconstruction-fidelity content transferable to brain MRI.",,,FALSE,"{""claude_fulltext_recovered"": ""exclude""}","[""we employed frequency-domain instruments, in which near-infrared light is modulated at radio-frequencies""]",C:/Users/V133280/RMIT University/Thai Pham - StrokeVault/Brain MRI Reconstruction Safety Review - Broad\Full Text Screening\PDF-Retrieved-ALL\Recovered_from_NotRetrieved_341\2007 - Improving the signal-to-noise ratio of event-related optical signals - 10.1109_memb.2007.384095.pdf,
2026-08-19T17:52:00.109437+00:00,,10.1007/s00247-009-1186-9,2009,Scientific papers SPR 2009 abstract sessions,,exclude,0.95,fulltext_recovered341,,"out_of_scope: Collection of pediatric radiology conference abstracts (fetal MRI, CDH, sequence comparisons) with no AI/ML reconstruction or fidelity/safety evaluation content.",,,FALSE,"{""claude_fulltext_recovered"": ""exclude""}","[""Purpose: Twin Reversed Arterial Perfusion (TRAP) is a rare complication of twin monochorionic gestations"", ""Purpose: As the use of fetal MR increases, it is important that radiologists can recognize fetal demise""]",C:/Users/V133280/RMIT University/Thai Pham - StrokeVault/Brain MRI Reconstruction Safety Review - Broad\Full Text Screening\PDF-Retrieved-ALL\Recovered_from_NotRetrieved_341\2009 - Scientific papers SPR 2009 abstract sessions - 10.1007_s00247-009-1186-9.pdf,
2026-08-19T17:52:00.109437+00:00,,10.1016/j.jcmg.2010.03.001,2010,Advantages of Blood Pooling in Pediatric MR Angiography,,exclude,0.9,fulltext_recovered341,,wrong_population: Editorial on gadofosveset blood-pool contrast agents for pediatric cardiovascular MR angiography; non-brain vascular/cardiac imaging with no AI/ML reconstruction-fidelity evaluation.,,,FALSE,"{""claude_fulltext_recovered"": ""exclude""}","[""Naehle et al. (14) describe a major advance in pediatric MR angiography using a blood pool contrast agent, gadofosveset trisodium""]",C:/Users/V133280/RMIT University/Thai Pham - StrokeVault/Brain MRI Reconstruction Safety Review - Broad\Full Text Screening\PDF-Retrieved-ALL\Recovered_from_NotRetrieved_341\2010 - Advantages of Blood Pooling in Pediatric MR Angiography - 10.1016_j.jcmg.2010.03.001.pdf,
2026-08-19T17:52:00.109437+00:00,,10.1016/j.mri.2010.06.021,2010,Composite MR image reconstruction and unaliasing for general trajectories,,exclude,0.85,fulltext_recovered341+fable_adjudication,,"wrong_outcome: The flag asked whether the contribution is fidelity evaluation or the reconstruction technique itself; the full text confirms the latter - CRAUNN is a neural-network unaliasing/reconstruction method whose evaluation is limited to routine reconstruction-error comparisons against SENSE/GRAPPA-type baselines. There is no fidelity/safety framing and no stress-testing of hallucination, distortion, or pathology-related failure modes, so it fails the fidelity-evaluation pillar despite being AI/ML-based.",,,FALSE,"{""claude_fulltext_recovered"": ""flagged"", ""fable_adjudicator"": ""exclude""}","[""a novel image reconstruction technique for data acquired along any general trajectory in neural network framework"", ""CRAUNN has been found to perform on par with the state-of-the-art techniques"", ""Comparisons against existing techniques are presented""]",C:/Users/V133280/RMIT University/Thai Pham - StrokeVault/Brain MRI Reconstruction Safety Review - Broad\Full Text Screening\PDF-Retrieved-ALL\Recovered_from_NotRetrieved_341\2010 - Composite MR image reconstruction and unaliasing for general trajectories - 10.1016_j.mri.2010.06.021.pdf,
2026-08-19T17:52:00.109437+00:00,,10.1117/12.845507,2010,Comprehensive quantitative image quality evaluation of compressed sensing MRI reconstructions using a weighted perceptual difference model,,include,0.75,fulltext_recovered341,"on_topic_recon_safety_eval: Proposes and validates an automated perceptual-model (Case-PDM) evaluation of compressed-sensing MRI reconstruction fidelity artifacts (noise, blur, aliasing, oil-painting) on brain images, benchmarked against human observer ratings, providing exactly the kind of automated/human evaluation baseline for reconstruction fidelity the review question targets.",,,,TRUE,"{""claude_fulltext_recovered"": ""include""}","[""The perceptual difference model (Case-PDM) is being used to quantify image quality of fast MR acquisitions and sparse reconstruction algorithms as compared to slower, full k-space, high quality reference images"", ""For 3 brain images (transverse, sagittal, and coronal planes), averaged r values [comprehensive-PDM, noise-PDM, blur-PDM, aliasing-PDM, oil-painting-PDM] were [0.947±0.010""]",C:/Users/V133280/RMIT University/Thai Pham - StrokeVault/Brain MRI Reconstruction Safety Review - Broad\Full Text Screening\PDF-Retrieved-ALL\Recovered_from_NotRetrieved_341\2010 - Comprehensive quantitative image quality evaluation of compressed sensing MRI reconstructions using a weighted perceptual difference model - 10.1117_12.845507.pdf,
2026-08-19T17:52:00.109437+00:00,,10.1016/j.jmr.2011.09.019,2011,NMR Fourier zeugmatography,,exclude,0.97,fulltext_recovered341,,out_of_scope: Reprint of the foundational 1975 Fourier zeugmatography paper describing classical Fourier-transform MR image reconstruction physics; no AI/ML and no fidelity/safety evaluation content.,,,FALSE,"{""claude_fulltext_recovered"": ""exclude""}","[""The spatial spin density function can then be reconstructed by a straightforward two- or three-dimensional Fourier transformation""]",C:/Users/V133280/RMIT University/Thai Pham - StrokeVault/Brain MRI Reconstruction Safety Review - Broad\Full Text Screening\PDF-Retrieved-ALL\Recovered_from_NotRetrieved_341\2011 - NMR Fourier zeugmatography - 10.1016_j.jmr.2011.09.019.pdf,
2026-08-19T17:52:00.109437+00:00,,10.1016/s0720-048x(12)70025-6,2012,Integrated quantitative DCE-MRI and DW-MRI to characterize breast lesions,,exclude,0.95,fulltext_recovered341,,wrong_population: Clinical study using Ktrans and ADC to diagnose benign vs. malignant breast lesions; non-brain population with no reconstruction-fidelity evaluation content.,,,FALSE,"{""claude_fulltext_recovered"": ""exclude""}","[""We have tried to evaluate the combined effect of capillary permeability (Ktrans) and tissue cellularity (ADC) on the diagnostic accuracy for differentiating benign and malignant breast lesions""]",C:/Users/V133280/RMIT University/Thai Pham - StrokeVault/Brain MRI Reconstruction Safety Review - Broad\Full Text Screening\PDF-Retrieved-ALL\Recovered_from_NotRetrieved_341\2012 - Integrated quantitative DCE-MRI and DW-MRI to characterize breast lesions - 10.1016_s0720-048x(12)70025-6.pdf,
2026-08-19T17:52:00.109437+00:00,,10.1016/s0720-048x(12)70030-x,2012,It is not all in the CAD or BI-RADS,,exclude,0.9,fulltext_recovered341,,"wrong_population: Commentary on limitations of breast MRI CAD color-overlay systems and BI-RADS lexicon for diagnosis; non-brain, no reconstruction-fidelity methodology.",,,FALSE,"{""claude_fulltext_recovered"": ""exclude""}","[""Several sources for error exist that may lead to CAD providing erroneous results""]",C:/Users/V133280/RMIT University/Thai Pham - StrokeVault/Brain MRI Reconstruction Safety Review - Broad\Full Text Screening\PDF-Retrieved-ALL\Recovered_from_NotRetrieved_341\2012 - It is not all in the CAD or BI-RADS - 10.1016_s0720-048x(12)70030-x.pdf,
2026-08-19T17:52:00.109437+00:00,,10.1016/s0720-048x(12)70072-4,2012,Kinetic characterization of non-mass lesions on breast MRI using manual and computer assisted methods,,exclude,0.9,fulltext_recovered341,,"wrong_population: Compares manual vs. computer-assisted kinetic curve analysis for diagnosing non-mass breast lesions; non-brain diagnostic study, not a reconstruction-fidelity evaluation.",,,FALSE,"{""claude_fulltext_recovered"": ""exclude""}","[""Our objective was (I) to compare manual evaluation of enhancement characteristics in non-mass lesions with computerized analysis""]",C:/Users/V133280/RMIT University/Thai Pham - StrokeVault/Brain MRI Reconstruction Safety Review - Broad\Full Text Screening\PDF-Retrieved-ALL\Recovered_from_NotRetrieved_341\2012 - Kinetic characterization of non-mass lesions on breast MRI using manual and computer assisted methods - 10.1016_s0720-048x(12)70072-4.pdf,
2026-08-19T17:52:00.109437+00:00,,10.1016/j.mri.2012.11.010,2013,Automatic segmentation of brain MRI in high-dimensional local and non-local feature space,,exclude,0.9,fulltext_recovered341,,wrong_intervention_or_index: Uses sparse-representation reconstruction error only as a classification feature for brain tissue segmentation; it is not a method for evaluating the safety or fidelity of an AI/ML MRI reconstruction.,,,FALSE,"{""claude_fulltext_recovered"": ""exclude""}","[""The classiﬁcation is done by employing the technique that computes the reconstruction error locally and non-locally of each pixel"", ""it has been examined for main tissues of the brain""]",C:/Users/V133280/RMIT University/Thai Pham - StrokeVault/Brain MRI Reconstruction Safety Review - Broad\Full Text Screening\PDF-Retrieved-ALL\Recovered_from_NotRetrieved_341\2013 - Automatic segmentation of brain MRI in high-dimensional local and non-local feature space - 10.1016_j.mri.2012.11.010.pdf,
2026-08-19T17:52:00.109437+00:00,,10.1080/10255842.2013.815896,2013,Space and phase normalisations in motion correction for magnetic resonance elastography,,exclude,0.93,fulltext_recovered341,,wrong_intervention_or_index: Proposes a classical (non-AI/ML) motion-correction scheme for MR elastography reconstruction with no fidelity/safety evaluation contribution relevant to AI/ML reconstruction.,,,FALSE,"{""claude_fulltext_recovered"": ""exclude""}","[""an original motion-correction scheme, including space and phase normalisations, is presented"", ""The overall proposed correction is robust and overcomes the reconstruction added noise.""]",C:/Users/V133280/RMIT University/Thai Pham - StrokeVault/Brain MRI Reconstruction Safety Review - Broad\Full Text Screening\PDF-Retrieved-ALL\Recovered_from_NotRetrieved_341\2013 - Space and phase normalisations in motion correction for magnetic resonance elastography - 10.1080_10255842.2013.815896.pdf,
2026-08-19T17:52:00.109437+00:00,,10.1007/s11042-015-2744-9,2015,A novel regularized K-SVD dictionary learning based medical image,,exclude,0.75,fulltext_recovered341,,"wrong_outcome: Proposes a dictionary-learning-based super-resolution algorithm for brain MR images but only benchmarks reconstruction quality against other SR algorithms, without any safety/fidelity evaluation contribution (no hallucination/omission/distortion assessment).",,,TRUE,"{""claude_fulltext_recovered"": ""exclude""}","[""we propose a novel regularized K-SVD dictionary learning based medical image super-resolution algorithm"", ""we present a sparse representation based image SR reconstruction scheme for brain MR images""]",C:/Users/V133280/RMIT University/Thai Pham - StrokeVault/Brain MRI Reconstruction Safety Review - Broad\Full Text Screening\PDF-Retrieved-ALL\Recovered_from_NotRetrieved_341\2015 - A novel regularized K-SVD dictionary learning based medical image - 10.1007_s11042-015-2744-9.pdf,
2026-08-19T17:52:00.109437+00:00,,10.1007/978-3-319-19992-4/28,2015,Self-Aligning Manifolds for Matching Disparate Medical Image Datasets,,exclude,0.88,fulltext_recovered341,,wrong_intervention_or_index: Proposes a manifold-alignment technique for 4DMR reconstruction from sagittal slices; it is not AI/ML deep-learning reconstruction and has no safety/fidelity evaluation contribution.,,,FALSE,"{""claude_fulltext_recovered"": ""exclude""}","[""We propose a novel technique for the 'self-alignment' of manifolds (SAM) from multiple dissimilar imaging datasets"", ""navigator-less 4D magnetic resonance (MR) reconstruction from 2D sagittal MR slices""]",C:/Users/V133280/RMIT University/Thai Pham - StrokeVault/Brain MRI Reconstruction Safety Review - Broad\Full Text Screening\PDF-Retrieved-ALL\Recovered_from_NotRetrieved_341\2015 - Self-Aligning Manifolds for Matching Disparate Medical Image Datasets - 10.1007_978-3-319-19992-4_28.pdf,
2026-08-19T17:52:00.109437+00:00,,10.1126/science.353.6296.208,2016,"Brain scans are prone to false positives, study says",,exclude,0.97,fulltext_recovered341,,out_of_scope: News article about statistical false-positive rates in fMRI activation analysis software; unrelated to MRI image reconstruction fidelity or AI/ML methods.,,,FALSE,"{""claude_fulltext_recovered"": ""exclude""}","[""They found that certain common settings in the software gave rise to a false positive result up to 70% of the time."", ""Cluster-wise inference is built into the three popular software packages analyzed in the study""]","C:/Users/V133280/RMIT University/Thai Pham - StrokeVault/Brain MRI Reconstruction Safety Review - Broad\Full Text Screening\PDF-Retrieved-ALL\Recovered_from_NotRetrieved_341\2016 - Brain scans are prone to false positives, study says - 10.1126_science.353.6296.208.pdf",
2026-08-19T17:52:00.109437+00:00,,10.1016/j.mri.2016.03.006,2016,Correlation between subjective and objective assessment of magnetic resonance MR images,,exclude,0.65,fulltext_recovered341,,"wrong_intervention_or_index: Evaluates correlation between subjective (human) and objective image-quality metrics for MR images distorted by noise/blur/compression, not for AI/ML-based reconstruction, so it does not address the target reconstruction-fidelity/failure-mode question.",,,TRUE,"{""claude_fulltext_recovered"": ""exclude""}","[""The reference images were distorted with six types of distortions: Rician Noise, Gaussian White Noise, Gaussian Blur, DCT compression, JPEG compression and JPEG2000 compression"", ""Thirteen objective FR-IQA metrics were used to determine the validity of the subjective DMOS""]",C:/Users/V133280/RMIT University/Thai Pham - StrokeVault/Brain MRI Reconstruction Safety Review - Broad\Full Text Screening\PDF-Retrieved-ALL\Recovered_from_NotRetrieved_341\2016 - Correlation between subjective and objective assessment of magnetic resonance MR images - 10.1016_j.mri.2016.03.006.pdf,
2026-08-19T17:52:00.109437+00:00,,10.1002/jmri.25149,2016,Diagnostic quality assessment of compressed sensing accelerated magnetic resonance neuroimaging,,include,0.62,fulltext_recovered341,"on_topic_recon_safety_eval: Presents a blinded radiologist-based diagnostic quality and accuracy evaluation of compressed-sensing accelerated brain neuroimaging reconstructions, including synthetic-lesion insertion to assess whether reconstruction preserves diagnostic pathology, serving as a comparable human-evaluation baseline for reconstruction fidelity.",,,,TRUE,"{""claude_fulltext_recovered"": ""include""}","[""three radiologists independently evaluated CS, PI (GRAPPA), and low-resolution images at up to 5x accelerations"", ""Synthetic T2-FLAIR images with artificial lesions were used to assess diagnostic accuracy for CS reconstructions""]",C:/Users/V133280/RMIT University/Thai Pham - StrokeVault/Brain MRI Reconstruction Safety Review - Broad\Full Text Screening\PDF-Retrieved-ALL\Recovered_from_NotRetrieved_341\2016 - Diagnostic quality assessment of compressed sensing accelerated magnetic resonance neuroimaging - 10.1002_jmri.25149.pdf,
2026-08-19T17:52:00.109437+00:00,,10.1007/978-3-319-46630-9/12,2016,Geometry Regularized Joint Dictionary Learning for Cross-Modality,,exclude,0.72,fulltext_recovered341,,"wrong_outcome: Proposes a dictionary-learning cross-modality MRI synthesis method evaluated only by standard fidelity metrics (RMSE/PSNR/SSIM) against ground truth, without any safety/hallucination/fidelity-evaluation methodological contribution.",,,TRUE,"{""claude_fulltext_recovered"": ""exclude""}","[""we propose a novel geometry regularized joint dictionary learning framework for non-local patch reconstruction"", ""Experimental results demonstrate that our method achieves signiﬁcant performance gains over previously published techniques""]",C:/Users/V133280/RMIT University/Thai Pham - StrokeVault/Brain MRI Reconstruction Safety Review - Broad\Full Text Screening\PDF-Retrieved-ALL\Recovered_from_NotRetrieved_341\2016 - Geometry Regularized Joint Dictionary Learning for Cross-Modality - 10.1007_978-3-319-46630-9_12.pdf,
2026-08-19T17:52:00.109437+00:00,,10.1016/j.crad.2016.09.009,2016,Magnetisation-prepared rapid gradient-echo versus inversion recovery turbo spin-echo T1-weighted images,,exclude,0.93,fulltext_recovered341,,wrong_intervention_or_index: Compares two classical (non-AI/ML) MRI pulse sequences for deep grey matter segmentation accuracy; no AI/ML reconstruction and no reconstruction-fidelity/safety evaluation contribution.,,,FALSE,"{""claude_fulltext_recovered"": ""exclude""}","[""The purpose of the present study was to compare 3D MPRAGE with IR TSE T1-WI acquired at 3 T as input images to segment the striatum and thalamus.""]",C:/Users/V133280/RMIT University/Thai Pham - StrokeVault/Brain MRI Reconstruction Safety Review - Broad\Full Text Screening\PDF-Retrieved-ALL\Recovered_from_NotRetrieved_341\2016 - Magnetisation-prepared rapid gradient-echo versus inversion recovery turbo spin-echo T1-weighted images - 10.1016_j.crad.2016.09.009.pdf,
2026-08-19T17:52:00.109437+00:00,,10.1016/j.neuroimage.2015.10.048,2016,Optimized parallel transmit and receive radiofrequency coil for ultrahigh-field MRI of monkeys,,exclude,0.95,fulltext_recovered341,,wrong_population: Describes hardware (RF coil) design for animal (monkey) ultrahigh-field imaging with no human-brain relevance and no AI/ML reconstruction-fidelity evaluation.,,,FALSE,"{""claude_fulltext_recovered"": ""exclude""}","[""Monkeys are a valuable model for investigating the structure and function of the brain."", ""this study presents a parallel (8-channel) transmit coil developed for monkey imaging""]",C:/Users/V133280/RMIT University/Thai Pham - StrokeVault/Brain MRI Reconstruction Safety Review - Broad\Full Text Screening\PDF-Retrieved-ALL\Recovered_from_NotRetrieved_341\2016 - Optimized parallel transmit and receive radiofrequency coil for ultrahigh-field MRI of monkeys - 10.1016_j.neuroimage.2015.10.048.pdf,
2026-08-19T17:52:00.109437+00:00,,10.1111/jgs.14338,2016,Reproducibility of Complex Functional Magnetic Resonance Imaging Effects,,exclude,0.96,fulltext_recovered341,,"out_of_scope: A letter to the editor discussing reproducibility of fMRI activation findings in aging research, with no content on MRI reconstruction methods or fidelity/safety evaluation.",,,FALSE,"{""claude_fulltext_recovered"": ""exclude""}","[""This is not an empirical paper and does not include data or analysis."", ""the studies described show that even complex fMRI effects are reproducible""]",C:/Users/V133280/RMIT University/Thai Pham - StrokeVault/Brain MRI Reconstruction Safety Review - Broad\Full Text Screening\PDF-Retrieved-ALL\Recovered_from_NotRetrieved_341\2016 - Reproducibility of Complex Functional Magnetic Resonance Imaging Effects - 10.1111_jgs.14338.pdf,
2026-08-19T17:52:00.109437+00:00,,10.1016/j.neuroimage.2016.03.049,2016,SPARK Sparsity-based analysis of reliable k-hubness and overlapping network structure,,exclude,0.94,fulltext_recovered341,,out_of_scope: Proposes a sparse-GLM method for identifying overlapping functional-connectivity network hubs from resting-state fMRI; not related to MRI image reconstruction fidelity/safety.,,,FALSE,"{""claude_fulltext_recovered"": ""exclude""}","[""we developed and validated a method to reliably identify connectors and corresponding overlapping network structure from resting-state fMRI"", ""SPARK provides an accurate and reliable estimation of k-hubness""]",C:/Users/V133280/RMIT University/Thai Pham - StrokeVault/Brain MRI Reconstruction Safety Review - Broad\Full Text Screening\PDF-Retrieved-ALL\Recovered_from_NotRetrieved_341\2016 - SPARK Sparsity-based analysis of reliable k-hubness and overlapping network structure - 10.1016_j.neuroimage.2016.03.049.pdf,
2026-08-19T17:52:00.109437+00:00,,10.1002/nbm.3611,2016,"Simulation, phantom validation, and clinical evaluation of fast pH-weighted molecular imaging using amine CEST-EPI in glioma at 3 T",,exclude,0.92,fulltext_recovered341,,"wrong_intervention_or_index: Develops and validates a Bloch-McConnell simulation of CEST pulse-sequence contrast for pH-weighted glioma imaging; concerns pulse-sequence/contrast optimization, not AI/ML reconstruction fidelity or safety evaluation.",,,FALSE,"{""claude_fulltext_recovered"": ""exclude""}","[""we present a simulation of amine CEST contrast specific for a newly developed CEST echoplanar imaging (EPI) pulse sequence"", ""The accuracy of the simulations was validated by comparing the exchange rates and Z-spectrum""]","C:/Users/V133280/RMIT University/Thai Pham - StrokeVault/Brain MRI Reconstruction Safety Review - Broad\Full Text Screening\PDF-Retrieved-ALL\Recovered_from_NotRetrieved_341\2016 - Simulation, phantom validation, and clinical evaluation of fast pH-weighted molecular imaging using amine CEST-EPI in glioma at 3 T - 10.1002_nbm.3611.pdf",
2026-08-19T17:52:00.109437+00:00,,10.1016/j.jneumeth.2017.01.015,2017,An MR-compatible gyroscope-based arm movement tracking system,,exclude,0.97,fulltext_recovered341,,out_of_scope: Describes an MR-compatible hardware device for tracking arm kinematics during fMRI experiments; unrelated to MRI image reconstruction methods or fidelity/safety evaluation.,,,FALSE,"{""claude_fulltext_recovered"": ""exclude""}","[""We developed a novel gyroscope-based arm motion tracking system which features MR-compatibility."", ""the system can be used to probe brain areas for their correlation with movement kinematics""]",C:/Users/V133280/RMIT University/Thai Pham - StrokeVault/Brain MRI Reconstruction Safety Review - Broad\Full Text Screening\PDF-Retrieved-ALL\Recovered_from_NotRetrieved_341\2017 - An MR-compatible gyroscope-based arm movement tracking system - 10.1016_j.jneumeth.2017.01.015.pdf,
2026-08-19T17:52:00.109437+00:00,,10.1016/j.mri.2016.11.020,2017,Artificial neural network for suppression of banding artifacts in balanced steady-state free precession MRI,,include,0.6,fulltext_recovered341,"on_topic_recon_safety_eval: Uses a trained multilayer-perceptron neural network to combine multi-phase-cycled bSSFP brain (and knee) datasets for artifact suppression, quantitatively and visually evaluating fidelity/artifact-suppression performance against a conventional method and confirming preservation of fMRI activation maps.",,,,TRUE,"{""claude_fulltext_recovered"": ""include""}","[""Multilayer perceptron (MLP) is a feedforward artiﬁcial neural network consisting of three layers of input, hidden, and output layers."", ""MLP demonstrated superior performance over MIP for the 9.4T fMRI data as well, which was not used for training the models, while visually preserving the fMRI maps very well.""]",C:/Users/V133280/RMIT University/Thai Pham - StrokeVault/Brain MRI Reconstruction Safety Review - Broad\Full Text Screening\PDF-Retrieved-ALL\Recovered_from_NotRetrieved_341\2017 - Artificial neural network for suppression of banding artifacts in balanced steady-state free precession MRI - 10.1016_j.mri.2016.11.020.pdf,
2026-08-19T17:52:00.109437+00:00,,10.1007/s10334-017-0650-z,2017,Automated reference-free detection of motion artifacts in magnetic resonance images,,exclude,0.82,fulltext_recovered341,,wrong_intervention_or_index: CNN-based detection of motion artifacts in acquired (not AI-reconstructed) MR images; no AI/ML reconstruction method is proposed or evaluated for safety/fidelity.,,,FALSE,"{""claude_fulltext_recovered"": ""exclude""}","[""a convolutional neural network (CNN) was trained to derive probability maps for the presence of motion artifacts"", ""It may be extended to other anatomic areas and used for quality assurance of MR images.""]",C:/Users/V133280/RMIT University/Thai Pham - StrokeVault/Brain MRI Reconstruction Safety Review - Broad\Full Text Screening\PDF-Retrieved-ALL\Recovered_from_NotRetrieved_341\2017 - Automated reference-free detection of motion artifacts in magnetic resonance images - 10.1007_s10334-017-0650-z.pdf,
2026-08-19T17:52:00.109437+00:00,,10.1016/j.media.2017.07.006,2017,Ensemble of expert deep neural networks for spatio-temporal denoising of contrast-enhanced MRI,,exclude,0.65,fulltext_recovered341,,"wrong_outcome: Proposes a novel DNN denoising algorithm for DCE-MRI concentration curves validated by favorable comparison to other denoising methods, but does not contribute a safety/fidelity evaluation method or address hallucination/omission failure modes.",,,FALSE,"{""claude_fulltext_recovered"": ""exclude""}","[""We present a novel spatio-temporal framework based on Deep Neural Networks (DNNs) to address the DCE-MRI denoising challenges."", ""is shown to favorably compare to state-of-the-art denoising methods""]",C:/Users/V133280/RMIT University/Thai Pham - StrokeVault/Brain MRI Reconstruction Safety Review - Broad\Full Text Screening\PDF-Retrieved-ALL\Recovered_from_NotRetrieved_341\2017 - Ensemble of expert deep neural networks for spatio-temporal denoising of contrast-enhanced MRI - 10.1016_j.media.2017.07.006.pdf,
2026-08-19T17:52:00.109437+00:00,,10.1002/mrm.26998,2017,Inner-volume echo volumar imaging (IVEVI) for robust fetal brain imaging,,exclude,0.95,fulltext_recovered341,,wrong_intervention_or_index: Purely classical pulse-sequence/acquisition technique (no AI/ML) for fast fetal brain imaging; no AI/ML reconstruction or fidelity-evaluation contribution.,,,FALSE,"{""claude_fulltext_recovered"": ""exclude""}","[""IVEVI was implemented by modifying a standard multi-echo echo-planar imaging sequence."", ""Multishot IVEVI showed reduced geometric distortions along the second phase-encode direction.""]",C:/Users/V133280/RMIT University/Thai Pham - StrokeVault/Brain MRI Reconstruction Safety Review - Broad\Full Text Screening\PDF-Retrieved-ALL\Recovered_from_NotRetrieved_341\2017 - Inner-volume echo volumar imaging (IVEVI) for robust fetal brain imaging - 10.1002_mrm.26998.pdf,
2026-08-19T17:52:00.109437+00:00,,10.1016/j.mri.2017.07.016,2017,Modified-BRISQUE as no reference image quality assessment for structural MR images,,include,0.78,fulltext_recovered341+fable_adjudication,"on_topic_recon_safety_eval: The flag noted it targets general acquisition distortions rather than AI-recon-specific failures, but the paper is a trained (SVR-based) no-reference IQA model for structural MR images validated against human DMOS - exactly the 'no-reference IQA for MR fidelity' automated evaluation-baseline category the adjudication guidance leans to include. It explicitly motivates automated IQA for assessing image quality from any new MRI hardware or software including the reconstruction stage, and is directly applicable to brain structural MRI (T1W/T2W, compared against ADNI-based brain QC methods).",,,,FALSE,"{""claude_fulltext_recovered"": ""flagged"", ""fable_adjudicator"": ""include""}","[""An effective and practical Image Quality Assessment (IQA) model is needed to assess the image quality produced from any new hardware or software in MRI"", ""NR-IQA does not use any information of the reference image, and it is regarded as an automatic quality evaluation"", ""It is a practical NR-IQA model for MR images without using reference images""]",C:/Users/V133280/RMIT University/Thai Pham - StrokeVault/Brain MRI Reconstruction Safety Review - Broad\Full Text Screening\PDF-Retrieved-ALL\Recovered_from_NotRetrieved_341\2017 - Modified-BRISQUE as no reference image quality assessment for structural MR images - 10.1016_j.mri.2017.07.016.pdf,
2026-08-19T17:52:00.109437+00:00,,10.1007/978-3-319-67389-9/38,2017,Reconstruction of Thin-Slice Medical Images Using Generative Adversarial Network,,exclude,0.6,fulltext_recovered341,,"wrong_outcome: Proposes a 3D GAN super-resolution reconstruction method for brain MRI validated only with MSE/PSNR against other reconstruction methods; no safety/fidelity failure-mode (hallucination, omission, distortion) evaluation contribution.",,,FALSE,"{""claude_fulltext_recovered"": ""exclude""}","[""A novel generative adversarial network was proposed in this paper to reconstruct medical images with thinner slice thickness from regular thick slice images."", ""the MSE and peak signal to noise ratio (PSNR) were calculated by taking the images with slice thickness of 2 mm as the ground truth""]",C:/Users/V133280/RMIT University/Thai Pham - StrokeVault/Brain MRI Reconstruction Safety Review - Broad\Full Text Screening\PDF-Retrieved-ALL\Recovered_from_NotRetrieved_341\2017 - Reconstruction of Thin-Slice Medical Images Using Generative Adversarial Network - 10.1007_978-3-319-67389-9_38.pdf,
2026-08-19T17:52:00.109437+00:00,,10.1109/tbme.2017.2734641,2017,Reducing Sensor Noise in MEG and EEG Recordings Using Oversampled Temporal Projection,,exclude,0.95,fulltext_recovered341,,"out_of_scope: MEG/EEG sensor-noise suppression method; not MRI and not AI/ML-based reconstruction, no transfer to brain MRI reconstruction fidelity.",,,FALSE,"{""claude_fulltext_recovered"": ""exclude""}","[""we review the theory of suppression of spatially uncorrelated, sensor-specific noise in electro- and magentoencephalography (EEG and MEG) arrays""]",C:/Users/V133280/RMIT University/Thai Pham - StrokeVault/Brain MRI Reconstruction Safety Review - Broad\Full Text Screening\PDF-Retrieved-ALL\Recovered_from_NotRetrieved_341\2017 - Reducing Sensor Noise in MEG and EEG Recordings Using Oversampled Temporal Pro - 10.1109_tbme.2017.2734641.pdf,
2026-08-19T17:52:00.109437+00:00,,10.1016/j.cmpb.2017.02.007,2017,Subject-based discriminative sparse representation model for detection of concealed information,,exclude,0.97,fulltext_recovered341,,out_of_scope: EEG-based concealed-information-test classifier using sparse dictionary learning; not MRI and unrelated to MRI reconstruction fidelity/safety.,,,FALSE,"{""claude_fulltext_recovered"": ""exclude""}","[""The EEG data was gathered from 44 healthy subjects"", ""forty-four subjects participated in a mock crime scenario and their EEG data were recorded""]",C:/Users/V133280/RMIT University/Thai Pham - StrokeVault/Brain MRI Reconstruction Safety Review - Broad\Full Text Screening\PDF-Retrieved-ALL\Recovered_from_NotRetrieved_341\2017 - Subject-based discriminative sparse representation model for detection of concealed information - 10.1016_j.cmpb.2017.02.007.pdf,
2026-08-19T17:52:00.109437+00:00,,10.1016/j.wneu.2017.08.052,2017,Three-Dimensional Cortical Surface Reconstruction Versus Operative Findings,,exclude,0.75,fulltext_recovered341,,wrong_intervention_or_index: 3D cortical surface reconstruction built by automatic thresholding-based segmentation (no AI/ML) evaluated against intraoperative photographs; fidelity evaluation exists but the reconstruction method itself is not AI/ML-based.,,,FALSE,"{""claude_fulltext_recovered"": ""exclude""}","[""3DCSR were built by automatic thresholding-based technique to exclude extracerebral tissue"", ""the authors systematically tested the similarity between operative findings and 3DCSR built by a neuronavigation system""]",C:/Users/V133280/RMIT University/Thai Pham - StrokeVault/Brain MRI Reconstruction Safety Review - Broad\Full Text Screening\PDF-Retrieved-ALL\Recovered_from_NotRetrieved_341\2017 - Three-Dimensional Cortical Surface Reconstruction Versus Operative Findings - 10.1016_j.wneu.2017.08.052.pdf,
2026-08-19T17:52:00.109437+00:00,,10.1016/j.mri.2018.08.022,2018,A feasible study on using multiplexed sensitivity-encoding to reduce geometric distortion in diffusion-weighted echo planar imaging,,exclude,0.9,fulltext_recovered341,,wrong_intervention_or_index: MUSE parallel-imaging (SENSE-based) reconstruction to reduce geometric distortion in DW-EPI is a classical (non-AI/ML) reconstruction technique.,,,FALSE,"{""claude_fulltext_recovered"": ""exclude""}","[""Multi-shot acquisition with multiplexed sensitivity-encoding DWEPI (MUSE-DWEPI) segments the overall acquisition along the phase encoding direction."", ""full-FOV images are reconstructed from each of the four shots separately using traditional sensitivity encoding (SENSE) reconstruction""]",C:/Users/V133280/RMIT University/Thai Pham - StrokeVault/Brain MRI Reconstruction Safety Review - Broad\Full Text Screening\PDF-Retrieved-ALL\Recovered_from_NotRetrieved_341\2018 - A feasible study on using multiplexed sensitivity-encoding to reduce geometric distortion - 10.1016_j.mri.2018.08.022.pdf,
2026-08-19T17:52:00.109437+00:00,,10.1007/s00062-018-0717-x,2018,Accuracy and Reliability of Multiphase CTA Perfusion for Identifying Ischemic Core,,exclude,0.93,fulltext_recovered341,,"out_of_scope: CT (mCTA) perfusion diagnostic accuracy study for stroke ischemic core detection; not MRI reconstruction and machine learning is used only for outcome prediction, not reconstruction fidelity evaluation.",,,FALSE,"{""claude_fulltext_recovered"": ""exclude""}","[""Machine learning models were used to predict the clinical follow-up outcome, e.g. National Institutes of Health Stroke scale (NIHSS) and modified Rankin scale (mRS) from baseline imaging data"", ""determine the accuracy and reliability of multiphase computed tomography angiography (mCTA) perfusion hypoattenuation for detecting early severe ischemia""]",C:/Users/V133280/RMIT University/Thai Pham - StrokeVault/Brain MRI Reconstruction Safety Review - Broad\Full Text Screening\PDF-Retrieved-ALL\Recovered_from_NotRetrieved_341\2018 - Accuracy and Reliability of Multiphase CTA Perfusion for Identification - 10.1007_s00062-018-0717-x.pdf,
2026-08-19T17:52:00.109437+00:00,,10.1002/mrm.27092,2018,Autofocusing-based phase correction,,exclude,0.85,fulltext_recovered341,,wrong_intervention_or_index: Classical optimization-based (entropy-minimization) retrospective phase-correction/reconstruction method for ghosting artifacts; no AI/ML component.,,,FALSE,"{""claude_fulltext_recovered"": ""exclude""}","[""We propose a retrospective phase correction method based on autofocusing."", ""We formulate and solve the optimization problem, where we seek the latent phase offsets that are associated with an optimal value of the image quality measure""]",C:/Users/V133280/RMIT University/Thai Pham - StrokeVault/Brain MRI Reconstruction Safety Review - Broad\Full Text Screening\PDF-Retrieved-ALL\Recovered_from_NotRetrieved_341\2018 - Autofocusing-based phase correction - 10.1002_mrm.27092.pdf,
2026-08-19T17:52:00.109437+00:00,,10.1002/mrm.27096,2018,Deep learning approaches for detection and removal of ghosting artifacts in MR spectroscopy,,exclude,0.65,fulltext_recovered341+fable_adjudication,,"wrong_intervention_or_index: The flag concerned modality transfer, and the full text confirms the method operates on 1D MR spectroscopy FIDs converted to time-frequency spectrograms to detect/remove spurious-echo ghosts - acquisition artifacts in spectra, not MRI image reconstruction. Although the data are human brain and the framing is quality control, the spectrogram-based detector/remover does not clearly transfer to brain MRI reconstruction-fidelity assessment, so it fails the MRI-reconstruction scope requirement.",,,FALSE,"{""claude_fulltext_recovered"": ""flagged"", ""fable_adjudicator"": ""exclude""}","[""detect and correct MR spectra containing spurious echo ghost signals"", ""reaching almost 100% accuracy"", ""Ghost artifact detection by human experts is possible but takes time, is subjective""]",C:/Users/V133280/RMIT University/Thai Pham - StrokeVault/Brain MRI Reconstruction Safety Review - Broad\Full Text Screening\PDF-Retrieved-ALL\Recovered_from_NotRetrieved_341\2018 - Deep learning approaches for detection and removal of ghosting artifacts in MR spectroscopy - 10.1002_mrm.27096.pdf,
2026-08-19T17:52:00.109437+00:00,,10.1002/jmri.25970,2018,Deep Learning Enables Reduced Gadolinium Dose for Contrast-Enhanced Brain MRI,,include,0.85,fulltext_recovered341,"on_topic_recon_safety_eval: Deep-learning synthesis of full-dose contrast-enhanced brain MRI from low-dose input is evaluated for fidelity/safety against true full-dose ground truth using quantitative metrics (PSNR/SSIM) and blinded neuroradiologist scoring of image quality, artifact suppression, and contrast enhancement.",,,,FALSE,"{""claude_fulltext_recovered"": ""include""}","[""Synthesized full-dose images were created using the trained model...compared quantitatively using peak-signal-to-noise-ratios (PSNR) and structural-similarity-index (SSIM)"", ""two neuroradiologists scored blindly and independently for the three postcontrast image sets, evaluating image quality, motion-artifact suppression, and contrast enhancement""]",C:/Users/V133280/RMIT University/Thai Pham - StrokeVault/Brain MRI Reconstruction Safety Review - Broad\Full Text Screening\PDF-Retrieved-ALL\Recovered_from_NotRetrieved_341\2018 - Deep learning enables reduced gadolinium dose for contrast-enhanced brain MRI - 10.1002_jmri.25970.pdf,
2026-08-19T17:52:00.109437+00:00,,10.1016/j.ejrad.2018.09.010,2018,Dual-layer detector CT of the head: Initial experience in visualization of intracranial hemorrhage and hypodense brain lesions using virtual monoenergetic images,,exclude,0.95,fulltext_recovered341,,"out_of_scope: Dual-energy CT (non-MRI, non-AI/ML) image quality comparison study for intracranial hemorrhage/lesion visualization.",,,FALSE,"{""claude_fulltext_recovered"": ""exclude""}","[""Retrospective comparison of diagnostic quality of virtual monoenergetic images (VMI) and conventional images (CI) reconstructed from dual-layer detector CT (DLCT)""]",C:/Users/V133280/RMIT University/Thai Pham - StrokeVault/Brain MRI Reconstruction Safety Review - Broad\Full Text Screening\PDF-Retrieved-ALL\Recovered_from_NotRetrieved_341\2018 - Dual-layer detector CT of the head Initial experience in visualization - 10.1016_j.ejrad.2018.09.010.pdf,
2026-08-19T17:52:00.109437+00:00,,10.1016/j.ejrad.2018.04.015,2018,Dual-layer spectral detector CT monoenergetic reconstruction improves image quality of non-contrast cerebral CT as compared with conventional single energy CT,,exclude,0.95,fulltext_recovered341,,"out_of_scope: Dual-energy CT (non-MRI, non-AI/ML) monoenergetic reconstruction image-quality comparison study.",,,FALSE,"{""claude_fulltext_recovered"": ""exclude""}","[""To investigate and compare image quality of monoenergetic reconstructions from spectral NCCT to conventional 120 kVp images acquired at a similar dose.""]",C:/Users/V133280/RMIT University/Thai Pham - StrokeVault/Brain MRI Reconstruction Safety Review - Broad\Full Text Screening\PDF-Retrieved-ALL\Recovered_from_NotRetrieved_341\2018 - Dual-layer spectral detector CT monoenergetic reconstruction improves image quality - 10.1016_j.ejrad.2018.04.015.pdf,
2026-08-19T17:52:00.109437+00:00,,10.1016/j.schres.2017.07.024,2018,Emotional fMR auditory paradigm demonstrates normalization of limbic hyperactivity,,exclude,0.97,fulltext_recovered341,,out_of_scope: This is a task-fMRI study of brain activation changes after CBT for auditory hallucinations in schizophrenia; it does not address AI/ML-based MRI reconstruction or its safety/fidelity evaluation.,,,FALSE,"{""claude_fulltext_recovered"": ""exclude""}","[""Functional magnetic resonance (fMR) imaging data were obtained from 55 subjects"", ""Patients who received CBT showed signiﬁcant decrease in brain activation in right and left amygda- lae""]",C:/Users/V133280/RMIT University/Thai Pham - StrokeVault/Brain MRI Reconstruction Safety Review - Broad\Full Text Screening\PDF-Retrieved-ALL\Recovered_from_NotRetrieved_341\2018 - Emotional fMR auditory paradigm demonstrates normalization of limbic hyperactivity - 10.1016_j.schres.2017.07.024.pdf,
2026-08-19T17:52:00.109437+00:00,,10.1002/nbm.4008,2018,Enhancing intravoxel incoherent motion parameter mapping in the brain using k-b PCA,,exclude,0.92,fulltext_recovered341,,wrong_intervention_or_index: Proposes a classical constrained (PCA/Tikhonov-regularized) parallel-imaging reconstruction for IVIM diffusion mapping; no AI/ML component and no evaluation of reconstruction hallucination/fidelity safety.,,,FALSE,"{""claude_fulltext_recovered"": ""exclude""}","[""a constrained image reconstruction approach"", ""reconstructed using CG‐SENSE and the proposed k‐b PCA approach""]",C:/Users/V133280/RMIT University/Thai Pham - StrokeVault/Brain MRI Reconstruction Safety Review - Broad\Full Text Screening\PDF-Retrieved-ALL\Recovered_from_NotRetrieved_341\2018 - Enhancing intravoxel incoherent motion parameter mapping in the brain using k-b PCA - 10.1002_nbm.4008.pdf,
2026-08-19T17:52:00.109437+00:00,,10.1002/mrm.27215,2018,GRAPPA reconstructed wave-CAIPI MP-RAGE at 7 Tesla,,exclude,0.92,fulltext_recovered341,,wrong_intervention_or_index: Develops a classical GRAPPA-based parallel-imaging reconstruction algorithm for accelerated MP-RAGE; not AI/ML-based and not a fidelity/safety evaluation methodology contribution.,,,FALSE,"{""claude_fulltext_recovered"": ""exclude""}","[""We developed a GRAPPA-based, noniterative wave-CAIPI reconstruction algorithm"", ""GRAPPA-based reconstruction algorithm.""]",C:/Users/V133280/RMIT University/Thai Pham - StrokeVault/Brain MRI Reconstruction Safety Review - Broad\Full Text Screening\PDF-Retrieved-ALL\Recovered_from_NotRetrieved_341\2018 - GRAPPA reconstructed wave-CAIPI MP-RAGE at 7 Tesla - 10.1002_mrm.27215.pdf,
2026-08-19T17:52:00.109437+00:00,,10.1016/j.pscychresns.2018.05.007,2018,High correlations between MRI brain volume measurements based on NeuroQuant and FreeSurfer,,exclude,0.93,fulltext_recovered341,,out_of_scope: Compares two automated brain-volumetry software packages using regression transformations; it is not about MRI image reconstruction or reconstruction fidelity/safety evaluation.,,,FALSE,"{""claude_fulltext_recovered"": ""exclude""}","[""NeuroQuant® (NQ) and FreeSurfer (FS) are commonly used computer-automated programs for measuring MRI brain volume"", ""transforming FS to NQ data so as to achieve high reliability""]",C:/Users/V133280/RMIT University/Thai Pham - StrokeVault/Brain MRI Reconstruction Safety Review - Broad\Full Text Screening\PDF-Retrieved-ALL\Recovered_from_NotRetrieved_341\2018 - High correlations between MRI brain volume measurements based on NeuroQuant and FreeSurfer - 10.1016_j.pscychresns.2018.05.007.pdf,
2026-08-19T17:52:00.109437+00:00,,10.1002/mrm.27103,2018,In vivo self-gated 23Na MRI at 7 T using an oval-shaped body resonator,,exclude,0.93,fulltext_recovered341,,"wrong_population: Develops an RF coil and dictionary-learning compressed-sensing reconstruction for sodium torso (lung/abdominal) imaging, not brain MRI, and uses classical dictionary learning rather than deep/AI reconstruction with fidelity-safety evaluation.",,,FALSE,"{""claude_fulltext_recovered"": ""exclude""}","[""self-gated 23Na MRI in 3 subjects"", ""a 3-dimensional diction- ary-learning compressed-sensing reconstruction was applied""]",C:/Users/V133280/RMIT University/Thai Pham - StrokeVault/Brain MRI Reconstruction Safety Review - Broad\Full Text Screening\PDF-Retrieved-ALL\Recovered_from_NotRetrieved_341\2018 - In vivo self-gated 23Na MRI at 7 T using an oval-shaped body resonator - 10.1002_mrm.27103.pdf,
2026-08-19T17:52:00.109437+00:00,,10.1002/mrm.27209,2018,In-plane superresolution MRI with phaseless sub-pixel encoding,,exclude,0.92,fulltext_recovered341,,wrong_intervention_or_index: Proposes a classical phaseless tagging-based superresolution encoding/reconstruction scheme for diffusion EPI of the human head; no AI/ML component or fidelity-safety evaluation contribution.,,,FALSE,"{""claude_fulltext_recovered"": ""exclude""}","[""tagging-based sub-pixel encoding is an alternative to k-space segmenting"", ""High-resolution diffusion-weighted images of the human head were obtained""]",C:/Users/V133280/RMIT University/Thai Pham - StrokeVault/Brain MRI Reconstruction Safety Review - Broad\Full Text Screening\PDF-Retrieved-ALL\Recovered_from_NotRetrieved_341\2018 - In-plane superresolution MRI with phaseless sub-pixel encoding - 10.1002_mrm.27209.pdf,
2026-08-19T17:52:00.109437+00:00,,10.1016/j.zemedi.2018.02.004,2018,Increasing robustness of radial GRASE acquisition for SAR-reduced brain imaging,,exclude,0.92,fulltext_recovered341,,wrong_intervention_or_index: Presents a classical phase-insensitive parallel-imaging reconstruction for a radial GRASE sequence to reduce SAR and off-resonance artifacts; not AI/ML-based and not a fidelity/safety evaluation study.,,,FALSE,"{""claude_fulltext_recovered"": ""exclude""}","[""A phase insensitive image reconstruction is proposed to reduce signal dropout artifacts"", ""image reconstruction technique for SAR-reduced high-resolution neuroimaging""]",C:/Users/V133280/RMIT University/Thai Pham - StrokeVault/Brain MRI Reconstruction Safety Review - Broad\Full Text Screening\PDF-Retrieved-ALL\Recovered_from_NotRetrieved_341\2018 - Increasing robustness of radial GRASE acquisition for SAR-reduced brain imaging - 10.1016_j.zemedi.2018.02.004.pdf,
2026-08-19T17:52:00.109437+00:00,,10.1002/mrm.27109,2018,Local contrast-enhanced MR images via high dynamic range processing,,exclude,0.9,fulltext_recovered341,,"wrong_intervention_or_index: Develops a classical multiscale HDR image-fusion/processing algorithm across brain, knee, breast, and hip images for contrast enhancement and segmentation, not an AI/ML reconstruction fidelity/safety evaluation.",,,FALSE,"{""claude_fulltext_recovered"": ""exclude""}","[""A multiscale-shape and detail-enhancement HDR-MRI algorithm is applied to data sets of multichannel and multisequence MR images of the brain, knee, breast, and hip""]",C:/Users/V133280/RMIT University/Thai Pham - StrokeVault/Brain MRI Reconstruction Safety Review - Broad\Full Text Screening\PDF-Retrieved-ALL\Recovered_from_NotRetrieved_341\2018 - Local contrast-enhanced MR images via high dynamic range processing - 10.1002_mrm.27109.pdf,
2026-08-19T17:52:00.109437+00:00,,10.1016/j.zemedi.2018.01.003,2018,Magnetic Resonance Imaging beyond the proton what does oxygen-17 MRI have to offer,,exclude,0.94,fulltext_recovered341,,"review_editorial_protocol_commentary: This is a short editorial/forum commentary on 17O MRI physics and clinical potential, not a methodological contribution to evaluating AI/ML-based MRI reconstruction fidelity or safety.",,,FALSE,"{""claude_fulltext_recovered"": ""exclude""}","[""FORUM"", ""Um die 17O-MRT klinisch zu etablieren sind neben die- sen technischen auch monetäre und regulatorische Hürden zu nehmen""]",C:/Users/V133280/RMIT University/Thai Pham - StrokeVault/Brain MRI Reconstruction Safety Review - Broad\Full Text Screening\PDF-Retrieved-ALL\Recovered_from_NotRetrieved_341\2018 - Magnetic Resonance Imaging beyond the proton what does oxygen-17 MRI have to offer - 10.1016_j.zemedi.2018.01.003.pdf,
2026-08-19T17:52:00.109437+00:00,,10.1016/j.mri.2017.08.007,2018,Microstructure-informed slow diffusion tractography in humans enhances visualisation of fibre pathways,,exclude,0.93,fulltext_recovered341,,out_of_scope: Presents a bi-exponential diffusion tensor tractography method for fibre-pathway visualisation; it is not an MRI image reconstruction technique and does not evaluate reconstruction safety/fidelity.,,,FALSE,"{""claude_fulltext_recovered"": ""exclude""}","[""whole-brain slow-diﬀusion ﬁbre tracking (SDIFT) in humans"", ""Fast and slow diﬀusion tensors were reconstructed using the bi- exponential tensor decomposition""]",C:/Users/V133280/RMIT University/Thai Pham - StrokeVault/Brain MRI Reconstruction Safety Review - Broad\Full Text Screening\PDF-Retrieved-ALL\Recovered_from_NotRetrieved_341\2018 - Microstructure-informed slow diffusion tractography in humans enhances visualisation of fibre pathways - 10.1016_j.mri.2017.08.007.pdf,
2026-08-19T17:52:00.109437+00:00,,10.1002/mrm.27084,2018,Quality evaluation of no-reference MR images using multidirectional filters and image statistics,,exclude,0.72,fulltext_recovered341,,"wrong_intervention_or_index: Develops a classical (non-AI/ML) no-reference image-quality assessment method based on multidirectional filters and generalized Gaussian statistics for generic MR distortions (noise, motion, aliasing), not targeted at evaluating AI/ML-based reconstruction hallucination/fidelity.",,,TRUE,"{""claude_fulltext_recovered"": ""exclude""}","[""a fully automatic, no- reference image-quality assessment (IQA) method for MR images"", ""New quality-aware features were obtained by applying multidirectional filters to MR images""]",C:/Users/V133280/RMIT University/Thai Pham - StrokeVault/Brain MRI Reconstruction Safety Review - Broad\Full Text Screening\PDF-Retrieved-ALL\Recovered_from_NotRetrieved_341\2018 - Quality evaluation of no-reference MR images using multidirectional filters and image statistics - 10.1002_mrm.27084.pdf,
2026-08-19T17:52:00.109437+00:00,,10.1016/j.ejrad.2018.04.019,2018,Retained bullets in the head on computed tomography - iterative metal artifact reduction,,exclude,0.94,fulltext_recovered341,,out_of_scope: Evaluates a classical iterative metal-artifact-reduction algorithm for head CT (not MRI) using phantom and pig-cadaver data with no AI/ML component and no transfer to brain MRI reconstruction fidelity evaluation.,,,FALSE,"{""claude_fulltext_recovered"": ""exclude""}","[""evaluate the application of iMAR in cases of retained bullets"", ""reconstructed with and without iMAR (standard ﬁltered back-projection)""]",C:/Users/V133280/RMIT University/Thai Pham - StrokeVault/Brain MRI Reconstruction Safety Review - Broad\Full Text Screening\PDF-Retrieved-ALL\Recovered_from_NotRetrieved_341\2018 - Retained bullets in the head on computed tomography - iterative metal artifact reduction - 10.1016_j.ejrad.2018.04.019.pdf,
2026-08-19T17:52:00.109437+00:00,,10.1002/mrm.27085,2018,Self-gated golden-angle spiral 4D flow MRI,,exclude,0.93,fulltext_recovered341,,"wrong_population: Develops a self-gated spiral 4D flow sequence and classical CG-SENSE reconstruction for aortic (cardiovascular) imaging, not brain MRI, and is not AI/ML-based.",,,FALSE,"{""claude_fulltext_recovered"": ""exclude""}","[""4D flow magnetic resonance imaging (MRI) in cardiovascular applications"", ""reconstructed using a conjugate-gradient sensitivity encoding reconstruction""]",C:/Users/V133280/RMIT University/Thai Pham - StrokeVault/Brain MRI Reconstruction Safety Review - Broad\Full Text Screening\PDF-Retrieved-ALL\Recovered_from_NotRetrieved_341\2018 - Self-gated golden-angle spiral 4D flow MRI - 10.1002_mrm.27085.pdf,
2026-08-19T17:52:00.109437+00:00,,10.1002/mrm.27127,2018,Single-scan z-shim method for reducing susceptibility artifacts in gradient echo myelin water imaging,,exclude,0.92,fulltext_recovered341,,"out_of_scope: Proposes a pulse-sequence and model-fitting correction (z-shim gradients, 3-pool signal model) for macroscopic field inhomogeneity in myelin water imaging; not an image reconstruction fidelity/safety evaluation method and not AI/ML-based.",,,FALSE,"{""claude_fulltext_recovered"": ""exclude""}","[""a z-shim-based single-scan cor- rection method is proposed to overcome this limitation"", ""The z-shim technique is another method that effectively recovers the signal during the acquisition step""]",C:/Users/V133280/RMIT University/Thai Pham - StrokeVault/Brain MRI Reconstruction Safety Review - Broad\Full Text Screening\PDF-Retrieved-ALL\Recovered_from_NotRetrieved_341\2018 - Single-scan z-shim method for reducing susceptibility artifacts in gradient echo myelin water imaging - 10.1002_mrm.27127.pdf,
2026-08-19T17:52:00.109437+00:00,,10.1016/j.mri.2018.06.002,2018,Step adaptive fast iterative shrinkage thresholding algorithm for compressively sampled MR,,exclude,0.92,fulltext_recovered341,,"wrong_intervention_or_index: Presents a classical compressed-sensing iterative shrinkage-thresholding reconstruction algorithm (SAFISTA) evaluated on head, vessel, and knee images via MSE/PSNR/SSIM; not AI/ML-based and not focused on fidelity/hallucination safety evaluation.",,,FALSE,"{""claude_fulltext_recovered"": ""exclude""}","[""step adaptive fast iterative shrinkage thresholding algorithm (SAFISTA) was proposed for MRI reconstruction based on STA"", ""Experiments over three kinds of MR images (human head, blood vessels and knee)""]",C:/Users/V133280/RMIT University/Thai Pham - StrokeVault/Brain MRI Reconstruction Safety Review - Broad\Full Text Screening\PDF-Retrieved-ALL\Recovered_from_NotRetrieved_341\2018 - Step adaptive fast iterative shrinkage thresholding algorithm for compressively sampled MR - 10.1016_j.mri.2018.06.002.pdf,
2026-08-19T17:52:00.109437+00:00,,10.1007/s00247-019-04495-1,2019,2-D magnetic resonance spectroscopic imaging of the pediatric brain using compressed sensing,,exclude,0.85,fulltext_recovered341,,"wrong_intervention_or_index: Classical (non-AI/ML) iterative compressed-sensing reconstruction of pediatric MR spectroscopic imaging metabolite maps, not an AI/ML reconstruction safety/fidelity evaluation of structural brain MRI.",,,FALSE,"{""claude_fulltext_recovered"": ""exclude""}","[""A custom non-linear iterative reconstruction based on the conjugate gradient algorithm was implemented in MATLAB"", ""High fidelity was maintained in the compressed-sensing MR spectroscopic imaging reconstructions from 50% to 80% under-sampling""]",C:/Users/V133280/RMIT University/Thai Pham - StrokeVault/Brain MRI Reconstruction Safety Review - Broad\Full Text Screening\PDF-Retrieved-ALL\Recovered_from_NotRetrieved_341\2019 - 2-D magnetic resonance spectroscopic imaging of the pediatric brain using compressed sensing - 10.1007_s00247-019-04495-1.pdf,
2026-08-19T17:52:00.109437+00:00,,10.1016/j.wneu.2019.03.066,2019,A Preliminary Investigation Report on Using Probabilistic Fiber Tractography,,exclude,0.9,fulltext_recovered341,,out_of_scope: Investigates probabilistic diffusion-tensor fiber tracking of the auditory pathway; not related to AI/ML MRI reconstruction fidelity or safety evaluation.,,,FALSE,"{""claude_fulltext_recovered"": ""exclude""}","[""Probabilistic fiber tracking of the auditory pathways for each subject was carried out using FSL software.""]",C:/Users/V133280/RMIT University/Thai Pham - StrokeVault/Brain MRI Reconstruction Safety Review - Broad\Full Text Screening\PDF-Retrieved-ALL\Recovered_from_NotRetrieved_341\2019 - A Preliminary Investigation Report on Using Probabilistic Fiber Tractography - 10.1016_j.wneu.2019.03.066.pdf,
2026-08-19T17:52:00.109437+00:00,,10.1016/j.jneumeth.2018.10.011,2019,Abnormal cortical region and subsystem complexity in dynamical functional connectivity,,exclude,0.9,fulltext_recovered341,,out_of_scope: Proposes a graph-theoretic topology entropy biomarker for dynamical functional connectivity in schizophrenia fMRI; unrelated to MRI reconstruction fidelity/safety evaluation.,,,FALSE,"{""claude_fulltext_recovered"": ""exclude""}","[""we introduce topology entropy index (TE-scores) which is focused on time-varying aspects of FCs""]",C:/Users/V133280/RMIT University/Thai Pham - StrokeVault/Brain MRI Reconstruction Safety Review - Broad\Full Text Screening\PDF-Retrieved-ALL\Recovered_from_NotRetrieved_341\2019 - Abnormal cortical region and subsystem complexity in dynamical functional connectivity - 10.1016_j.jneumeth.2018.10.011.pdf,
2026-08-19T17:52:00.109437+00:00,,10.1016/j.clinimag.2018.09.014,2019,Assessment of quiet T2 weighted PROPELLER sequence in pediatric abdominal imaging,,exclude,0.92,fulltext_recovered341,,out_of_scope: Evaluates an acoustic-reduction pulse-sequence modification for pediatric abdominal (non-brain) MRI using a classical (non-AI/ML) acquisition technique.,,,FALSE,"{""claude_fulltext_recovered"": ""exclude""}","[""The purpose of our study was to evaluate the image quality and acoustic noise level of ART T2w PROPELLER sequence in comparison with the conventional T2w PROPELLER sequence in pediatric abdomino-pelvic imaging.""]",C:/Users/V133280/RMIT University/Thai Pham - StrokeVault/Brain MRI Reconstruction Safety Review - Broad\Full Text Screening\PDF-Retrieved-ALL\Recovered_from_NotRetrieved_341\2019 - Assessment of quiet T2 weighted PROPELLER sequence in pediatric abdominal imaging - 10.1016_j.clinimag.2018.09.014.pdf,
2026-08-19T17:52:00.109437+00:00,,10.1109/icmew.2019.00009,2019,Attention Based Semi-Supervised Dictionary Learning for Autism Diagnosis,,exclude,0.85,fulltext_recovered341,,"out_of_scope: Uses dictionary learning for classification/diagnosis of autism spectrum disorder from fMRI features, not for MRI image reconstruction or its fidelity/safety evaluation.",,,FALSE,"{""claude_fulltext_recovered"": ""exclude""}","[""we propose a novel attention based semi-supervised dictionary learning (ASSDL) for diagnosis of ASD""]",C:/Users/V133280/RMIT University/Thai Pham - StrokeVault/Brain MRI Reconstruction Safety Review - Broad\Full Text Screening\PDF-Retrieved-ALL\Recovered_from_NotRetrieved_341\2019 - Attention Based Semi-Supervised Dictionary Learning for Autism Diagnosis - 10.1109_icmew.2019.00009.pdf,
2026-08-19T17:52:00.109437+00:00,,10.1016/j.mri.2019.06.019,2019,Automated atrophy assessment for Alzheimers disease diagnosis from brain MRI images,,exclude,0.88,fulltext_recovered341,,"out_of_scope: A computer-aided diagnostic classification pipeline (tissue segmentation + SVM) for Alzheimer's diagnosis, not a method for evaluating AI/ML MRI reconstruction fidelity or safety.",,,FALSE,"{""claude_fulltext_recovered"": ""exclude""}","[""Fast DWT + F-Score + PCA + KLS-SVM + Poly Kernel is giving 100% tissue classification accuracy for test samples""]",C:/Users/V133280/RMIT University/Thai Pham - StrokeVault/Brain MRI Reconstruction Safety Review - Broad\Full Text Screening\PDF-Retrieved-ALL\Recovered_from_NotRetrieved_341\2019 - Automated atrophy assessment for Alzheimers disease diagnosis from brain MRI images - 10.1016_j.mri.2019.06.019.pdf,
2026-08-19T17:52:00.109437+00:00,,10.1016/j.mri.2019.05.019,2019,Common Information Enhanced Reconstruction for Accelerated High-resolution Multi-shot Diffusion Imaging,,exclude,0.75,fulltext_recovered341,,"wrong_intervention_or_index: Proposes a classical (non-AI/ML) SPIRiT-based parallel-imaging reconstruction (CIER) for diffusion MRI; its main contribution is a new reconstruction algorithm, not a dedicated fidelity/safety evaluation methodology.",,,FALSE,"{""claude_fulltext_recovered"": ""exclude""}","[""image ratio constrained reconstruction (IRCR) combined with iterative self-consistent parallel imaging reconstruction (SPIRiT) is proposed to improve data sampling efficiency and image reconstruction fidelity"", ""CIER provided better diffusion image quality than other methods shown by both qualitative and quantitative results""]",C:/Users/V133280/RMIT University/Thai Pham - StrokeVault/Brain MRI Reconstruction Safety Review - Broad\Full Text Screening\PDF-Retrieved-ALL\Recovered_from_NotRetrieved_341\2019 - Common Information Enhanced Reconstruction for Accelerated High-resolution Multi-shot Diffusion Imaging - 10.1016_j.mri.2019.05.019.pdf,
2026-08-19T17:52:00.109437+00:00,,10.1016/j.mri.2019.03.006,2019,Comparison of compressed sensing reconstruction algorithms for 31P magnetic resonance spectroscopic imaging,,exclude,0.75,fulltext_recovered341,,wrong_intervention_or_index: Compares two classical (non-AI/ML) compressed-sensing reconstruction algorithms for 31P spectroscopic imaging; not an evaluation of AI/ML-based structural brain MRI reconstruction fidelity.,,,FALSE,"{""claude_fulltext_recovered"": ""exclude""}","[""we compared two different reconstruction methods, L1 norm minimization and low rank Hankel matrix completion"", ""in vivo 31P-MRS brain data showed the low rank reconstruction approach was most suitable""]",C:/Users/V133280/RMIT University/Thai Pham - StrokeVault/Brain MRI Reconstruction Safety Review - Broad\Full Text Screening\PDF-Retrieved-ALL\Recovered_from_NotRetrieved_341\2019 - Comparison of compressed sensing reconstruction algorithms for 31P magnetic resonance spectroscopic imaging - 10.1016_j.mri.2019.03.006.pdf,
2026-08-19T17:52:00.109437+00:00,,10.1109/icicta49267.2019.00066,2019,Compressed Sensing MRI Reconstruction Using GAN with Enhanced Antagonism,,exclude,0.6,fulltext_recovered341,,"wrong_outcome: Proposes a GAN-based (AI/ML) MRI reconstruction network and reports standard quality/speed metrics as method validation, without a dedicated fidelity/safety-evaluation methodology or failure-mode analysis.",,,TRUE,"{""claude_fulltext_recovered"": ""exclude""}","[""Our method obtained promising experimental results on both imaging quality and reconstruction speed for T1 brain MRI""]",C:/Users/V133280/RMIT University/Thai Pham - StrokeVault/Brain MRI Reconstruction Safety Review - Broad\Full Text Screening\PDF-Retrieved-ALL\Recovered_from_NotRetrieved_341\2019 - Compressed Sensing MRI Reconstruction Using GAN with Enhanced Antagonism - 10.1109_icicta49267.2019.00066.pdf,
2026-08-19T17:52:00.109437+00:00,,10.1007/s00330-019-06319-0,2019,Compressed sensing MRI of different organs ready for clinical daily practice,,include,0.6,fulltext_recovered341,"on_topic_recon_safety_eval: A dedicated blinded multi-reader clinical evaluation of compressed-sensing MRI reconstruction fidelity (image quality, artifacts, diagnostic findings) that includes brain sequences (3D FLAIR, T1 post-contrast), providing a comparable human-evaluation baseline for reconstruction fidelity transferable to brain MRI.",,,,TRUE,"{""claude_fulltext_recovered"": ""include""}","[""Readers were blinded to the technique for quantitative...and qualitative (image quality, artifacts, diagnostic findings, and preference) image analyses."", ""Diagnostic findings were similar between conventional and CS sequence for all the comparisons except for four cases where motion artifacts corrupted either the conventional or the CS sequence.""]",C:/Users/V133280/RMIT University/Thai Pham - StrokeVault/Brain MRI Reconstruction Safety Review - Broad\Full Text Screening\PDF-Retrieved-ALL\Recovered_from_NotRetrieved_341\2019 - Compressed sensing MRI of different organs ready for clinical daily practice - 10.1007_s00330-019-06319-0.pdf,
2026-08-19T17:52:00.109437+00:00,,10.1016/j.eplepsyres.2018.12.008,2019,Conductive gel bridge sensor for motion tracking in simultaneous EEG-fMRI recordings,,exclude,0.92,fulltext_recovered341,,out_of_scope: Introduces a hardware motion-artifact sensor for simultaneous EEG-fMRI acquisition; unrelated to MRI image reconstruction or its fidelity/safety evaluation.,,,FALSE,"{""claude_fulltext_recovered"": ""exclude""}","[""We introduce a simple method for motion artifact detection, the conductive gel bridge sensor (CGBS), easily applicable using the standard setup.""]",C:/Users/V133280/RMIT University/Thai Pham - StrokeVault/Brain MRI Reconstruction Safety Review - Broad\Full Text Screening\PDF-Retrieved-ALL\Recovered_from_NotRetrieved_341\2019 - Conductive gel bridge sensor for motion tracking in simultaneous EEG-fMRI recordings - 10.1016_j.eplepsyres.2018.12.008.pdf,
2026-08-19T17:52:00.109437+00:00,,10.1002/mrm.27516,2019,Correction of magnetic field inhomogeneity effects for fast quantitative susceptibility mapping,,exclude,0.78,fulltext_recovered341,,"wrong_intervention_or_index: Proposes a classical model-based (non-AI/ML) spiral-acquisition reconstruction for quantitative susceptibility mapping; contribution is a new acquisition/reconstruction technique, not a dedicated fidelity/safety-evaluation methodology.",,,FALSE,"{""claude_fulltext_recovered"": ""exclude""}","[""Susceptibility maps obtained with the spiral acquisition and the model-based reconstruction agree with the ones obtained with the spin-warp gradient echo acquisition.""]",C:/Users/V133280/RMIT University/Thai Pham - StrokeVault/Brain MRI Reconstruction Safety Review - Broad\Full Text Screening\PDF-Retrieved-ALL\Recovered_from_NotRetrieved_341\2019 - Correction of magnetic field inhomogeneity effects for fast quantitative susceptibility mapping - 10.1002_mrm.27516.pdf,
2026-08-19T17:52:00.109437+00:00,,10.1007/978-981-13-3393-4/55,2019,Dictionary Learning-Based MR Image Reconstruction in the Presence of Speckle Noise,,exclude,0.6,fulltext_recovered341,,wrong_outcome: Compares sparse-recovery algorithms within a dictionary-learning MR reconstruction framework using standard PSNR/HFEN metrics under simulated noise; a technical algorithm-comparison rather than a dedicated safety/fidelity evaluation methodology contribution.,,,TRUE,"{""claude_fulltext_recovered"": ""exclude""}","[""Results show that convex techniques achieve higher peak signal-to-noise ratio (PSNR) than greedy algorithms in the presence of high noise."", ""Experimentation has been done on spine, knee, and brain image by varying the speckle noise variance""]",C:/Users/V133280/RMIT University/Thai Pham - StrokeVault/Brain MRI Reconstruction Safety Review - Broad\Full Text Screening\PDF-Retrieved-ALL\Recovered_from_NotRetrieved_341\2019 - Dictionary Learning-Based MR Image Reconstruction in the Presence of Speckle Noise - 10.1007_978-981-13-3393-4_55.pdf,
2026-08-19T17:52:00.109437+00:00,,10.1007/s10916-019-1215-7,2019,Discussion on the Application of Multi-modal Magnetic Resonance,,exclude,0.88,fulltext_recovered341,,"review_editorial_protocol_commentary: A narrative discussion/overview of multi-modal MRI fusion methods (mCCA+jICA, dynamic causal modeling) applied to schizophrenia, not a reconstruction fidelity/safety evaluation methodological contribution.",,,FALSE,"{""claude_fulltext_recovered"": ""exclude""}","[""Discussion on the Application of Multi-modal Magnetic Resonance Imaging Fusion in Schizophrenia""]",C:/Users/V133280/RMIT University/Thai Pham - StrokeVault/Brain MRI Reconstruction Safety Review - Broad\Full Text Screening\PDF-Retrieved-ALL\Recovered_from_NotRetrieved_341\2019 - Discussion on the Application of Multi-modal Magnetic Resonance - 10.1007_s10916-019-1215-7.pdf,
2026-08-19T17:52:00.109437+00:00,,10.1002/mrm.27881,2019,Fast 3D chemical exchange saturation transfer imaging with variably-accelerated sensitivity encoding (vSENSE),,exclude,0.78,fulltext_recovered341,,"wrong_intervention_or_index: Extends a classical SENSE-based (non-AI/ML) reconstruction method for CEST imaging in brain tumor patients; validated with standard reconstruction-error metrics as method development, not a dedicated fidelity/safety-evaluation methodology.",,,FALSE,"{""claude_fulltext_recovered"": ""exclude""}","[""Applying the 2D AS vSENSE algorithm to a 2-fold undersampled 3.5-ppm CEST frame halved the scan time of conventional SENSE, while generating essentially identical reconstruction errors (p ≈ 1.0).""]",C:/Users/V133280/RMIT University/Thai Pham - StrokeVault/Brain MRI Reconstruction Safety Review - Broad\Full Text Screening\PDF-Retrieved-ALL\Recovered_from_NotRetrieved_341\2019 - Fast 3D chemical exchange saturation transfer imaging with variably-accelerated sensitivity encoding (vSENSE) - 10.1002_mrm.27881.pdf,
2026-08-19T17:52:00.109437+00:00,,10.1016/j.mri.2018.12.006,2019,Incorporating reference guided priors into calibrationless parallel imaging reconstruction,,exclude,0.9,fulltext_recovered341,,"wrong_intervention_or_index: Classical calibrationless parallel-imaging reconstruction using joint sparsity and gradient orientation priors solved via non-linear conjugate gradient, with no AI/ML component and no fidelity/safety-evaluation contribution.",,,FALSE,"{""claude_fulltext_recovered"": ""exclude""}","[""We introduce a new calibrationless parallel imaging method."", ""this optimization problem can be solved via a non-linear conjugate gradient algorithm with line search""]",C:/Users/V133280/RMIT University/Thai Pham - StrokeVault/Brain MRI Reconstruction Safety Review - Broad\Full Text Screening\PDF-Retrieved-ALL\Recovered_from_NotRetrieved_341\2019 - Incorporating reference guided priors into calibrationless parallel imaging reconstruction - 10.1016_j.mri.2018.12.006.pdf,
2026-08-19T17:52:00.109437+00:00,,10.1109/tmi.2019.2922318,2019,Integral MR-EPT With the Calculation of Coil Current Distributions,,exclude,0.92,fulltext_recovered341,,out_of_scope: Proposes an integral-equation electrical property tomography (EPT) method for coil current distributions; no AI/ML reconstruction and no evaluation of AI/ML brain MRI reconstruction fidelity.,,,FALSE,"{""claude_fulltext_recovered"": ""exclude""}","[""a novel approach that enables the calculation of loaded coil current distributions and avoids the explicit use of incident RF fields is presented""]",C:/Users/V133280/RMIT University/Thai Pham - StrokeVault/Brain MRI Reconstruction Safety Review - Broad\Full Text Screening\PDF-Retrieved-ALL\Recovered_from_NotRetrieved_341\2019 - Integral MR-EPT With the Calculation of Coil Current Distributions - 10.1109_tmi.2019.2922318.pdf,
2026-08-19T17:52:00.109437+00:00,,10.1016/j.jneumeth.2019.108416,2019,Investigation on the validity of 3D micro-CT imaging in the fish brain,,exclude,0.95,fulltext_recovered341,,"wrong_population: Animal (fish) micro-CT imaging study with no MRI, no AI/ML reconstruction, and no transfer to human brain MRI reconstruction fidelity evaluation.",,,FALSE,"{""claude_fulltext_recovered"": ""exclude""}","[""Brains of three species with different sizes and habitats were fixed in 4% paraformaldehyde and immersed in non-ionic iodinated contrast agent""]",C:/Users/V133280/RMIT University/Thai Pham - StrokeVault/Brain MRI Reconstruction Safety Review - Broad\Full Text Screening\PDF-Retrieved-ALL\Recovered_from_NotRetrieved_341\2019 - Investigation on the validity of 3D micro-CT imaging in the fish brain - 10.1016_j.jneumeth.2019.108416.pdf,
2026-08-19T17:52:00.109437+00:00,,10.1002/mrm.27894,2019,MRI Gibbs-ringing artifact reduction by means of machine learning using convolutional neural networks,,include,0.75,fulltext_recovered341,"on_topic_recon_safety_eval: Proposes a CNN-based method to remove Gibbs-ringing artifact from brain MR images and quantitatively evaluates fidelity against fully-sampled references using RMSE, PSNR and SSIM, addressing a reconstruction/artifact fidelity failure mode.",,,,FALSE,"{""claude_fulltext_recovered"": ""include""}","[""The ringing artifact was extracted from the original image using a deep convolutional neural network and then subtracted from the original image"", ""images produced by the proposed method were closer to the fully-sampled reference images in terms of the root-mean-square error, peak signal-to-noise ratio, and structural similarity index""]",C:/Users/V133280/RMIT University/Thai Pham - StrokeVault/Brain MRI Reconstruction Safety Review - Broad\Full Text Screening\PDF-Retrieved-ALL\Recovered_from_NotRetrieved_341\2019 - MRI Gibbs-ringing artifact reduction by means of machine learning using convolutional neural networks - 10.1002_mrm.27894.pdf,
2026-08-19T17:52:00.109437+00:00,,10.1002/mrm.27546,2019,PEC-GRAPPA reconstruction of simultaneous multislice EPI with slice-dependent 2D Nyquist ghost correction,,exclude,0.9,fulltext_recovered341,,"wrong_intervention_or_index: Classical GRAPPA/SAKE-based k-space parallel imaging reconstruction for Nyquist ghost correction, with no AI/ML component.",,,FALSE,"{""claude_fulltext_recovered"": ""exclude""}","[""PEC-GRAPPA robustly reconstructed SMS EPI images from 7T phantom and human brain data, effectively removing the phase error-induced artifacts""]",C:/Users/V133280/RMIT University/Thai Pham - StrokeVault/Brain MRI Reconstruction Safety Review - Broad\Full Text Screening\PDF-Retrieved-ALL\Recovered_from_NotRetrieved_341\2019 - PEC-GRAPPA reconstruction of simultaneous multislice EPI with slice-dependent 2D Nyquist ghost correction - 10.1002_mrm.27546.pdf,
2026-08-19T17:52:00.109437+00:00,,10.1016/j.neuroimage.2019.04.002,2019,Phase-matched virtual coil reconstruction for highly accelerated diffusion echo-planar imaging,,exclude,0.9,fulltext_recovered341,,wrong_intervention_or_index: Classical virtual-coil GRAPPA reconstruction framework for accelerated diffusion EPI with no AI/ML component or fidelity-evaluation methodology contribution.,,,FALSE,"{""claude_fulltext_recovered"": ""exclude""}","[""a virtual coil (VC) acquisition/reconstruction framework to improve highly accelerated single-shot EPI (SS-EPI) and generalized slice dithered enhanced resolution (gSlider) acquisition""]",C:/Users/V133280/RMIT University/Thai Pham - StrokeVault/Brain MRI Reconstruction Safety Review - Broad\Full Text Screening\PDF-Retrieved-ALL\Recovered_from_NotRetrieved_341\2019 - Phase-matched virtual coil reconstruction for highly accelerated diffusion echo-planar imaging - 10.1016_j.neuroimage.2019.04.002.pdf,
2026-08-19T17:52:00.109437+00:00,,10.1016/j.mri.2019.05.015,2019,Precision reproducibility and applicability of an undersampled multi-venc 4D flow MRI,,exclude,0.9,fulltext_recovered341,,"out_of_scope: Cardiac 4D flow MRI reproducibility/validation study using k-t PCA undersampling, not brain MRI and not an AI/ML reconstruction fidelity evaluation.",,,FALSE,"{""claude_fulltext_recovered"": ""exclude""}","[""the objective of this study was to validate a multi-venc 4D flow (4D Multi) sequence for the improved simultaneous assessment of arterial and venous flow""]",C:/Users/V133280/RMIT University/Thai Pham - StrokeVault/Brain MRI Reconstruction Safety Review - Broad\Full Text Screening\PDF-Retrieved-ALL\Recovered_from_NotRetrieved_341\2019 - Precision reproducibility and applicability of an undersampled multi-venc 4D flow MRI - 10.1016_j.mri.2019.05.015.pdf,
2026-08-19T17:52:00.109437+00:00,,10.1002/mrm.27528,2019,Redesign of the Laplacian kernel for improvements in conductivity imaging using MRI,,exclude,0.9,fulltext_recovered341,,"wrong_intervention_or_index: Classical signal-processing kernel redesign for electrical property tomography (conductivity imaging), with no AI/ML reconstruction and no fidelity-evaluation contribution relevant to AI/ML MRI reconstruction.",,,FALSE,"{""claude_fulltext_recovered"": ""exclude""}","[""the discrete Laplacian operator used for electrical property tomography reconstruction is redesigned to have a Gaussian-like envelope""]",C:/Users/V133280/RMIT University/Thai Pham - StrokeVault/Brain MRI Reconstruction Safety Review - Broad\Full Text Screening\PDF-Retrieved-ALL\Recovered_from_NotRetrieved_341\2019 - Redesign of the Laplacian kernel for improvements in conductivity imaging using MRI - 10.1002_mrm.27528.pdf,
2026-08-19T17:52:00.109437+00:00,,10.1109/tbme.2019.2957535,2019,Reducing Acoustic Inhomogeneity in Microwave Induced Thermoacoustic Tomography,,exclude,0.88,fulltext_recovered341,,"out_of_scope: Microwave-induced thermoacoustic tomography (non-MRI modality) reconstruction method using GMM clustering, tested on breast/brain phantom and pig brain, not an MRI reconstruction fidelity evaluation transferable to human brain MRI.",,,FALSE,"{""claude_fulltext_recovered"": ""exclude""}","[""Microwave induced thermoacoustic tomography is a newly developing non-invasive and non-ionizing modality"", ""Realistic breast model and brain model simulations combined with experiments of agar phantom and pig's brain are provided""]",C:/Users/V133280/RMIT University/Thai Pham - StrokeVault/Brain MRI Reconstruction Safety Review - Broad\Full Text Screening\PDF-Retrieved-ALL\Recovered_from_NotRetrieved_341\2019 - Reducing Acoustic Inhomogeneity in Microwave Induced Thermoacoustic Tomography - 10.1109_tbme.2019.2957535.pdf,
2026-08-19T17:52:00.109437+00:00,,10.1109/lsp.2019.2961072,2019,Restoration of Lossy JPEG-Compressed Brain MR Images Using Cross-Domain Neural,,include,0.78,fulltext_recovered341,"on_topic_recon_safety_eval: Proposes deep cross-domain U-net (W-net) and AUTOMAP-style networks to restore lossy JPEG-compressed brain MR images, addressing loss of clinically important image features and quantitatively evaluating restoration fidelity against ground truth.",,,,FALSE,"{""claude_fulltext_recovered"": ""include""}","[""lossy compression is not commonly used in medical imaging as the process may irreversibly remove information that defines clinically important image features"", ""We propose a cross-domain cascade of U-nets called the W-net""]",C:/Users/V133280/RMIT University/Thai Pham - StrokeVault/Brain MRI Reconstruction Safety Review - Broad\Full Text Screening\PDF-Retrieved-ALL\Recovered_from_NotRetrieved_341\2019 - Restoration of Lossy JPEG-Compressed Brain MR Images Using Cross-Domain Neural - 10.1109_lsp.2019.2961072.pdf,
2026-08-19T17:52:00.109437+00:00,,10.1016/j.neuroimage.2019.116141,2019,Retrospective motion compensation for edited MR spectroscopic imaging,,exclude,0.87,fulltext_recovered341,,"wrong_intervention_or_index: Correlation-coefficient based retrospective motion compensation algorithm for edited MR spectroscopic imaging, with no AI/ML component or image-reconstruction fidelity-evaluation contribution.",,,FALSE,"{""claude_fulltext_recovered"": ""exclude""}","[""a retrospective motion compensation algorithm for edited MRSI is proposed. The algorithm identifies movement-affected signals by comparing residual water and lipid peaks""]",C:/Users/V133280/RMIT University/Thai Pham - StrokeVault/Brain MRI Reconstruction Safety Review - Broad\Full Text Screening\PDF-Retrieved-ALL\Recovered_from_NotRetrieved_341\2019 - Retrospective motion compensation for edited MR spectroscopic imaging - 10.1016_j.neuroimage.2019.116141.pdf,
2026-08-19T17:52:00.109437+00:00,,10.1016/j.mri.2018.11.001,2019,Rigid motion correction for magnetic resonance fingerprinting with sliding-window reconstruction,,exclude,0.88,fulltext_recovered341,,"wrong_intervention_or_index: Classical sliding-window reconstruction plus image-registration based rigid motion correction for MR fingerprinting, with no AI/ML reconstruction component.",,,FALSE,"{""claude_fulltext_recovered"": ""exclude""}","[""a novel motion correction method was proposed to correct for rigid motion in MRF. The proposed method involved sliding-window reconstruction to obtain intermediate images followed by image registration""]",C:/Users/V133280/RMIT University/Thai Pham - StrokeVault/Brain MRI Reconstruction Safety Review - Broad\Full Text Screening\PDF-Retrieved-ALL\Recovered_from_NotRetrieved_341\2019 - Rigid motion correction for magnetic resonance fingerprinting with sliding-window reconstruction - 10.1016_j.mri.2018.11.001.pdf,
2026-08-19T17:52:00.109437+00:00,,10.1109/tmi.2019.2896085,2019,Robust Single-Shot T2 Mapping via Multiple Overlapping-Echo Acquisition and DN,,include,0.62,fulltext_recovered341,"on_topic_recon_safety_eval: Uses a deep residual convolutional neural network to reconstruct quantitative T2 maps from overlapping-echo MRI acquisitions and evaluates reconstruction accuracy against ground truth in simulation, phantom, and in vivo human brain data, providing an AI/ML reconstruction fidelity comparison.",,,,TRUE,"{""claude_fulltext_recovered"": ""include""}","[""MOLED-4 accelerates quantitative T2 mapping via synchronized multisampling and then deep learning to map the complex nonlinear relationship"", ""The results of simulation, phantom, and in vivo human brain experiments show the great performance of the proposed method""]",C:/Users/V133280/RMIT University/Thai Pham - StrokeVault/Brain MRI Reconstruction Safety Review - Broad\Full Text Screening\PDF-Retrieved-ALL\Recovered_from_NotRetrieved_341\2019 - Robust Single-Shot T2 Mapping via Multiple Overlapping-Echo Acquisition and DN - 10.1109_tmi.2019.2896085.pdf,
2026-08-19T17:52:00.109437+00:00,,10.1093/cercor/bhaa139,2020,"A Critical, Event-Related Appraisal of Denoising in Resting-State fMRI Studies",,exclude,0.85,fulltext_recovered341,,"out_of_scope: A commentary on time-series denoising strategies for resting-state functional connectivity analysis, not an AI/ML image reconstruction method or a fidelity-evaluation contribution for brain MRI reconstruction.",,,FALSE,"{""claude_fulltext_recovered"": ""exclude""}","[""this Commentary is not a comprehensive review on fMRI denoising"", ""many resting-state studies may inadvertently treat signals that belong to \""noise\"" (i.e., artifacts) as signals of interest""]","C:/Users/V133280/RMIT University/Thai Pham - StrokeVault/Brain MRI Reconstruction Safety Review - Broad\Full Text Screening\PDF-Retrieved-ALL\Recovered_from_NotRetrieved_341\2020 - A Critical, Event-Related Appraisal of Denoising in Resting-State fMRI Studies - 10.1093_cercor_bhaa139.pdf",
2026-08-19T17:52:00.109437+00:00,,10.1016/j.jneumeth.2020.108638,2020,A hybrid method for artifact removal of visual evoked EEG,,exclude,0.93,fulltext_recovered341,,"out_of_scope: EEG artifact-removal method using ICA and Transient Artifact Reduction Algorithm; not MRI, not an AI/ML image reconstruction, and no transfer to brain MRI reconstruction fidelity evaluation.",,,FALSE,"{""claude_fulltext_recovered"": ""exclude""}","[""a hybrid method for denoising the visually evoked EEG responses"", ""a cascade combination of digital filters, Independent Component Analysis (ICA) and Transient Artifact Reduction Algorithm (TARA)""]",C:/Users/V133280/RMIT University/Thai Pham - StrokeVault/Brain MRI Reconstruction Safety Review - Broad\Full Text Screening\PDF-Retrieved-ALL\Recovered_from_NotRetrieved_341\2020 - A hybrid method for artifact removal of visual evoked EEG - 10.1016_j.jneumeth.2020.108638.pdf,
2026-08-19T17:52:00.109437+00:00,,10.1007/s00330-020-06715-x,2020,A segmentation-independent volume rendering visualisation method,,exclude,0.92,fulltext_recovered341,,"wrong_intervention_or_index: Classical (non-AI/ML) segmentation-independent volume rendering compared against 3D fast spin echo T2WI for surgical planning, with no deep-learning/generative reconstruction or fidelity/hallucination evaluation.",,,FALSE,"{""claude_fulltext_recovered"": ""exclude""}","[""The segmentation-independent volume rendering (SI-VR) is a volume rendering method based on DICOM format file with greyscale gradient across voxels but without the step of manual segmentation."", ""Image quality and diagnostic accuracy between SI-VR and 3D fast spin echo T2WI in the experimental group were compared""]",C:/Users/V133280/RMIT University/Thai Pham - StrokeVault/Brain MRI Reconstruction Safety Review - Broad\Full Text Screening\PDF-Retrieved-ALL\Recovered_from_NotRetrieved_341\2020 - A segmentation-independent volume rendering visualisation method - 10.1007_s00330-020-06715-x.pdf,
2026-08-19T17:52:00.109437+00:00,,10.1109/tmi.2020.3021737,2020,Accelerated 3D bSSFP Using a Modified Wave-CAIPI Technique With Truncated Wave,,exclude,0.93,fulltext_recovered341,,wrong_intervention_or_index: Classical parallel-imaging (Wave-CAIPI) pulse-sequence/reconstruction technique with no AI/ML component and no fidelity/hallucination safety-evaluation contribution.,,,FALSE,"{""claude_fulltext_recovered"": ""exclude""}","[""we propose a 3D Wave-bSSFP scheme that adopts truncated wave gradients with zero 0th moment to avoid introducing additional banding artifacts"", ""Wave-bSSFP obtains up to 12x retrospective acceleration ... according to both visual validation and quantitative analysis""]",C:/Users/V133280/RMIT University/Thai Pham - StrokeVault/Brain MRI Reconstruction Safety Review - Broad\Full Text Screening\PDF-Retrieved-ALL\Recovered_from_NotRetrieved_341\2020 - Accelerated 3D bSSFP Using a Modified Wave-CAIPI Technique With Truncated Wave - 10.1109_tmi.2020.3021737.pdf,
2026-08-19T17:52:00.109437+00:00,,10.1002/mrm.28234,2020,Deep learning-based target metabolite isolation and big data-driven measurement uncertainty estimation in proton MRS of the brain,,exclude,0.85,fulltext_recovered341,,"wrong_population: Deep-learning CNN method for MR spectroscopy metabolite quantification uncertainty tested only on simulated and in vivo rat brain spectra (animal), not image reconstruction fidelity/hallucination in human brain MRI.",,,FALSE,"{""claude_fulltext_recovered"": ""exclude""}","[""The animal study was approved by the Institutional Animal Care and Use Committee. In vivo data were acquired from normal Sprague-Dawley rats"", ""We developed convolutional neural networks (CNNs) capable of isolating target metabolite signal on simulated rat brain spectra at 9.4T""]",C:/Users/V133280/RMIT University/Thai Pham - StrokeVault/Brain MRI Reconstruction Safety Review - Broad\Full Text Screening\PDF-Retrieved-ALL\Recovered_from_NotRetrieved_341\2020 - Deep learning-based target metabolite isolation and big data-driven measurement uncertainty estimation in proton MRS of the brain - 10.1002_mrm.28234.pdf,
2026-08-19T17:52:00.109437+00:00,,10.1016/j.mri.2020.03.009,2020,Development of fast deep learning quantification for magnetic resonance fingerprinting in vivo,,exclude,0.62,fulltext_recovered341,,"wrong_outcome: Deep-learning MRF quantification method validated for T1/T2 parameter accuracy against phantom and dictionary matching, but not framed around reconstruction hallucination/fidelity-artifact safety evaluation; brain is only one of several organs (liver, prostate) studied.",,,TRUE,"{""claude_fulltext_recovered"": ""exclude""}","[""The neural network achieved high fidelity (R2 0.98) as compared to the T1 and T2 values of the ISMRM standardized phantom"", ""the computation time of our neural network was 0.12 s, compared with the 28 s-pre-slice for the conventional dictionary matching method""]",C:/Users/V133280/RMIT University/Thai Pham - StrokeVault/Brain MRI Reconstruction Safety Review - Broad\Full Text Screening\PDF-Retrieved-ALL\Recovered_from_NotRetrieved_341\2020 - Development of fast deep learning quantification for magnetic resonance fingerprinting in vivo - 10.1016_j.mri.2020.03.009.pdf,
2026-08-19T17:52:00.109437+00:00,,10.1002/mrm.28168,2020,Echo-planar imaging of the human head with 100 mT_m gradients and high-order modeling of eddy current fields,,exclude,0.93,fulltext_recovered341,,"wrong_intervention_or_index: Classical higher-order eddy-current field modeling/reconstruction for EPI gradient hardware, no AI/ML component or fidelity-evaluation contribution.",,,FALSE,"{""claude_fulltext_recovered"": ""exclude""}","[""the higher order reconstruction strategy is used, which includes spatially nonlinear field components in the spatial encoding, with the EC field modeled by fifth-order solid harmonics""]",C:/Users/V133280/RMIT University/Thai Pham - StrokeVault/Brain MRI Reconstruction Safety Review - Broad\Full Text Screening\PDF-Retrieved-ALL\Recovered_from_NotRetrieved_341\2020 - Echo-planar imaging of the human head with 100 mT_m gradients and high-order modeling of eddy current fields - 10.1002_mrm.28168.pdf,
2026-08-19T17:52:00.109437+00:00,,10.1002/nbm.4387,2020,Elimination of low-inversion-efficiency induced artifacts in whole-brain MP2RAGE using multiple RF-shim configurations at 7 T,,exclude,0.93,fulltext_recovered341,,"wrong_intervention_or_index: Classical RF-shimming/acquisition technique to eliminate MP2RAGE inversion artifacts at 7T, no AI/ML reconstruction and no fidelity/safety evaluation methodology contribution.",,,FALSE,"{""claude_fulltext_recovered"": ""exclude""}","[""The proposed technique takes advantage of parallel RF transmission systems by splitting the brain into two overlapping slabs and calculating the complex weights of transmit channels""]",C:/Users/V133280/RMIT University/Thai Pham - StrokeVault/Brain MRI Reconstruction Safety Review - Broad\Full Text Screening\PDF-Retrieved-ALL\Recovered_from_NotRetrieved_341\2020 - Elimination of low-inversion-efficiency induced artifacts in whole-brain MP2RAGE using multiple RF-shim configurations at 7 T - 10.1002_nbm.4387.pdf,
2026-08-19T17:52:00.109437+00:00,,10.1016/j.zemedi.2020.09.001,2020,Hemicorporal paresthesias in a parvovirus infection,,exclude,0.7,fulltext_recovered341,,"out_of_scope: Extracted text is only the journal's reviewer-acknowledgment list (Danksagung), and the title indicates a clinical case report on parvovirus-related paresthesias unrelated to AI/ML MRI reconstruction fidelity or safety evaluation.",,,TRUE,"{""claude_fulltext_recovered"": ""exclude""}","[""Danksagung an den Wissenschaftlichen Beirat und die Gutachter"", ""Der Herausgeber der Zeitschrift fur Medizinische Physik dankt allen Mitgliedern des Wissenschaftlichen Beirates""]",C:/Users/V133280/RMIT University/Thai Pham - StrokeVault/Brain MRI Reconstruction Safety Review - Broad\Full Text Screening\PDF-Retrieved-ALL\Recovered_from_NotRetrieved_341\2020 - Hemicorporal paresthesias in a parvovirus infection - 10.1016_j.zemedi.2020.09.001.pdf,
2026-08-19T17:52:00.109437+00:00,,10.1002/mrm.27928,2020,In-phase zero TE musculoskeletal imaging,,exclude,0.9,fulltext_recovered341,,"wrong_intervention_or_index: Classical k-space chemical-shift decomposition method for ZTE musculoskeletal (knee/pelvis/whole-body, with brain as one example) imaging with no AI/ML component and no reconstruction-fidelity safety evaluation.",,,FALSE,"{""claude_fulltext_recovered"": ""exclude""}","[""The ipZTE method addresses this fat-water chemical shift artifact by acquiring each 3D radial spoke at least twice with varying readout gradient amplitude"", ""The ipZTE method was tested for knee, pelvis, brain, and whole-body""]",C:/Users/V133280/RMIT University/Thai Pham - StrokeVault/Brain MRI Reconstruction Safety Review - Broad\Full Text Screening\PDF-Retrieved-ALL\Recovered_from_NotRetrieved_341\2020 - In-phase zero TE musculoskeletal imaging - 10.1002_mrm.27928.pdf,
2026-08-19T17:52:00.109437+00:00,,10.1016/j.neurad.2019.03.002,2020,Initial clinical experience of synthetic MRI as a routine neuroimaging protocol in daily practice,,exclude,0.88,fulltext_recovered341,,"wrong_intervention_or_index: Clinical feasibility study of quantitative synthetic MRI (MDME/MAGiC, a model-based signal-equation synthesis, not AI/ML) assessed by human-reader diagnostic image quality, with no deep-learning reconstruction or hallucination/fidelity-artifact methodology.",,,FALSE,"{""claude_fulltext_recovered"": ""exclude""}","[""Because MDME is a quantitative sequence, it enables absolute quantification of tissue physical properties"", ""The MDME data were reconstructed outside the clinical care environment by using MAGnetic resonance image Compilation (MAGiC) software""]",C:/Users/V133280/RMIT University/Thai Pham - StrokeVault/Brain MRI Reconstruction Safety Review - Broad\Full Text Screening\PDF-Retrieved-ALL\Recovered_from_NotRetrieved_341\2020 - Initial clinical experience of synthetic MRI as a routine neuroimaging protocol in daily practice - 10.1016_j.neurad.2019.03.002.pdf,
2026-08-19T17:52:00.109437+00:00,,10.1002/mrm.28346,2020,Minimizing the echo time in diffusion imaging using spiral readouts and a head gradient system,,exclude,0.93,fulltext_recovered341,,"wrong_intervention_or_index: Classical hardware/spiral-readout and eddy-current higher-order reconstruction technique for DWI, no AI/ML method and no fidelity/safety evaluation contribution.",,,FALSE,"{""claude_fulltext_recovered"": ""exclude""}","[""To allow non-Cartesian image reconstruction using such strong and fast gradients, the characterization of eddy current and concomitant field effects was performed""]",C:/Users/V133280/RMIT University/Thai Pham - StrokeVault/Brain MRI Reconstruction Safety Review - Broad\Full Text Screening\PDF-Retrieved-ALL\Recovered_from_NotRetrieved_341\2020 - Minimizing the echo time in diffusion imaging using spiral readouts and a head gradient system - 10.1002_mrm.28346.pdf,
2026-08-19T17:52:00.109437+00:00,,10.1016/j.mri.2020.05.002,2020,Motion artifacts reduction in brain MRI by means of a deep residual network DRN-DCMB,,include,0.9,fulltext_recovered341,"on_topic_recon_safety_eval: Proposes a deep residual CNN (DRN-DCMB) to reduce motion artifacts in brain MRI and evaluates its fidelity/image-quality performance both quantitatively (SSIM, ISNR against state-of-the-art DL models) and via blinded neuroradiologist assessment on real clinical motion-artifact cases.",,,,FALSE,"{""claude_fulltext_recovered"": ""include""}","[""our DRN-DCMB model outperformed other state-of-the-art deep learning models with significantly higher structural similarity index (SSIM) and improvement in signal-to-noise ratio (ISNR)"", ""the acquired images and processed images by the DRN-DCMB model were randomly mixed, and image quality was blindly evaluated by a neuroradiologist""]",C:/Users/V133280/RMIT University/Thai Pham - StrokeVault/Brain MRI Reconstruction Safety Review - Broad\Full Text Screening\PDF-Retrieved-ALL\Recovered_from_NotRetrieved_341\2020 - Motion artifacts reduction in brain MRI by means of a deep residual network DRN-DCMB - 10.1016_j.mri.2020.05.002.pdf,
2026-08-19T17:52:00.109437+00:00,,10.1002/mrm.28105,2020,Overdiscrete echo-planar spectroscopic imaging with correlated higher-order phase correction,,exclude,0.92,fulltext_recovered341,,wrong_intervention_or_index: Classical model-based overdiscrete reconstruction/phase-correction framework for MR spectroscopic imaging with no AI/ML component and no reconstruction-fidelity safety evaluation contribution.,,,FALSE,"{""claude_fulltext_recovered"": ""exclude""}","[""An accelerated acquisition scheme using echo-planar spectroscopic imaging (EPSI) was combined with the overdiscrete reconstruction framework"", ""a generalized high-order phase correction was incorporated into the reconstruction pipeline""]",C:/Users/V133280/RMIT University/Thai Pham - StrokeVault/Brain MRI Reconstruction Safety Review - Broad\Full Text Screening\PDF-Retrieved-ALL\Recovered_from_NotRetrieved_341\2020 - Overdiscrete echo-planar spectroscopic imaging with correlated higher-order phase correction - 10.1002_mrm.28105.pdf,
2026-08-19T17:52:00.109437+00:00,,10.1002/mrm.28034,2020,Parameter optimization framework on wave gradients of Wave-CAIPI imaging,,exclude,0.93,fulltext_recovered341,,"wrong_intervention_or_index: Classical (non-AI/ML) analytic parameter-optimization framework for Wave-CAIPI parallel-imaging reconstruction g-factor/artifact reduction, no deep learning and no fidelity/safety evaluation methodology.",,,FALSE,"{""claude_fulltext_recovered"": ""exclude""}","[""To propose a parameter optimization framework on wave gradients of Wave-CAIPI imaging for decreasing g-factor penalty and reducing reconstruction artifacts.""]",C:/Users/V133280/RMIT University/Thai Pham - StrokeVault/Brain MRI Reconstruction Safety Review - Broad\Full Text Screening\PDF-Retrieved-ALL\Recovered_from_NotRetrieved_341\2020 - Parameter optimization framework on wave gradients of Wave-CAIPI imaging - 10.1002_mrm.28034.pdf,
2026-08-19T17:52:00.109437+00:00,,10.1016/j.jmr.2020.106690,2020,Phase-constrained reconstruction of high-resolution multi-shot diffusion weighted image,,exclude,0.9,fulltext_recovered341,,"wrong_intervention_or_index: Classical low-rank Hankel-matrix (LORAKS-type) reconstruction for multi-shot DWI, not a deep-learning/AI method, and does not propose or evaluate a fidelity/safety-evaluation methodology.",,,FALSE,"{""claude_fulltext_recovered"": ""exclude""}","[""we introduce a smooth phase constraint of each shot image into multi-shot navigator-free DWI reconstruction by imposing the low-rankness of Hankel matrix constructed from the k-space data""]",C:/Users/V133280/RMIT University/Thai Pham - StrokeVault/Brain MRI Reconstruction Safety Review - Broad\Full Text Screening\PDF-Retrieved-ALL\Recovered_from_NotRetrieved_341\2020 - Phase-constrained reconstruction of high-resolution multi-shot diffusion weighted image - 10.1016_j.jmr.2020.106690.pdf,
2026-08-19T17:52:00.109437+00:00,,10.1007/s00256-020-03377-0,2020,Qualitative and quantitative analysis of glenoid bone stock,,exclude,0.95,fulltext_recovered341,,"wrong_population: Clinical CT/MRI shoulder osteoarthritis measurement study (glenoid bone stock, rotator cuff) with no brain imaging and no AI/ML reconstruction fidelity contribution.",,,FALSE,"{""claude_fulltext_recovered"": ""exclude""}","[""Glenoid bone stock and morphology and rotator cuff muscle quality and tendon integrity affect the outcome of total shoulder arthroplasty.""]",C:/Users/V133280/RMIT University/Thai Pham - StrokeVault/Brain MRI Reconstruction Safety Review - Broad\Full Text Screening\PDF-Retrieved-ALL\Recovered_from_NotRetrieved_341\2020 - Qualitative and quantitative analysis of glenoid bone stock - 10.1007_s00256-020-03377-0.pdf,
2026-08-19T17:52:00.109437+00:00,,10.1016/j.mri.2019.10.007,2020,Quantitative renal function assessment of atheroembolic renal disease,,exclude,0.95,fulltext_recovered341,,"wrong_population: Animal (rabbit) renal DCE-MRI study using classical view-shared compressed sensing, not brain MRI and not AI/ML reconstruction.",,,FALSE,"{""claude_fulltext_recovered"": ""exclude""}","[""preliminary animal study veriﬁed the feasibility of VCS DCE-MRI for renal function evaluation"", ""Experiments were performed on 15 male New Zealand White rabbits""]",C:/Users/V133280/RMIT University/Thai Pham - StrokeVault/Brain MRI Reconstruction Safety Review - Broad\Full Text Screening\PDF-Retrieved-ALL\Recovered_from_NotRetrieved_341\2020 - Quantitative renal function assessment of atheroembolic renal disease - 10.1016_j.mri.2019.10.007.pdf,
2026-08-19T17:52:00.109437+00:00,,10.1109/isbi45749.2020.9098450,2020,R-FMRI Reconstruction from K-T Undersampled SMS MRI with Controlled Aliasing,,exclude,0.72,fulltext_recovered341,,"wrong_intervention_or_index: Proposes a Bayesian dictionary-based reconstruction acceleration method for brain R-fMRI with only routine quantitative comparison to prior methods, not a fidelity/safety-evaluation contribution.",,,FALSE,"{""claude_fulltext_recovered"": ""exclude""}","[""We propose a novel Bayesian reconstruction framework that combines simultaneous multislice (SMS) imaging, controlled aliasing, and undersampling"", ""Results on simulated and clinical R-fMRI show that our method gives more accurate reconstructions and connectivity maps than the state of the art""]",C:/Users/V133280/RMIT University/Thai Pham - StrokeVault/Brain MRI Reconstruction Safety Review - Broad\Full Text Screening\PDF-Retrieved-ALL\Recovered_from_NotRetrieved_341\2020 - R-FMRI Reconstruction from K-T Undersampled SMS MRI with Controlled Aliasing - 10.1109_isbi45749.2020.9098450.pdf,
2026-08-19T17:52:00.109437+00:00,,10.1016/j.zemedi.2019.10.002,2020,Reduction of beam hardening artifacts on real C-arm CT data,,exclude,0.97,fulltext_recovered341,,"out_of_scope: Classical (non-AI/ML) polychromatic statistical CT reconstruction for beam-hardening artifact reduction; modality is C-arm CT, not MRI.",,,FALSE,"{""claude_fulltext_recovered"": ""exclude""}","[""This work aims at the compensation of beam hardening artifacts by the means of an extended three-dimensional polychromatic statistical reconstruction to be applied for ﬂat panel cone-beam CT.""]",C:/Users/V133280/RMIT University/Thai Pham - StrokeVault/Brain MRI Reconstruction Safety Review - Broad\Full Text Screening\PDF-Retrieved-ALL\Recovered_from_NotRetrieved_341\2020 - Reduction of beam hardening artifacts on real C-arm CT data - 10.1016_j.zemedi.2019.10.002.pdf,
2026-08-19T17:52:00.109437+00:00,,10.1002/mrm.28301,2020,Retrospective rigid motion correction of three-dimensional magnetic resonance fingerprinting of the human brain,,exclude,0.93,fulltext_recovered341,,"wrong_intervention_or_index: Classical (non-AI/ML) motion correction technique for 3D MR fingerprinting using self-navigators and dictionary matching, not a deep-learning/AI reconstruction fidelity evaluation method.",,,FALSE,"{""claude_fulltext_recovered"": ""exclude""}","[""Our acquisition is based on a 3D spiral projection k-space scheme."", ""We established a method that allows correcting 3D rigid motion on a 7-s timescale during the reconstruction of MRF data using self-navigators""]",C:/Users/V133280/RMIT University/Thai Pham - StrokeVault/Brain MRI Reconstruction Safety Review - Broad\Full Text Screening\PDF-Retrieved-ALL\Recovered_from_NotRetrieved_341\2020 - Retrospective rigid motion correction of three-dimensional magnetic resonance fingerprinting of the human brain - 10.1002_mrm.28301.pdf,
2026-08-19T17:52:00.109437+00:00,,10.1002/mrm.28007,2020,Self-calibrating wave-encoded 3D turbo spin echo imaging using subspace model based autofocusing,,exclude,0.93,fulltext_recovered341,,wrong_intervention_or_index: Classical subspace-model autofocus calibration method for wave-encoded parallel imaging; no AI/ML component and no fidelity/safety-evaluation contribution.,,,FALSE,"{""claude_fulltext_recovered"": ""exclude""}","[""A low rank subspace parametric model was demonstrated in simulation to improve the representation for practical wave encoding k‐space trajectories""]",C:/Users/V133280/RMIT University/Thai Pham - StrokeVault/Brain MRI Reconstruction Safety Review - Broad\Full Text Screening\PDF-Retrieved-ALL\Recovered_from_NotRetrieved_341\2020 - Self-calibrating wave-encoded 3D turbo spin echo imaging using subspace model based autofocusing - 10.1002_mrm.28007.pdf,
2026-08-19T17:52:00.109437+00:00,,10.1109/tmi.2020.2987026,2020,Synthesize High-Quality Multi-Contrast MRI From Multi-Echo Using Multi-Task De,,include,0.6,fulltext_recovered341,"on_topic_recon_safety_eval: Proposes an AI/ML (multi-task deep generative/GAN) brain MRI contrast-synthesis method explicitly addressing reconstruction artifacts (false edge-enhancement, low legibility) and evaluates diagnostic quality/fidelity via quantitative comparison and a clinical reader study against a clinically approved model-based baseline (MAGiC).",,,,TRUE,"{""claude_fulltext_recovered"": ""include""}","[""over-simpliﬁcation, as well as imperfections in the acquisition, can lead to undesirable reconstruction artifacts, especially in T2-FLAIR contrast"", ""Results from both quantitative comparison and clinical reader study demonstrate that the multi-task formulation leads to more efﬁcient and accurate contrast synthesis than previous methods"", ""it is testiﬁed that the multi-task deep learning model has improved diagnostic quality than the clinical-approved model-based method (MAGiC)""]",C:/Users/V133280/RMIT University/Thai Pham - StrokeVault/Brain MRI Reconstruction Safety Review - Broad\Full Text Screening\PDF-Retrieved-ALL\Recovered_from_NotRetrieved_341\2020 - Synthesize High-Quality Multi-Contrast MRI From Multi-Echo Using Multi-Task De - 10.1109_tmi.2020.2987026.pdf,
2026-08-19T17:52:00.109437+00:00,,10.1002/mp.14460,2020,Technical Note - Optimization of quantitative susceptibility mapping by streaking artifact detection,,exclude,0.9,fulltext_recovered341,,wrong_intervention_or_index: Proposes a classical (non-AI/ML) Hough-transform-based streaking-artifact detection method to optimize regularized iterative QSM reconstruction; no deep-learning/AI component.,,,FALSE,"{""claude_fulltext_recovered"": ""exclude""}","[""a streaking detection method is proposed for evaluating and optimizing quantitative susceptibility maps"", ""Regularized iterative algorithm was used for reconstruction of tissue susceptibility maps""]",C:/Users/V133280/RMIT University/Thai Pham - StrokeVault/Brain MRI Reconstruction Safety Review - Broad\Full Text Screening\PDF-Retrieved-ALL\Recovered_from_NotRetrieved_341\2020 - Technical Note - Optimization of quantitative susceptibility mapping by streaking artifact detection - 10.1002_mp.14460.pdf,
2026-08-19T17:52:00.109437+00:00,,10.1002/mrm.28526,2021,Accelerating T2 mapping of the brain by integrating deep learning priors with low-rank and sparse modeling,,include,0.65,fulltext_recovered341+fable_adjudication,"on_topic_recon_safety_eval: The flag was that the primary framing is acceleration; however, the method is explicitly designed around, and evaluated against, the key DL-reconstruction failure mode of losing subject-dependent novel features (pathology absent from healthy training priors), including evaluation on brain tumor patients and direct comparison showing existing deep-learning methods recover novel features worse (it also cites the Antun instability literature). This constitutes genuine omitted-pathology failure-mode evaluation of AI/ML brain MRI reconstruction rather than routine metric reporting.",,,,FALSE,"{""claude_fulltext_recovered"": ""flagged"", ""fable_adjudicator"": ""include""}","[""Compared with the deep learning-based methods, the proposed method recovered novel features better"", ""used a low-rank model and a sparse model to capture subject-dependent novel features"", ""evaluated using experimental data obtained from both healthy subjects and tumor patients""]",C:/Users/V133280/RMIT University/Thai Pham - StrokeVault/Brain MRI Reconstruction Safety Review - Broad\Full Text Screening\PDF-Retrieved-ALL\Recovered_from_NotRetrieved_341\2021 - Accelerating T2 mapping of the brain by integrating deep learning priors with low-rank and sparse modeling - 10.1002_mrm.28526.pdf,
2026-08-19T17:52:00.109437+00:00,,10.1002/mrm.28520,2021,Accelerating in vivo fast spin echo high angular resolution diffusion imaging with an isotropic resolution in mice through compressed sensing,,exclude,0.94,fulltext_recovered341,,"wrong_population: Animal (mouse) study using classical compressed sensing (non-AI/ML) for diffusion MRI acceleration, not human brain AI/ML reconstruction fidelity evaluation.",,,FALSE,"{""claude_fulltext_recovered"": ""exclude""}","[""Accelerating in vivo fast spin echo high angular resolution diffusion imaging with an isotropic resolution in mice through compressed sensing""]",C:/Users/V133280/RMIT University/Thai Pham - StrokeVault/Brain MRI Reconstruction Safety Review - Broad\Full Text Screening\PDF-Retrieved-ALL\Recovered_from_NotRetrieved_341\2021 - Accelerating in vivo fast spin echo high angular resolution diffusion imaging with an isotropic resolution in mice through compressed sensing - 10.1002_mrm.28520.pdf,
2026-08-19T17:52:00.109437+00:00,,10.1007/978-3-030-87234-2/46,2021,Accurate Parameter Estimation in Fetal Diffusion-Weighted MRI,,include,0.55,fulltext_recovered341,on_topic_recon_safety_eval: Proposes a CNN-based (AI/ML) reconstruction of fetal brain diffusion parameter maps and validates fidelity of the reconstructed maps both quantitatively and via expert evaluation against a standard method.,,,,TRUE,"{""claude_fulltext_recovered"": ""include""}","[""We compare our method with a standard reconstruction method, both quantitatively and also in terms of expert evaluations."", ""We show that the proposed machine learning pipeline is signiﬁcantly superior to standard estimation methods in terms of accuracy and expert assessment of reconstruction quality.""]",C:/Users/V133280/RMIT University/Thai Pham - StrokeVault/Brain MRI Reconstruction Safety Review - Broad\Full Text Screening\PDF-Retrieved-ALL\Recovered_from_NotRetrieved_341\2021 - Accurate Parameter Estimation in Fetal Diffusion-Weighted MRI - 10.1007_978-3-030-87234-2_46.pdf,
2026-08-19T17:52:00.109437+00:00,,10.1016/j.jneumeth.2021.109084,2021,Aging effect on head motion A Machine Learning study on resting state fMRI data,,exclude,0.95,fulltext_recovered341,,out_of_scope: Uses SVM to classify head-motion parameters by age in resting-state fMRI; not an AI/ML MRI reconstruction method and does not evaluate reconstruction fidelity/safety.,,,FALSE,"{""claude_fulltext_recovered"": ""exclude""}","[""Support-Vector-Machine, using bootstrap and calculating the feature importance"", ""The aim of our study was to provide new knowledge about the effect of normal aging on the head motion signals.""]",C:/Users/V133280/RMIT University/Thai Pham - StrokeVault/Brain MRI Reconstruction Safety Review - Broad\Full Text Screening\PDF-Retrieved-ALL\Recovered_from_NotRetrieved_341\2021 - Aging effect on head motion A Machine Learning study on resting state fMRI data - 10.1016_j.jneumeth.2021.109084.pdf,
2026-08-19T17:52:00.109437+00:00,,10.1016/j.neures.2020.05.006,2021,An analytical workflow for seed-based correlation and independent component analysis,,exclude,0.95,fulltext_recovered341,,out_of_scope: Methodological comparison of functional connectivity analysis pipelines (SCA vs ICA) in rodent resting-state fMRI; not an MRI reconstruction method or fidelity-evaluation contribution.,,,FALSE,"{""claude_fulltext_recovered"": ""exclude""}","[""Rodent rs-fMRI data from our previous longitudinal brain stimulation studies were used to investigate these two methods using FSL.""]",C:/Users/V133280/RMIT University/Thai Pham - StrokeVault/Brain MRI Reconstruction Safety Review - Broad\Full Text Screening\PDF-Retrieved-ALL\Recovered_from_NotRetrieved_341\2021 - An analytical workflow for seed-based correlation and independent component analysis - 10.1016_j.neures.2020.05.006.pdf,
2026-08-19T17:52:00.109437+00:00,,10.1109/icccnt51525.2021.9579961,2021,Brain MR Image Segmentation using a Fast Fuzzy Clustering Approach,,exclude,0.94,fulltext_recovered341,,"wrong_intervention_or_index: Proposes a classical fuzzy C-means clustering method for brain MR image segmentation, not an AI/ML reconstruction method or a reconstruction fidelity-evaluation contribution.",,,FALSE,"{""claude_fulltext_recovered"": ""exclude""}","[""we suggest a fast spatial FCM (FSFCM) clustering technique for brain MR image segmentation""]",C:/Users/V133280/RMIT University/Thai Pham - StrokeVault/Brain MRI Reconstruction Safety Review - Broad\Full Text Screening\PDF-Retrieved-ALL\Recovered_from_NotRetrieved_341\2021 - Brain MR Image Segmentation using a Fast Fuzzy Clustering Approach - 10.1109_icccnt51525.2021.9579961.pdf,
2026-08-19T17:52:00.109437+00:00,,10.1007/s00330-021-08102-6,2021,CS-VIBE accelerates cranial nerve MR imaging for the diagnosis,,exclude,0.85,fulltext_recovered341,,wrong_intervention_or_index: Clinical diagnostic-accuracy comparison of a classical compressed-sensing sequence (CS-VIBE) versus MPRAGE for facial neuritis; not an AI/ML reconstruction method and cranial nerves are not brain parenchyma reconstruction fidelity.,,,FALSE,"{""claude_fulltext_recovered"": ""exclude""}","[""compare the diagnostic performance of post-contrast 3D compressed sensing volume-interpolated breath-hold examination (CS-VIBE) and 3D T1 magnetization-prepared rapid-acquisition gradient-echo (MPRAGE) in detecting facial neuritis""]",C:/Users/V133280/RMIT University/Thai Pham - StrokeVault/Brain MRI Reconstruction Safety Review - Broad\Full Text Screening\PDF-Retrieved-ALL\Recovered_from_NotRetrieved_341\2021 - CS-VIBE accelerates cranial nerve MR imaging for the diagnosis - 10.1007_s00330-021-08102-6.pdf,
2026-08-19T17:52:00.109437+00:00,,10.1002/mrm.28480,2021,Calibrationless parallel imaging reconstruction for multislice MR data using low-rank tensor completion,,exclude,0.93,fulltext_recovered341,,"wrong_intervention_or_index: Classical (non-AI/ML) low-rank tensor completion method for calibrationless parallel imaging reconstruction of brain MRI, with only routine quantitative artifact/error comparison, not a dedicated fidelity/safety-evaluation contribution.",,,FALSE,"{""claude_fulltext_recovered"": ""exclude""}","[""Adjacent image slices in multislice MR data have similar coil sensitivity maps, spatial support, and image content. Such similarities can be utilized to improve image quality by reconstructing multiple slices jointly with low-rank tensor completion.""]",C:/Users/V133280/RMIT University/Thai Pham - StrokeVault/Brain MRI Reconstruction Safety Review - Broad\Full Text Screening\PDF-Retrieved-ALL\Recovered_from_NotRetrieved_341\2021 - Calibrationless parallel imaging reconstruction for multislice MR data using low-rank tensor completion - 10.1002_mrm.28480.pdf,
2026-08-19T17:52:00.109437+00:00,,10.1016/j.mri.2020.10.007,2021,Classifying MRI motion severity using a stacked ensemble approach,,exclude,0.85,fulltext_recovered341,,"wrong_intervention_or_index: Proposes a stacked-ensemble CNN classifier for grading raw acquisition motion severity, not an evaluation of AI/ML-based reconstruction fidelity or safety.",,,FALSE,"{""claude_fulltext_recovered"": ""exclude""}","[""a stacked ensemble model was developed to classify motion artifacts into five levels"", ""quantify the severity of motion artifacts from MRI images using deep learning""]",C:/Users/V133280/RMIT University/Thai Pham - StrokeVault/Brain MRI Reconstruction Safety Review - Broad\Full Text Screening\PDF-Retrieved-ALL\Recovered_from_NotRetrieved_341\2021 - Classifying MRI motion severity using a stacked ensemble approach - 10.1016_j.mri.2020.10.007.pdf,
2026-08-19T17:52:00.109437+00:00,,10.1016/j.ejrad.2020.109501,2021,Compressed sensing and parallel imaging accelerated T2 FSE sequence for head and neck MR imaging,,exclude,0.92,fulltext_recovered341,,wrong_population: Classical (non-AI/ML) compressed-sensing/parallel-imaging acceleration for head and neck MR imaging with no brain focus and no AI/ML reconstruction-fidelity contribution.,,,FALSE,"{""claude_fulltext_recovered"": ""exclude""}","[""compare the capability of compressed sensing (CS) and parallel imaging (PI) accelerated T2 FSE"", ""for head and neck MR imaging""]",C:/Users/V133280/RMIT University/Thai Pham - StrokeVault/Brain MRI Reconstruction Safety Review - Broad\Full Text Screening\PDF-Retrieved-ALL\Recovered_from_NotRetrieved_341\2021 - Compressed sensing and parallel imaging accelerated T2 FSE sequence for head and neck MR imaging - 10.1016_j.ejrad.2020.109501.pdf,
2026-08-19T17:52:00.109437+00:00,,10.1016/j.compbiomed.2021.104498,2021,Computed inverse MRI CIMRI for intrinsic brain magnetic susceptibility mapping,,exclude,0.88,fulltext_recovered341,,"wrong_intervention_or_index: Presents a classical mathematical inverse-imaging (QSM) model for dipole-effect removal, not an AI/ML-based reconstruction or a safety/fidelity evaluation method.",,,FALSE,"{""claude_fulltext_recovered"": ""exclude""}","[""we can computationally reconstruct the source χ by quantitative susceptibility mapping (QSM), which is an inverse solution that is modeled by computed inverse MRI (CIMRI)""]",C:/Users/V133280/RMIT University/Thai Pham - StrokeVault/Brain MRI Reconstruction Safety Review - Broad\Full Text Screening\PDF-Retrieved-ALL\Recovered_from_NotRetrieved_341\2021 - Computed inverse MRI CIMRI for intrinsic brain magnetic susceptibility mapping - 10.1016_j.compbiomed.2021.104498.pdf,
2026-08-19T17:52:00.109437+00:00,,10.1002/jmri.27665,2021,Data Quality Assessment for Super-Resolution Fetal Brain MR Imaging,,exclude,0.68,fulltext_recovered341,,"wrong_intervention_or_index: Evaluates a classical (non-AI/ML) slice-to-volume super-resolution reconstruction pipeline via an acquisition inlier-fraction metric correlated with radiologist quality ratings, without any deep-learning reconstruction component.",,,FALSE,"{""claude_fulltext_recovered"": ""exclude""}","[""Super-resolution reconstruction algorithms are a promising technique for creating high-quality three-dimensional MRI datasets from thick-slice stacks"", ""Reconstruction quality can be reliably predicted using the brain mask inlier fraction""]",C:/Users/V133280/RMIT University/Thai Pham - StrokeVault/Brain MRI Reconstruction Safety Review - Broad\Full Text Screening\PDF-Retrieved-ALL\Recovered_from_NotRetrieved_341\2021 - Data Quality Assessment for Super-Resolution Fetal Brain MR Imaging - 10.1002_jmri.27665.pdf,
2026-08-19T17:52:00.109437+00:00,,10.1109/isbi48211.2021.9433889,2021,Deep Semi-Supervised Bias Field Correction Of MR Images,,exclude,0.72,fulltext_recovered341,,"wrong_outcome: Develops a novel adversarial deep-learning bias-field correction method evaluated with standard SSIM/PSNR against N4ITK, without a dedicated fidelity/safety-evaluation contribution or failure-mode (hallucination/omission) analysis.",,,FALSE,"{""claude_fulltext_recovered"": ""exclude""}","[""we present an innovative generative approach to address the inverse problem of bias field estimation and removal"", ""we used the structural similarity (SSIM) index and peak signal-to-noise ratio (PSNR) between the corrected and bias-free scans""]",C:/Users/V133280/RMIT University/Thai Pham - StrokeVault/Brain MRI Reconstruction Safety Review - Broad\Full Text Screening\PDF-Retrieved-ALL\Recovered_from_NotRetrieved_341\2021 - Deep Semi-Supervised Bias Field Correction Of MR Images - 10.1109_isbi48211.2021.9433889.pdf,
2026-08-19T17:52:00.109437+00:00,,10.1002/mrm.28793,2021,Deep learning-enhanced T1 mapping with spatial-temporal and physical constraint,,exclude,0.75,fulltext_recovered341,,"wrong_outcome: Proposes and benchmarks a new deep-learning T1-mapping reconstruction method (DAINTY) for accuracy/speed, not a safety/fidelity-evaluation methodology.",,,FALSE,"{""claude_fulltext_recovered"": ""exclude""}","[""A deep learning-enhanced T1 mapping method with spatial-temporal and physical constraint (DAINTY) was proposed"", ""The DAINTY method can generate more accurate T1 maps and higher-quality T1-weighted images compared with other methods""]",C:/Users/V133280/RMIT University/Thai Pham - StrokeVault/Brain MRI Reconstruction Safety Review - Broad\Full Text Screening\PDF-Retrieved-ALL\Recovered_from_NotRetrieved_341\2021 - Deep learning-enhanced T1 mapping with spatial-temporal and physical constraint - 10.1002_mrm.28793.pdf,
2026-08-19T17:52:00.109437+00:00,,10.1002/mrm.28847,2021,Effects of motion and retrospective motion correction on the visualization and quantification of perivascular spaces in ultrahigh resolution T2-weighted images at 7T,,exclude,0.85,fulltext_recovered341,,"wrong_intervention_or_index: Uses classical navigator-based retrospective motion correction (k-space adjustment), not an AI/ML reconstruction method; a CNN is only used downstream for PVSV segmentation.",,,FALSE,"{""claude_fulltext_recovered"": ""exclude""}","[""MC was achieved by adjusting k-space data based on head positions measured using fat navigator images"", ""We used the mono channel version of a fully convoluted neural network to delineate the PVSV masks""]",C:/Users/V133280/RMIT University/Thai Pham - StrokeVault/Brain MRI Reconstruction Safety Review - Broad\Full Text Screening\PDF-Retrieved-ALL\Recovered_from_NotRetrieved_341\2021 - Effects of motion and retrospective motion correction on the visualization and quantification of perivascular spaces in ultrahigh resolution T2-weighted images at 7T - 10.1002_mrm.28847.pdf,
2026-08-19T17:52:00.109437+00:00,,10.1109/embc46164.2021.9630596,2021,Evaluation of EPI Distortion Correction using Synb0-DisCo and Reversed Phase,,include,0.72,fulltext_recovered341+fable_adjudication,"on_topic_recon_safety_eval: The flag questioned whether EPI distortion correction counts as reconstruction; the paper is a dedicated quantitative fidelity evaluation of a U-Net-based synthetic-b0 image-synthesis method on human brain diffusion MRI, benchmarked with MSE and mutual information against a gold-standard reversed-phase (double-blip) correction across b-values. It directly addresses the geometric/anatomical distortion failure mode listed in the criteria and provides an automated fidelity-evaluation baseline for a deep-learning image-generation method in brain MRI.",,,,FALSE,"{""claude_fulltext_recovered"": ""flagged"", ""fable_adjudicator"": ""include""}","[""uses a machine learning framework to create a synthetic b0 undistorted image"", ""This is accomplished by a U-net neural network using as inputs the distorted b0 image and an anatomical T1 weighted image"", ""In absence of double phase encoding b-0 image, Synb0-DisCo proves to be a reliable algorithm to improve susceptibility distortion correction""]",C:/Users/V133280/RMIT University/Thai Pham - StrokeVault/Brain MRI Reconstruction Safety Review - Broad\Full Text Screening\PDF-Retrieved-ALL\Recovered_from_NotRetrieved_341\2021 - Evaluation of EPI Distortion Correction using Synb0-DisCo and Reversed Phase - 10.1109_embc46164.2021.9630596.pdf,
2026-08-19T17:52:00.109437+00:00,,10.1016/j.mri.2021.04.009,2021,GPU based parallel framework for receiver coil sensitivity estimation in SENSE reconstruction,,exclude,0.9,fulltext_recovered341,,"wrong_intervention_or_index: Proposes a GPU-accelerated implementation of a classical Eigen-value SENSE coil-sensitivity estimation algorithm, with no AI/ML component and no fidelity/safety-evaluation contribution.",,,FALSE,"{""claude_fulltext_recovered"": ""exclude""}","[""This work proposes a parallel framework for Eigen-value method of receiver coil sensitivity estimation that exploits its inherent parallelism using Graphics Processing Units (GPUs)""]",C:/Users/V133280/RMIT University/Thai Pham - StrokeVault/Brain MRI Reconstruction Safety Review - Broad\Full Text Screening\PDF-Retrieved-ALL\Recovered_from_NotRetrieved_341\2021 - GPU based parallel framework for receiver coil sensitivity estimation in SENSE reconstruction - 10.1016_j.mri.2021.04.009.pdf,
2026-08-19T17:52:00.109437+00:00,,10.1109/iccmc51019.2021.9418295,2021,Histogram Based Resolution Enhancement of an Image by Using ANN,,exclude,0.78,fulltext_recovered341,,"wrong_outcome: Proposes a histogram-feature ANN super-resolution method for brain MRI images evaluated only with standard PSNR/RMSE, with no fidelity/safety-evaluation or failure-mode analysis contribution.",,,FALSE,"{""claude_fulltext_recovered"": ""exclude""}","[""a neural network based model to increase the resolution based on feature extraction from a single image"", ""the obtained neural network model has improved the PSNR and RMSE""]",C:/Users/V133280/RMIT University/Thai Pham - StrokeVault/Brain MRI Reconstruction Safety Review - Broad\Full Text Screening\PDF-Retrieved-ALL\Recovered_from_NotRetrieved_341\2021 - Histogram Based Resolution Enhancement of an Image by Using ANN - 10.1109_iccmc51019.2021.9418295.pdf,
2026-08-19T17:52:00.109437+00:00,,10.1002/jdn.10144,2021,Hold-out validation for the assessment of stability and reliability of multivariable regression demonstrated with magnetic resonance,,exclude,0.93,fulltext_recovered341,,"out_of_scope: A statistical methods paper on hold-out validation for multivariable regression covariate adjustment in schizophrenia MRI studies, unrelated to AI/ML MRI reconstruction or its fidelity/safety evaluation.",,,FALSE,"{""claude_fulltext_recovered"": ""exclude""}","[""we demonstrate how standard hold-out validation techniques...can be adapted to the assessment of stability and reliability of MVR models""]",C:/Users/V133280/RMIT University/Thai Pham - StrokeVault/Brain MRI Reconstruction Safety Review - Broad\Full Text Screening\PDF-Retrieved-ALL\Recovered_from_NotRetrieved_341\2021 - Hold-out validation for the assessment of stability and reliability of multivariable regression demonstrated with magnetic resonance - 10.1002_jdn.10144.pdf,
2026-08-19T17:52:00.109437+00:00,,10.1109/nss/mic44867.2021.9875877,2021,Implementation and Image Quality Benefit of a Hybrid-Space PET Point Spread,,exclude,0.9,fulltext_recovered341,,"wrong_population: Addresses a classical (non-AI/ML) hybrid-space point-spread-function reconstruction artifact for PET imaging, not MRI, and not AI/ML-based.",,,FALSE,"{""claude_fulltext_recovered"": ""exclude""}","[""We present a method that utilizes PET point spread function (PSF) processing to mitigate these artifacts while preserving image resolution"", ""The effectiveness of the hybrid-space PSF approach is demonstrated with a brain 18F-FDG dataset""]",C:/Users/V133280/RMIT University/Thai Pham - StrokeVault/Brain MRI Reconstruction Safety Review - Broad\Full Text Screening\PDF-Retrieved-ALL\Recovered_from_NotRetrieved_341\2021 - Implementation and Image Quality Benefit of a Hybrid-Space PET Point Spread - 10.1109_nss_mic44867.2021.9875877.pdf,
2026-08-19T17:52:00.109437+00:00,,10.1109/embc46164.2021.9630435,2021,Learning to Generate Missing Pulse Sequence in MRI using DCNN with Visual Turing Test,,include,0.78,fulltext_recovered341,"on_topic_recon_safety_eval: Proposes a DCNN/GAN method to synthesize missing brain tumor MRI pulse sequences and evaluates image fidelity both with automated metrics and a human radiologist/physicist Visual Turing Test, directly relevant to fidelity evaluation of AI/ML-generated brain MRI.",,,,FALSE,"{""claude_fulltext_recovered"": ""include""}","[""employed a deep convolution neural network (CNN) to synthesize multiple missing pulse sequences of brain MRI with tumors"", ""The Radiologist and MR physicist performed the Turing test with 76% accuracy, demonstrating our approach's performance superiority over the prior art""]",C:/Users/V133280/RMIT University/Thai Pham - StrokeVault/Brain MRI Reconstruction Safety Review - Broad\Full Text Screening\PDF-Retrieved-ALL\Recovered_from_NotRetrieved_341\2021 - Learning to Generate Missing Pulse Sequence in MRI using DCNN with Visual Tu - 10.1109_embc46164.2021.9630435.pdf,
2026-08-19T17:52:00.109437+00:00,,10.1002/mrm.28719,2021,MC2-Net - motion correction network for multi-contrast brain MRI,,exclude,0.75,fulltext_recovered341,,"wrong_outcome: Develops a deep-learning motion-correction network for multi-contrast brain MRI evaluated with standard SSIM/mutual-information comparisons against other DL methods, without a dedicated fidelity/safety-evaluation or failure-mode contribution.",,,FALSE,"{""claude_fulltext_recovered"": ""exclude""}","[""A motion-correction network for multi-contrast brain MRI is proposed to correct in-plane rigid motion artifacts in brain MR images using deep learning""]",C:/Users/V133280/RMIT University/Thai Pham - StrokeVault/Brain MRI Reconstruction Safety Review - Broad\Full Text Screening\PDF-Retrieved-ALL\Recovered_from_NotRetrieved_341\2021 - MC2-Net - motion correction network for multi-contrast brain MRI - 10.1002_mrm.28719.pdf,
2026-08-19T17:52:00.109437+00:00,,10.1002/mrm.28560,2021,Multi-band MR fingerprinting (MRF) ASL imaging using artificial-neural-network trained with high-fidelity experimental data,,exclude,0.75,fulltext_recovered341,,"wrong_outcome: Proposes an ANN for faster/more reliable MRF-ASL hemodynamic parameter mapping benchmarked against dictionary matching using standard reliability metrics (CoV, RMSE, ICC), not a fidelity/safety-evaluation methodology contribution.",,,FALSE,"{""claude_fulltext_recovered"": ""exclude""}","[""Deep-learning-based parametric reconstruction improves the reliability of MRF-ASL hemodynamic maps and reduces processing time""]",C:/Users/V133280/RMIT University/Thai Pham - StrokeVault/Brain MRI Reconstruction Safety Review - Broad\Full Text Screening\PDF-Retrieved-ALL\Recovered_from_NotRetrieved_341\2021 - Multi-band MR fingerprinting (MRF) ASL imaging using artificial-neural-network trained with high-fidelity experimental data - 10.1002_mrm.28560.pdf,
2026-08-19T17:52:00.109437+00:00,,10.1109/i2mtc50364.2021.9459960,2021,Multi-layer Convolutional Sparse Coding Framework for Restoration of Under-s,,exclude,0.85,fulltext_recovered341,,"wrong_intervention_or_index: Proposes an AI/ML CS-MRI reconstruction method (multi-layer convolutional sparse coding) itself, but has no fidelity/safety evaluation contribution, hallucination/omission analysis, or automated-judge/evaluation methodology.",,,FALSE,"{""claude_fulltext_recovered"": ""exclude""}","[""we propose a multi-layer convolutional sparse coding (ML-CSC) based framework utilizing layered basis pursuit for CS-MRI reconstruction"", ""The contribution of this work is the implementation of layered basis pursuit instead of global pursuit for finding sparse representations""]",C:/Users/V133280/RMIT University/Thai Pham - StrokeVault/Brain MRI Reconstruction Safety Review - Broad\Full Text Screening\PDF-Retrieved-ALL\Recovered_from_NotRetrieved_341\2021 - Multi-layer Convolutional Sparse Coding Framework for Restoration of Under-s - 10.1109_i2mtc50364.2021.9459960.pdf,
2026-08-19T17:52:00.109437+00:00,,10.1109/cama49227.2021.9703495,2021,Multi-shot Calibration Technique for Microwave Imaging Systems,,exclude,0.95,fulltext_recovered341,,"out_of_scope: Microwave imaging (not MRI) calibration technique for stroke detection, with no AI/ML component and no relevance to evaluating AI-based MRI reconstruction fidelity.",,,FALSE,"{""claude_fulltext_recovered"": ""exclude""}","[""A microwave scanner images an early-stage hemorrhagic stroke in the left parietal lobe, applying a differential imaging algorithm based on the truncated singular value decomposition""]",C:/Users/V133280/RMIT University/Thai Pham - StrokeVault/Brain MRI Reconstruction Safety Review - Broad\Full Text Screening\PDF-Retrieved-ALL\Recovered_from_NotRetrieved_341\2021 - Multi-shot Calibration Technique for Microwave Imaging Systems - 10.1109_cama49227.2021.9703495.pdf,
2026-08-19T17:52:00.109437+00:00,,10.1002/mrm.28814,2021,Multiecho complex total field inversion method (mcTFI) for improved signal modeling in quantitative susceptibility mapping,Magn Reson Med,exclude,0.85,fulltext_recovered341,,wrong_intervention_or_index: Classical (non-AI/ML) Gauss-Newton optimization method for QSM field-to-source inversion; not a deep-learning/generative reconstruction and not a fidelity/safety evaluation methodology.,,,FALSE,"{""claude_fulltext_recovered"": ""exclude""}","[""A multiecho complex total field inversion (mcTFI) method was developed to compute the susceptibility map directly from the multiecho gradient echo images"", ""solved iteratively using the regularized Gauss-Newton Levenberg-Marquardt method""]",C:/Users/V133280/RMIT University/Thai Pham - StrokeVault/Brain MRI Reconstruction Safety Review - Broad\Full Text Screening\PDF-Retrieved-ALL\Recovered_from_NotRetrieved_341\2021 - Multiecho complex total field inversion method (mcTFI) for improved signal modeling in quantitative susceptibility mapping - 10.1002_mrm.28814.pdf,
2026-08-19T17:52:00.109437+00:00,,10.1016/j.jstrokecerebrovasdis.2021.105886,2021,Novel Approaches to Detection of Cerebral Microbleeds Single Deep Learning Model,Journal of Stroke and Cerebrovascular Diseases,exclude,0.85,fulltext_recovered341,,wrong_intervention_or_index: A YOLO-based deep learning detection/classification model for cerebral microbleeds on existing GRE images; it is not an MRI reconstruction method nor a reconstruction fidelity/safety evaluation.,,,FALSE,"{""claude_fulltext_recovered"": ""exclude""}","[""an efficient method for CMB detection in GRE scans is presented"", ""We propose three approaches for automatic CMB detection""]",C:/Users/V133280/RMIT University/Thai Pham - StrokeVault/Brain MRI Reconstruction Safety Review - Broad\Full Text Screening\PDF-Retrieved-ALL\Recovered_from_NotRetrieved_341\2021 - Novel Approaches to Detection of Cerebral Microbleeds Single Deep Learning Model - 10.1016_j.jstrokecerebrovasdis.2021.105886.pdf,
2026-08-19T17:52:00.109437+00:00,,10.1109/nss/mic44867.2021.9875443,2021,Quantitative Evaluation of Synthesized Brain PET Using a Variational Autoenc,,exclude,0.8,fulltext_recovered341,,"wrong_population: Evaluates VAE reconstruction fidelity (PSNR/SSIM) for synthesized brain PET images, not MRI, with no stated transfer to brain MRI reconstruction.",,,FALSE,"{""claude_fulltext_recovered"": ""exclude""}","[""We construct a VAE that is trained on a dataset containing scans of 94 patients with varying degrees / classes of neurodegeneration"", ""Metrics used to assess VAE performance were the peak signal-to-noise ratio (PSNR) and structured similarity index (SSIM)""]",C:/Users/V133280/RMIT University/Thai Pham - StrokeVault/Brain MRI Reconstruction Safety Review - Broad\Full Text Screening\PDF-Retrieved-ALL\Recovered_from_NotRetrieved_341\2021 - Quantitative Evaluation of Synthesized Brain PET Using a Variational Autoenc - 10.1109_nss_mic44867.2021.9875443.pdf,
2026-08-19T17:52:00.109437+00:00,,10.1109/icmss53060.2021.9673647,2021,Reconstruction of Brain MRI Images and Detection of Tumour,,exclude,0.8,fulltext_recovered341,,wrong_intervention_or_index: Uses classical DWT-based image registration and SVM/ANN segmentation for 3D reconstruction and tumor detection; not AI/ML deep-learning reconstruction and no fidelity/safety evaluation contribution.,,,FALSE,"{""claude_fulltext_recovered"": ""exclude""}","[""the image registration, the method used is discrete wavelet transform which is more suitable for medical imaging"", ""The classifier used for the image segmentation is the SVM classifier""]",C:/Users/V133280/RMIT University/Thai Pham - StrokeVault/Brain MRI Reconstruction Safety Review - Broad\Full Text Screening\PDF-Retrieved-ALL\Recovered_from_NotRetrieved_341\2021 - Reconstruction of Brain MRI Images and Detection of Tumour - 10.1109_icmss53060.2021.9673647.pdf,
2026-08-19T17:52:00.109437+00:00,,10.1007/978-3-030-83343-5/2,2021,Revealing Brain Activity and White Matter Structure Using Functional,,exclude,0.9,fulltext_recovered341,,"out_of_scope: A textbook/book-chapter overview of basic fMRI and diffusion-weighted MRI physics and analysis methods, with no AI/ML reconstruction focus and no fidelity/safety evaluation methodology.",,,FALSE,"{""claude_fulltext_recovered"": ""exclude""}","[""This chapter describes the basic principles and methodology of functional and diffusion-weighted MRI"", ""Image Reconstruction ... Physiological Principles of fMRI""]",C:/Users/V133280/RMIT University/Thai Pham - StrokeVault/Brain MRI Reconstruction Safety Review - Broad\Full Text Screening\PDF-Retrieved-ALL\Recovered_from_NotRetrieved_341\2021 - Revealing Brain Activity and White Matter Structure Using Functional - 10.1007_978-3-030-83343-5_2.pdf,
2026-08-19T17:52:00.109437+00:00,,10.1016/j.media.2021.102000,2021,Simultaneous multi-slice image reconstruction using regularized image domain split slice-GRAPPA,Medical Image Analysis,exclude,0.85,fulltext_recovered341,,wrong_intervention_or_index: A classical (non-AI/ML) parallel-imaging (SENSE/GRAPPA-type) SMS reconstruction method for diffusion MRI; no deep learning and no reconstruction-safety/fidelity evaluation methodology beyond standard image-quality metrics for the proposed method itself.,,,FALSE,"{""claude_fulltext_recovered"": ""exclude""}","[""We propose a new approach termed regularized image domain split slice-GRAPPA (RI-SSG), which establishes an optimization framework for SMS reconstruction"", ""The DWIs reconstructed by RI-SSG are closer to the single-band ground truth images than SENSE and SSG""]",C:/Users/V133280/RMIT University/Thai Pham - StrokeVault/Brain MRI Reconstruction Safety Review - Broad\Full Text Screening\PDF-Retrieved-ALL\Recovered_from_NotRetrieved_341\2021 - Simultaneous multi-slice image reconstruction using regularized image domain split slice-GRAPPA - 10.1016_j.media.2021.102000.pdf,
2026-08-19T17:52:00.109437+00:00,,10.1002/mrm.28897,2021,Single-shot pseudo-centric EPI for magnetization-prepared imaging,Magn Reson Med,exclude,0.9,fulltext_recovered341,,wrong_intervention_or_index: A pulse-sequence/acquisition-ordering technique (centric-reordered EPI) with classical distortion correction; no AI/ML reconstruction and no fidelity/safety evaluation contribution.,,,FALSE,"{""claude_fulltext_recovered"": ""exclude""}","[""We proposed a 1sh-CenEPI in which grouped oscillating readout gradients, phase-encoding blips within each group, and big phase-encoding jumps between two consecutive groups are incorporated""]",C:/Users/V133280/RMIT University/Thai Pham - StrokeVault/Brain MRI Reconstruction Safety Review - Broad\Full Text Screening\PDF-Retrieved-ALL\Recovered_from_NotRetrieved_341\2021 - Single-shot pseudo-centric EPI for magnetization-prepared imaging - 10.1002_mrm.28897.pdf,
2026-08-19T17:52:00.109437+00:00,,10.1002/mrm.28536,2021,Three-dimensional Yarnball k-space acquisition for accelerated MRI,Magn Reson Med,exclude,0.9,fulltext_recovered341,,wrong_intervention_or_index: A classical non-Cartesian k-space sampling trajectory (Yarnball) compared to 3D Cones via point-spread-function analysis; no AI/ML component and no reconstruction fidelity/safety evaluation methodology.,,,FALSE,"{""claude_fulltext_recovered"": ""exclude""}","[""To introduce an efficient sampling technique named Yarnball, which may serve as a direct alternative to 3D Cones"", ""The sampling efficiencies of Yarnball and 3D Cones were compared through point spread function analysis""]",C:/Users/V133280/RMIT University/Thai Pham - StrokeVault/Brain MRI Reconstruction Safety Review - Broad\Full Text Screening\PDF-Retrieved-ALL\Recovered_from_NotRetrieved_341\2021 - Three-dimensional Yarnball k-space acquisition for accelerated MRI - 10.1002_mrm.28536.pdf,
2026-08-19T17:52:00.109437+00:00,,10.1016/j.ejmp.2021.10.001,2021,Unexpected external markers artifact in 3D k-space based parallel imaging turbo spin-echo MRI,Physica Medica,exclude,0.75,fulltext_recovered341,,wrong_intervention_or_index: Reports a marker artifact mimicking metastasis from classical (non-AI/ML) k-space-based parallel imaging (GRAPPA/CAIPIRINHA); relevant to hallucinated-pathology artifacts but not an AI/ML reconstruction or an evaluation-method contribution.,,,TRUE,"{""claude_fulltext_recovered"": ""exclude""}","[""Clinical images of a difficult-to-interpret artifact are presented, resembling a metastasis, which occurs when combining CAIPIRINHA k-space-based parallel imaging (PI), 3D distortion correction, and external markers"", ""The sphere observed in the right row is an artifact and not a metastasis""]",C:/Users/V133280/RMIT University/Thai Pham - StrokeVault/Brain MRI Reconstruction Safety Review - Broad\Full Text Screening\PDF-Retrieved-ALL\Recovered_from_NotRetrieved_341\2021 - Unexpected external markers artifact in 3D k-space based parallel imaging turbo spin-echo MRI - 10.1016_j.ejmp.2021.10.001.pdf,
2026-08-19T17:52:00.109437+00:00,,10.1016/j.neucom.2021.05.073,2021,Unsupervised brain tumor segmentation using a symmetric-driven adversarial network,Neurocomputing,exclude,0.85,fulltext_recovered341,,"wrong_outcome: Uses a GAN's reconstruction error as a mechanism for unsupervised brain tumor segmentation, not as a method to evaluate the safety/fidelity of an MRI reconstruction pipeline.",,,FALSE,"{""claude_fulltext_recovered"": ""exclude""}","[""The trained SD-GAN was then used to reconstruct normal brains and to segment brain tumors based on higher reconstruction errors arising from their being unsymmetrical""]",C:/Users/V133280/RMIT University/Thai Pham - StrokeVault/Brain MRI Reconstruction Safety Review - Broad\Full Text Screening\PDF-Retrieved-ALL\Recovered_from_NotRetrieved_341\2021 - Unsupervised brain tumor segmentation using a symmetric-driven adversarial network - 10.1016_j.neucom.2021.05.073.pdf,
2026-08-19T17:52:00.109437+00:00,,10.1109/ccdc52312.2021.9601412,2021,Weighted Sum of Squares Reconstruction Based on Regional Mutual Information,,exclude,0.85,fulltext_recovered341,,wrong_intervention_or_index: Classical (non-AI/ML) coil-combination reconstruction algorithm for parallel MRI based on regional mutual information; no deep learning and no fidelity/safety evaluation methodology.,,,FALSE,"{""claude_fulltext_recovered"": ""exclude""}","[""This paper proposes an improved image reconstruction method called weighted sum of squares (WSOS) based on regional mutual information""]",C:/Users/V133280/RMIT University/Thai Pham - StrokeVault/Brain MRI Reconstruction Safety Review - Broad\Full Text Screening\PDF-Retrieved-ALL\Recovered_from_NotRetrieved_341\2021 - Weighted Sum of Squares Reconstruction Based on Regional Mutual Information - 10.1109_ccdc52312.2021.9601412.pdf,
2026-08-19T17:52:00.109437+00:00,,10.1109/jstqe.2022.3229622,2022,A Spatial-Domain Factor for Sparse-Sampling Circular-View Photoacoustic To,IEEE Journal of Selected Topics in Quantum Electronics,exclude,0.95,fulltext_recovered341,,out_of_scope: Photoacoustic tomography (not MRI) artifact-suppression method using a non-AI/ML spatial-domain factor; no relevance to brain MRI reconstruction fidelity evaluation.,,,FALSE,"{""claude_fulltext_recovered"": ""exclude""}","[""we propose a spatial-domain factor to suppress the streak artifacts and enhance the reconstructed image quality in a sparse sampling C-PAI system""]",C:/Users/V133280/RMIT University/Thai Pham - StrokeVault/Brain MRI Reconstruction Safety Review - Broad\Full Text Screening\PDF-Retrieved-ALL\Recovered_from_NotRetrieved_341\2022 - A Spatial-Domain Factor for Sparse-Sampling Circular-View Photoacoustic To - 10.1109_jstqe.2022.3229622.pdf,
2026-08-19T17:52:00.109437+00:00,,10.1007/s00234-022-03028-2,2022,Accelerated 3D T2-weighted images using compressed sensing,Neuroradiology,exclude,0.75,fulltext_recovered341,,"wrong_intervention_or_index: A clinical image-quality comparison between two classical (non deep-learning) acceleration methods (CAIPIRINHA vs. compressed sensing) for pediatric brain T2WI, with no AI/ML reconstruction and no methodological fidelity/safety evaluation contribution.",,,FALSE,"{""claude_fulltext_recovered"": ""exclude""}","[""The purpose of this study was to compare the image quality of the 3D T2-weighted images accelerated using conventional method (CAI-SPACE) with the images accelerated using compressed sensing (CS-SPACE)"", ""CS achieves accelerated acquisition through nonlinear iterative reconstruction of undersampled k-space data""]",C:/Users/V133280/RMIT University/Thai Pham - StrokeVault/Brain MRI Reconstruction Safety Review - Broad\Full Text Screening\PDF-Retrieved-ALL\Recovered_from_NotRetrieved_341\2022 - Accelerated 3D T2-weighted images using compressed sensing - 10.1007_s00234-022-03028-2.pdf,
2026-08-19T17:52:00.109437+00:00,,10.1109/tbme.2022.3158904,2022,Accelerating MR Parameter Mapping Using Nonlinear Compressive Manifold Lea,,exclude,0.85,fulltext_recovered341,,"wrong_intervention_or_index: Reconstruction uses kernel trick, sparse coding, and split Bregman iteration (classical nonlinear manifold/compressed-sensing model), not AI/ML, and the paper does not center on a fidelity/safety evaluation contribution.",,,FALSE,"{""claude_fulltext_recovered"": ""exclude""}","[""The underlying optimiza- tion problem is solved using kernel trick, sparse coding, and split Bregman iteration algorithm."", ""validated on both phantom and in vivo human brain T2 mapping data""]",C:/Users/V133280/RMIT University/Thai Pham - StrokeVault/Brain MRI Reconstruction Safety Review - Broad\Full Text Screening\PDF-Retrieved-ALL\Recovered_from_NotRetrieved_341\2022 - Accelerating MR Parameter Mapping Using Nonlinear Compressive Manifold Lea - 10.1109_tbme.2022.3158904.pdf,
2026-08-19T17:52:00.109437+00:00,,10.1002/nbm.4695,2022,Calibrationless multi-slice Cartesian MRI via orthogonally alternating phase encoding direction and joint low-rank tensor completion,,exclude,0.85,fulltext_recovered341,,wrong_intervention_or_index: Reconstruction is a classical low-rank Hankel tensor completion (MS-HTC) acquisition/reconstruction scheme with no AI/ML component and no fidelity-evaluation methodology contribution.,,,FALSE,"{""claude_fulltext_recovered"": ""exclude""}","[""They are then jointly reconstructed through a recently developed low-rank multi-slice Hankel tensor com- pletion (MS-HTC) approach.""]",C:/Users/V133280/RMIT University/Thai Pham - StrokeVault/Brain MRI Reconstruction Safety Review - Broad\Full Text Screening\PDF-Retrieved-ALL\Recovered_from_NotRetrieved_341\2022 - Calibrationless multi-slice Cartesian MRI via orthogonally alternating phase encoding direction and joint low-rank tensor completion - 10.1002_nbm.4695.pdf,
2026-08-19T17:52:00.109437+00:00,,10.1109/embc48229.2022.9870940,2022,Clenching-Related Motion Artifacts in fNIRS in the Auditory Cortex,,exclude,0.95,fulltext_recovered341,,"out_of_scope: Study concerns fNIRS motion-artifact denoising (PCA-GLM), an optical neuroimaging modality unrelated to MRI reconstruction.",,,FALSE,"{""claude_fulltext_recovered"": ""exclude""}","[""Functional near-infrared spectroscopy (fNIRS), a non-invasive optical neuroimaging technique""]",C:/Users/V133280/RMIT University/Thai Pham - StrokeVault/Brain MRI Reconstruction Safety Review - Broad\Full Text Screening\PDF-Retrieved-ALL\Recovered_from_NotRetrieved_341\2022 - Clenching-Related Motion Artifacts in fNIRS in the Auditory Cortex - 10.1109_embc48229.2022.9870940.pdf,
2026-08-19T17:52:00.109437+00:00,,10.1016/j.cmpb.2022.107112,2022,Data-driven learning to identify biomarkers in bipolar disorder,,exclude,0.85,fulltext_recovered341,,"out_of_scope: Autoencoder reconstruction error is used as a biomarker-discovery/anomaly-detection tool for bipolar disorder diagnosis, not as an evaluation of AI/ML MRI reconstruction fidelity or safety.",,,FALSE,"{""claude_fulltext_recovered"": ""exclude""}","[""The biomarkers of BD were identiﬁed by the reconstruction errors in each brain region.""]",C:/Users/V133280/RMIT University/Thai Pham - StrokeVault/Brain MRI Reconstruction Safety Review - Broad\Full Text Screening\PDF-Retrieved-ALL\Recovered_from_NotRetrieved_341\2022 - Data-driven learning to identify biomarkers in bipolar disorder - 10.1016_j.cmpb.2022.107112.pdf,
2026-08-19T17:52:00.109437+00:00,,10.1007/s00330-022-08729-z,2022,Deep learning reconstruction for 1.5 T cervical spine MRI,,exclude,0.9,fulltext_recovered341,,"wrong_population: Study evaluates deep learning reconstruction of cervical spine MRI, not brain MRI, with no stated transfer to brain imaging.",,,FALSE,"{""claude_fulltext_recovered"": ""exclude""}","[""Deep learning reconstruction for 1.5 T cervical spine MRI: effect on interobserver agreement in the evaluation of degenerative changes""]",C:/Users/V133280/RMIT University/Thai Pham - StrokeVault/Brain MRI Reconstruction Safety Review - Broad\Full Text Screening\PDF-Retrieved-ALL\Recovered_from_NotRetrieved_341\2022 - Deep learning reconstruction for 1.5 T cervical spine MRI - 10.1007_s00330-022-08729-z.pdf,
2026-08-19T17:52:00.109437+00:00,,10.1007/s00234-022-03053-1,2022,Deep learning reconstruction in pediatric brain MRI comparison of image quality,,include,0.75,fulltext_recovered341,"on_topic_recon_safety_eval: Evaluates a CNN-based deep learning MRI reconstruction (AIR Recon DL) on pediatric brain T2 images against conventional reconstruction, using radiologist scoring of artifacts, noise, and lesion conspicuity as a fidelity/safety evaluation baseline.",,,,FALSE,"{""claude_fulltext_recovered"": ""include""}","[""Deep learning–based MRI reconstruction has recently been introduced to improve image quality."", ""Reviewers were also asked to report if artifacts that were not present in the conventional or original recon- structions were observed in DLR."", ""lesion conspicuity was better with deep learning reconstruction than original reconstruction""]",C:/Users/V133280/RMIT University/Thai Pham - StrokeVault/Brain MRI Reconstruction Safety Review - Broad\Full Text Screening\PDF-Retrieved-ALL\Recovered_from_NotRetrieved_341\2022 - Deep learning reconstruction in pediatric brain MRI comparison of image quality - 10.1007_s00234-022-03053-1.pdf,
2026-08-19T17:52:00.109437+00:00,,10.1016/j.compbiomed.2022.105387,2022,DualMMP-GAN Dual-scale multi-modality perceptual generative adversarial network,,exclude,0.6,fulltext_recovered341,,"out_of_scope: Paper proposes a GAN for cross-modality MR image synthesis and brain tumor segmentation, evaluated with standard PSNR/SSIM/RMSE and Dice metrics, rather than a methodological contribution to evaluating reconstruction safety/fidelity or hallucination risk of AI-based undersampled reconstruction.",,,TRUE,"{""claude_fulltext_recovered"": ""exclude""}","[""a dual-scale multi-modality perceptual generative adversarial network (DualMMP-GAN) is proposed based on cycle-consistent generative adversarial networks"", ""generative multi-modality segmentation (GMMS) combining given modalities with generated modalities is proposed for brain tumor segmentation""]",C:/Users/V133280/RMIT University/Thai Pham - StrokeVault/Brain MRI Reconstruction Safety Review - Broad\Full Text Screening\PDF-Retrieved-ALL\Recovered_from_NotRetrieved_341\2022 - DualMMP-GAN Dual-scale multi-modality perceptual generative adversarial network - 10.1016_j.compbiomed.2022.105387.pdf,
2026-08-19T17:52:00.109437+00:00,,10.1109/ijcnn55064.2022.9892523,2022,Ensemble of CNNs for Sparse-View Cone-Beam Computed Tomography,,exclude,0.85,fulltext_recovered341,,"out_of_scope: Method addresses CNN-based artifact suppression for sparse-view CT (CBCT) reconstruction, a non-MRI modality, with no stated transfer to MRI reconstruction evaluation.",,,FALSE,"{""claude_fulltext_recovered"": ""exclude""}","[""We conducted experiments using head cone-beam Computed Tomography (CBCT) scans extensively used in imaged guided radiotherapy""]",C:/Users/V133280/RMIT University/Thai Pham - StrokeVault/Brain MRI Reconstruction Safety Review - Broad\Full Text Screening\PDF-Retrieved-ALL\Recovered_from_NotRetrieved_341\2022 - Ensemble of CNNs for Sparse-View Cone-Beam Computed Tomography - 10.1109_ijcnn55064.2022.9892523.pdf,
2026-08-19T17:52:00.109437+00:00,,10.1007/s00066-022-01988-1,2022,Evaluation of the ability of the Brainlab Elements Cranial,,exclude,0.85,fulltext_recovered341,,"wrong_intervention_or_index: The Brainlab Cranial Distortion Correction algorithm is a classical spherical-harmonic/geometric correction tool, not an AI/ML-based reconstruction method, so it falls outside the AI/ML-centered inclusion criterion despite addressing geometric fidelity.",,,FALSE,"{""claude_fulltext_recovered"": ""exclude""}","[""We investigated how well the Elements Cranial Distortion Correction algorithm of Brainlab (Munich, Germany) corrects the distortions""]",C:/Users/V133280/RMIT University/Thai Pham - StrokeVault/Brain MRI Reconstruction Safety Review - Broad\Full Text Screening\PDF-Retrieved-ALL\Recovered_from_NotRetrieved_341\2022 - Evaluation of the ability of the Brainlab Elements Cranial - 10.1007_s00066-022-01988-1.pdf,
2026-08-19T17:52:00.109437+00:00,,10.1016/j.jneumeth.2021.109470,2022,Holo-Hilbert spectral-based noise removal method for EEG high-frequency bands,,exclude,0.95,fulltext_recovered341,,"out_of_scope: Paper proposes an EEG denoising method for gamma-band signals, unrelated to MRI image reconstruction.",,,FALSE,"{""claude_fulltext_recovered"": ""exclude""}","[""This paper presents a noise removal method for the gamma band of EEG that is based on the Holo-Hilbert spectral analysis (HHSA)""]",C:/Users/V133280/RMIT University/Thai Pham - StrokeVault/Brain MRI Reconstruction Safety Review - Broad\Full Text Screening\PDF-Retrieved-ALL\Recovered_from_NotRetrieved_341\2022 - Holo-Hilbert spectral-based noise removal method for EEG high-frequency bands - 10.1016_j.jneumeth.2021.109470.pdf,
2026-08-19T17:52:00.109437+00:00,,10.1007/978-3-031-07121-8/10,2022,Image Quality Issues,,exclude,0.85,fulltext_recovered341,,"out_of_scope: Book chapter discusses classical fMRI pulse-sequence artifacts (blurring, distortion, dropout) and EEG-fMRI physics, with no AI/ML reconstruction or fidelity-evaluation methodological contribution.",,,FALSE,"{""claude_fulltext_recovered"": ""exclude""}","[""fMRI Pulse Sequences"", ""10.2.2 Geometric Distortion""]",C:/Users/V133280/RMIT University/Thai Pham - StrokeVault/Brain MRI Reconstruction Safety Review - Broad\Full Text Screening\PDF-Retrieved-ALL\Recovered_from_NotRetrieved_341\2022 - Image Quality Issues - 10.1007_978-3-031-07121-8_10.pdf,
2026-08-19T17:52:00.109437+00:00,,10.1007/978-1-0716-1712-0/20,2022,Imaging Biomarkers in Amyotrophic Lateral Sclerosis,,exclude,0.9,fulltext_recovered341,,out_of_scope: Book chapter reviews clinical/imaging biomarkers for ALS diagnosis and staging with no AI/ML reconstruction method or fidelity-evaluation contribution.,,,FALSE,"{""claude_fulltext_recovered"": ""exclude""}","[""This chapter will summarize the available imaging diagnostic biomarkers to understand the disease pathophysiology""]",C:/Users/V133280/RMIT University/Thai Pham - StrokeVault/Brain MRI Reconstruction Safety Review - Broad\Full Text Screening\PDF-Retrieved-ALL\Recovered_from_NotRetrieved_341\2022 - Imaging Biomarkers in Amyotrophic Lateral Sclerosis - 10.1007_978-1-0716-1712-0_20.pdf,
2026-08-19T17:52:00.109437+00:00,,10.1002/mrm.29314,2022,Improved signal-to-noise performance of MultiNet GRAPPA 1H FID MRSI reconstruction with semi-synthetic calibration data,,include,0.65,fulltext_recovered341,"on_topic_recon_safety_eval: Develops a neural-network-based (MultiNet GRAPPA) reconstruction for accelerated human brain MRSI and evaluates fidelity against fully sampled ground truth using SNR, relative error, and lipid artifact metrics.",,,,TRUE,"{""claude_fulltext_recovered"": ""include""}","[""To further develop MultiNet GRAPPA, a neural-network-based recon- struction, for lower SNR proton MRSI (1H MRSI) data"", ""residual aliasing artifacts from GRAPPA reconstruction errors can result in strong lipid signals being folded into the brain""]",C:/Users/V133280/RMIT University/Thai Pham - StrokeVault/Brain MRI Reconstruction Safety Review - Broad\Full Text Screening\PDF-Retrieved-ALL\Recovered_from_NotRetrieved_341\2022 - Improved signal-to-noise performance of MultiNet GRAPPA 1H FID MRSI reconstruction with semi-synthetic calibration data - 10.1002_mrm.29314.pdf,
2026-08-19T17:52:00.109437+00:00,,10.1016/j.mri.2021.10.038,2022,Improvement of peripheral nerve visualization using a deep learning-based MR reconstruction algorithm,,exclude,0.9,fulltext_recovered341,,"wrong_population: Study evaluates a deep learning MR reconstruction algorithm (DLRecon) for peripheral nerve MR neurography, not brain MRI, with no stated transfer to brain imaging.",,,FALSE,"{""claude_fulltext_recovered"": ""exclude""}","[""Sixty peripheral nerves were prospectively evaluated in 29 patients""]",C:/Users/V133280/RMIT University/Thai Pham - StrokeVault/Brain MRI Reconstruction Safety Review - Broad\Full Text Screening\PDF-Retrieved-ALL\Recovered_from_NotRetrieved_341\2022 - Improvement of peripheral nerve visualization using a deep learning-based MR reconstruction algorithm - 10.1016_j.mri.2021.10.038.pdf,
2026-08-19T17:52:00.109437+00:00,,10.1016/j.jmr.2022.107301,2022,Jointly estimating bias field and reconstructing uniform MRI image by deep learning,,include,0.7,fulltext_recovered341,"on_topic_recon_safety_eval: Proposes a deep learning network (BFCNet) that jointly estimates bias field and reconstructs uniform brain MR images, addressing an intensity-inhomogeneity artifact and evaluating fidelity via SSIM, bias-field correlation with ground truth, and downstream segmentation accuracy.",,,,FALSE,"{""claude_fulltext_recovered"": ""include""}","[""we proposed a deep learning approach to jointly estimate bias ﬁeld and reconstruct uniform image"", ""the segmentation accuracy by 4.1% and 6.8% on white and grey matter in T2-weighted brain images""]",C:/Users/V133280/RMIT University/Thai Pham - StrokeVault/Brain MRI Reconstruction Safety Review - Broad\Full Text Screening\PDF-Retrieved-ALL\Recovered_from_NotRetrieved_341\2022 - Jointly estimating bias field and reconstructing uniform MRI image by deep learning - 10.1016_j.jmr.2022.107301.pdf,
2026-08-19T17:52:00.109437+00:00,,10.1109/tim.2022.3180406,2022,Multifrequency Magnetic Induction Tomography for Hemorrhagic Stroke Detect,,exclude,0.95,fulltext_recovered341,,"wrong_intervention_or_index: Proposes a magnetic induction tomography (not MRI) reconstruction algorithm for hemorrhagic stroke detection, with no AI/ML component and no MRI reconstruction fidelity evaluation.",,,FALSE,"{""claude_fulltext_recovered"": ""exclude""}","[""A weighted frequency difference adaptive thresholding split Bregman (WFD–ATSB) algorithm is proposed here"", ""magnetic induction tomography (MIT), multifrequency, split Bregman""]",C:/Users/V133280/RMIT University/Thai Pham - StrokeVault/Brain MRI Reconstruction Safety Review - Broad\Full Text Screening\PDF-Retrieved-ALL\Recovered_from_NotRetrieved_341\2022 - Multifrequency Magnetic Induction Tomography for Hemorrhagic Stroke Detect - 10.1109_tim.2022.3180406.pdf,
2026-08-19T17:52:00.109437+00:00,,10.1177/09544119221105690,2022,Performance analysis of reshaped Gabor filter for removing the Rician distributed noise in brain MR images,,exclude,0.88,fulltext_recovered341,,"wrong_intervention_or_index: Proposes a classical (non-AI/ML) reshaped Gabor filter for denoising brain MR images, comparing it against other filtering methods rather than evaluating AI-based reconstruction fidelity/safety.",,,FALSE,"{""claude_fulltext_recovered"": ""exclude""}","[""A reshaped Gabor filter-based denoising technique is proposed to overcome these issues"", ""the reshaped Gabor filter, the range of reshaping parameters of the filter is initially obtained by a random search method""]",C:/Users/V133280/RMIT University/Thai Pham - StrokeVault/Brain MRI Reconstruction Safety Review - Broad\Full Text Screening\PDF-Retrieved-ALL\Recovered_from_NotRetrieved_341\2022 - Performance analysis of reshaped Gabor filter for removing the Rician distributed noise in brain MR images - 10.1177_09544119221105690.pdf,
2026-08-19T17:52:00.109437+00:00,,10.1016/j.wneu.2021.09.081,2022,Presurgical Planning with Open-Source Horos Software for Superficial Brain Arteriovenous Malformations,,exclude,0.95,fulltext_recovered341,,out_of_scope: Evaluates manual 3D volume-rendering software for presurgical AVM planning against intraoperative findings; no AI/ML reconstruction method or fidelity-evaluation contribution.,,,FALSE,"{""claude_fulltext_recovered"": ""exclude""}","[""3D rendered images were compared with the surgical view to evaluate software accuracy and determine its value as a preoperative tool"", ""open-source Digital Imaging and Communications in Medicine (DICOM) viewer with the capability to perform 3D volumetric rendering""]",C:/Users/V133280/RMIT University/Thai Pham - StrokeVault/Brain MRI Reconstruction Safety Review - Broad\Full Text Screening\PDF-Retrieved-ALL\Recovered_from_NotRetrieved_341\2022 - Presurgical Planning with Open-Source Horos Software for Superficial Brain Arteriovenous Malformations - 10.1016_j.wneu.2021.09.081.pdf,
2026-08-19T17:52:00.109437+00:00,,10.1002/mrm.29202,2022,Self-navigated prospective motion correction for 3D-EPI acquisition,,exclude,0.9,fulltext_recovered341,,wrong_intervention_or_index: Presents a hardware/pulse-sequence-based prospective motion correction technique for 3D-EPI acquisition with no AI/ML component and no reconstruction-fidelity evaluation methodology.,,,FALSE,"{""claude_fulltext_recovered"": ""exclude""}","[""we present a self-navigated 3D-EPI sequence suitable for prospective motion-corrected functional MRI without additional hardware or pulses"", ""prospective motion correction, real-time, self-navigated 3D EPI, volumetric navigator""]",C:/Users/V133280/RMIT University/Thai Pham - StrokeVault/Brain MRI Reconstruction Safety Review - Broad\Full Text Screening\PDF-Retrieved-ALL\Recovered_from_NotRetrieved_341\2022 - Self-navigated prospective motion correction for 3D-EPI acquisition - 10.1002_mrm.29202.pdf,
2026-08-19T17:52:00.109437+00:00,,10.1117/12.2622233,2022,Self-supervised learning in medical imaging - anomaly detection in MRI using autoencoders,,include,0.62,fulltext_recovered341+fable_adjudication,"on_topic_recon_safety_eval: The flag asked whether this anomaly-detection application belongs; the full text shows an autoencoder that generates a counterfactual healthy-brain reconstruction for each patient, with the residual between original and reconstruction quantifying anatomical deviations, plus an explicit do-operator causal-intervention training scheme - squarely in the review's causal/counterfactual, reconstruction-error-based evaluation comparator class. It is AI/ML-based, evaluated quantitatively on brain MRI (healthy vs tumor reconstruction-error separation), qualifying as a comparable automated fidelity/deviation-evaluation baseline.",,,,FALSE,"{""claude_fulltext_recovered"": ""flagged"", ""fable_adjudicator"": ""include""}","[""the network reconstructs the image of the healthy brain associated with the same patient for each input image"", ""deep NN models and interventional causal models"", ""the image reconstruction error for healthy controls is signiﬁcantly lower than for tumor patients""]",C:/Users/V133280/RMIT University/Thai Pham - StrokeVault/Brain MRI Reconstruction Safety Review - Broad\Full Text Screening\PDF-Retrieved-ALL\Recovered_from_NotRetrieved_341\2022 - Self-supervised learning in medical imaging - anomaly detection in MRI using autoencoders - 10.1117_12.2622233.pdf,
2026-08-19T17:52:00.109437+00:00,,10.1002/mrm.29060,2022,Simultaneous 3D-TOF angiography and 4D-flow MRI with enhanced flow signal using multiple overlapping thin slab acquisition and magnetization transfer,,exclude,0.88,fulltext_recovered341,,wrong_intervention_or_index: Proposes a classical acquisition/compressed-sensing (non-AI/ML) 4D-flow MRI technique with no reconstruction safety/fidelity evaluation methodology contribution.,,,FALSE,"{""claude_fulltext_recovered"": ""exclude""}","[""Each slab was reconstructed independently using SENSE with L1 wavelet regularization"", ""the use of compressed sensing significantly improved visualization of very small vessels and reduced overall noise""]",C:/Users/V133280/RMIT University/Thai Pham - StrokeVault/Brain MRI Reconstruction Safety Review - Broad\Full Text Screening\PDF-Retrieved-ALL\Recovered_from_NotRetrieved_341\2022 - Simultaneous 3D-TOF angiography and 4D-flow MRI with enhanced flow signal using multiple overlapping thin slab acquisition and magnetization transfer - 10.1002_mrm.29060.pdf,
2026-08-19T17:52:00.109437+00:00,,10.1109/jbhi.2022.3143104,2022,Undersampled Multi-Contrast MRI Reconstruction Based on Double-Domain GAN,,exclude,0.75,fulltext_recovered341,,"wrong_outcome: Presents a novel GAN-based multi-contrast MRI reconstruction network benchmarked with routine PSNR/SSIM-type metrics, with no dedicated hallucination/fidelity-failure evaluation methodology contribution.",,,FALSE,"{""claude_fulltext_recovered"": ""exclude""}","[""we introduce a double-domain generative network for the joint reconstruction task"", ""the proposed double-domain network achieves the best score in all the evaluation metrics""]",C:/Users/V133280/RMIT University/Thai Pham - StrokeVault/Brain MRI Reconstruction Safety Review - Broad\Full Text Screening\PDF-Retrieved-ALL\Recovered_from_NotRetrieved_341\2022 - Undersampled Multi-Contrast MRI Reconstruction Based on Double-Domain GAN - 10.1109_jbhi.2022.3143104.pdf,
2026-08-19T17:52:00.109437+00:00,,10.1002/mp.15468,2022,Unsupervised arterial spin labeling image superresolution via multiscale generative adversarial network,,exclude,0.75,fulltext_recovered341,,"wrong_outcome: Proposes a new unsupervised GAN-based ASL super-resolution method evaluated with PSNR/SSIM against interpolation baselines, not a fidelity/safety evaluation methodology contribution.",,,FALSE,"{""claude_fulltext_recovered"": ""exclude""}","[""we proposed an unsupervised superresolution (SR) method to improve ASL image resolution based on a pyramid of generative adversarial networks"", ""achieved signiﬁcantly higher PSNR (p-value < 0.05) and SSIM""]",C:/Users/V133280/RMIT University/Thai Pham - StrokeVault/Brain MRI Reconstruction Safety Review - Broad\Full Text Screening\PDF-Retrieved-ALL\Recovered_from_NotRetrieved_341\2022 - Unsupervised arterial spin labeling image superresolution via multiscale generative adversarial network - 10.1002_mp.15468.pdf,
2026-08-19T17:52:00.109437+00:00,,10.1016/j.jmr.2022.107354,2023,A Joint Group Sparsity-based deep learning for multi-contrast MRI reconstruction,,exclude,0.75,fulltext_recovered341,,"wrong_outcome: Presents a new unrolled deep-learning multi-contrast MRI reconstruction network compared using PSNR/SSIM against baselines, with no dedicated reconstruction safety/fidelity evaluation contribution.",,,FALSE,"{""claude_fulltext_recovered"": ""exclude""}","[""we propose a Joint Group Sparsity-based Network (JGSN) for multi-contrast MRI reconstruction"", ""The numbers indicate the PSNR (unit:dB) and SSIM of the reconstructed images""]",C:/Users/V133280/RMIT University/Thai Pham - StrokeVault/Brain MRI Reconstruction Safety Review - Broad\Full Text Screening\PDF-Retrieved-ALL\Recovered_from_NotRetrieved_341\2023 - A Joint Group Sparsity-based deep learning for multi-contrast MRI reconstruction - 10.1016_j.jmr.2022.107354.pdf,
2026-08-19T17:52:00.109437+00:00,,10.1109/isbi53787.2023.10230366,2023,ASSURED Self-Supervised Deep Decoder Network for Fetus Brain MRI Reconstru,,exclude,0.75,fulltext_recovered341,,"wrong_outcome: Proposes a self-supervised deep-decoder reconstruction technique for fetal brain MRI super-resolution/motion correction, evaluated against state-of-the-art reconstruction baselines rather than as a fidelity/safety-evaluation methodology.",,,FALSE,"{""claude_fulltext_recovered"": ""exclude""}","[""we propose a novel learning-based self-supervised volume reconstruction technique that is robust to slice misalignment and motion artifacts"", ""Experimental results demonstrated that the proposed approach achieved superior fetus brain reconstruction results compared with state-of-the-art methods""]",C:/Users/V133280/RMIT University/Thai Pham - StrokeVault/Brain MRI Reconstruction Safety Review - Broad\Full Text Screening\PDF-Retrieved-ALL\Recovered_from_NotRetrieved_341\2023 - ASSURED Self-Supervised Deep Decoder Network for Fetus Brain MRI Reconstru - 10.1109_isbi53787.2023.10230366.pdf,
2026-08-19T17:52:00.109437+00:00,,10.1109/isbi53787.2023.10230457,2023,Accelerated Motion Correction for MRI Using Score-Based Generative Models,,exclude,0.75,fulltext_recovered341,,"wrong_outcome: Presents a score-based generative model for jointly reconstructing sub-sampled MRI and estimating motion, a novel reconstruction technique rather than a fidelity/safety evaluation methodology.",,,FALSE,"{""claude_fulltext_recovered"": ""exclude""}","[""we propose a framework for jointly reconstructing highly sub-sampled MRI data while estimating patient motion using score-based generative models"", ""We demonstrate our framework on retrospectively accelerated 2D brain MRI corrupted by rigid motion""]",C:/Users/V133280/RMIT University/Thai Pham - StrokeVault/Brain MRI Reconstruction Safety Review - Broad\Full Text Screening\PDF-Retrieved-ALL\Recovered_from_NotRetrieved_341\2023 - Accelerated Motion Correction for MRI Using Score-Based Generative Models - 10.1109_isbi53787.2023.10230457.pdf,
2026-08-19T17:52:00.109437+00:00,,10.1109/nssmicrtsd49126.2023.10338673,2023,Accelerating Direct Normalization Data Acquisition in PET Imaging with DL,,exclude,0.95,fulltext_recovered341,,"wrong_population: Deep-learning normalization-correction method for PET imaging (not MRI), with no transfer to brain MRI reconstruction fidelity evaluation.",,,FALSE,"{""claude_fulltext_recovered"": ""exclude""}","[""Normalization correction is a critical step in image reconstruction for correcting detector efficiency variations...in reconstructed positron emission tomography (PET) images"", ""We propose a deep learning framework that leverages synthetic generation of normalization factors and sensitivity maps to normalize images obtained from an MR-compatible brain PET insert""]",C:/Users/V133280/RMIT University/Thai Pham - StrokeVault/Brain MRI Reconstruction Safety Review - Broad\Full Text Screening\PDF-Retrieved-ALL\Recovered_from_NotRetrieved_341\2023 - Accelerating Direct Normalization Data Acquisition in PET Imaging with DL - 10.1109_nssmicrtsd49126.2023.10338673.pdf,
2026-08-19T17:52:00.109437+00:00,,10.1007/s12559-023-10154-3,2023,An Interpretable Neuro-symbolic Model for Ravens Progressive Matrices,,exclude,0.97,fulltext_recovered341,,"out_of_scope: A cognitive-science neuro-symbolic model for solving abstract visual reasoning puzzles (Raven's Progressive Matrices), unrelated to MRI reconstruction or its safety/fidelity evaluation.",,,FALSE,"{""claude_fulltext_recovered"": ""exclude""}","[""We built a human-like hierarchical neuro-symbolic model to solve RPM problems"", ""achieved state-of-the-art performance on three benchmarks datasets—RAVEN, I-RAVEN, and RAVEN-fair""]",C:/Users/V133280/RMIT University/Thai Pham - StrokeVault/Brain MRI Reconstruction Safety Review - Broad\Full Text Screening\PDF-Retrieved-ALL\Recovered_from_NotRetrieved_341\2023 - An Interpretable Neuro-symbolic Model for Ravens Progressive Matrices - 10.1007_s12559-023-10154-3.pdf,
2026-08-19T17:52:00.109437+00:00,,10.1007/978-981-99-7093-3/35,2023,Brain Tumor Recognition from MRI Using Deep Learning with Data Augmentation,,exclude,0.9,fulltext_recovered341,,"wrong_intervention_or_index: A deep-learning brain tumor classification/recognition study using preprocessing filters and data balancing, not an MRI image-reconstruction method or fidelity/safety evaluation.",,,FALSE,"{""claude_fulltext_recovered"": ""exclude""}","[""this paper proposes an automated system for brain tumor recognition based on deep learning and image processing"", ""the ResNet50 model achieved 99.62% accuracy for 15-class recognition""]",C:/Users/V133280/RMIT University/Thai Pham - StrokeVault/Brain MRI Reconstruction Safety Review - Broad\Full Text Screening\PDF-Retrieved-ALL\Recovered_from_NotRetrieved_341\2023 - Brain Tumor Recognition from MRI Using Deep Learning with Data Augmentation - 10.1007_978-981-99-7093-3_35.pdf,
2026-08-19T17:52:00.109437+00:00,,10.1109/embc40787.2023.10340042,2023,Cycle-consistent GAN for Super-resolution of Brain MRI images,,exclude,0.65,fulltext_recovered341,,"wrong_outcome: Proposes a new cycle-consistent GAN super-resolution model for brain MRI, evaluated with PSNR/SSIM and downstream morphometric/diagnostic-accuracy comparisons as validation of a novel reconstruction method rather than as a dedicated fidelity/safety-evaluation methodology contribution.",,,FALSE,"{""claude_fulltext_recovered"": ""exclude""}","[""we proposed a semi-supervised generative adversarial network (GAN) model for super-resolution of brain MRI, and the synthetic images were evaluated using various quantitative measures"", ""the gap of accuracy in disease diagnosis between synthetic and real HR images was within 5%""]",C:/Users/V133280/RMIT University/Thai Pham - StrokeVault/Brain MRI Reconstruction Safety Review - Broad\Full Text Screening\PDF-Retrieved-ALL\Recovered_from_NotRetrieved_341\2023 - Cycle-consistent GAN for Super-resolution of Brain MRI images - 10.1109_embc40787.2023.10340042.pdf,
2026-08-19T17:52:00.109437+00:00,,10.1007/978-3-031-25928-9/6,2023,Deep Learning Fundamentals,,exclude,0.9,fulltext_recovered341,,"out_of_scope: This is a general introductory textbook chapter on deep learning architectures (CNN, AE, ViT, GAN) for medical image analysis with no focus on evaluating MRI reconstruction safety or fidelity.",,,FALSE,"{""claude_fulltext_recovered"": ""exclude""}","[""6.1 Deep Learning in Medical Imaging"", ""These types of models are a collection of merely complicated mathematical transformations""]",C:/Users/V133280/RMIT University/Thai Pham - StrokeVault/Brain MRI Reconstruction Safety Review - Broad\Full Text Screening\PDF-Retrieved-ALL\Recovered_from_NotRetrieved_341\2023 - Deep Learning Fundamentals - 10.1007_978-3-031-25928-9_6.pdf,
2026-08-19T17:52:00.109437+00:00,,10.1007/s12149-023-01862-9,2023,Deep learning study on the mechanism of edge artifacts in,Annals of Nuclear Medicine,exclude,0.9,fulltext_recovered341,,wrong_intervention_or_index: The study investigates edge artifacts from PSF reconstruction and deep image prior deblurring in numerical brain images for PET (not MRI) reconstruction.,,,FALSE,"{""claude_fulltext_recovered"": ""exclude""}","[""Non-blinded image deblurring with deep learning was performed on blurred numerical brain images"", ""Many positron emission tomography (PET) systems include point spread function (PSF) reconstruction""]",C:/Users/V133280/RMIT University/Thai Pham - StrokeVault/Brain MRI Reconstruction Safety Review - Broad\Full Text Screening\PDF-Retrieved-ALL\Recovered_from_NotRetrieved_341\2023 - Deep learning study on the mechanism of edge artifacts in - 10.1007_s12149-023-01862-9.pdf,
2026-08-19T17:52:00.109437+00:00,,10.1109/cisp-bmei60920.2023.10373394,2023,Design and Evaluation of a Brain Electrical Properties Phantom at 3T,,exclude,0.9,fulltext_recovered341,,"wrong_intervention_or_index: The paper evaluates a phantom and classical (non-AI/ML) H-EPT and Cr-EPT electrical properties tomography reconstruction methods, with no deep learning or AI-based reconstruction fidelity contribution.",,,FALSE,"{""claude_fulltext_recovered"": ""exclude""}","[""conductivity maps of electrical properties array were reconstructed using two types of phase base MREPT method, i.e., H-EPT and Cr-EPT""]",C:/Users/V133280/RMIT University/Thai Pham - StrokeVault/Brain MRI Reconstruction Safety Review - Broad\Full Text Screening\PDF-Retrieved-ALL\Recovered_from_NotRetrieved_341\2023 - Design and Evaluation of a Brain Electrical Properties Phantom at 3T - 10.1109_cisp-bmei60920.2023.10373394.pdf,
2026-08-19T17:52:00.109437+00:00,,10.1109/tmi.2023.3327720,2023,Encoder-Decoder Contrast for Unsupervised Anomaly Detection in Medical Images,IEEE Transactions on Medical Imaging,exclude,0.85,fulltext_recovered341,,"wrong_intervention_or_index: This paper proposes an unsupervised anomaly detection method for diagnostic classification of medical images (including brain MRI), not a method for evaluating the safety or fidelity of AI-based MRI reconstruction.",,,FALSE,"{""claude_fulltext_recovered"": ""exclude""}","[""we propose a novel UAD method, namely Encoder-Decoder Contrast (EDC)"", ""Extensive experiments are conducted across four medical image modalities including optical coherence tomography, color fundus image, brain MRI, and skin lesion image""]",C:/Users/V133280/RMIT University/Thai Pham - StrokeVault/Brain MRI Reconstruction Safety Review - Broad\Full Text Screening\PDF-Retrieved-ALL\Recovered_from_NotRetrieved_341\2023 - Encoder-Decoder Contrast for Unsupervised Anomaly Detection in Medical Images - 10.1109_tmi.2023.3327720.pdf,
2026-08-19T17:52:00.109437+00:00,,10.1002/mrm.29773,2023,Evaluating efficient SENSE algorithms to deblur spiral MRI with fat water separation,Magnetic Resonance in Medicine,exclude,0.9,fulltext_recovered341,,"wrong_intervention_or_index: This is a classical (non-AI/ML) SENSE-based spiral MRI reconstruction algorithm study comparing computational approximations, with no deep learning component or fidelity-evaluation contribution relevant to AI reconstruction safety.",,,FALSE,"{""claude_fulltext_recovered"": ""exclude""}","[""Two approximated spiral MRI reconstruction models were proposed"", ""The performances of the models are evaluated in terms of the computation time and reconstruction error""]",C:/Users/V133280/RMIT University/Thai Pham - StrokeVault/Brain MRI Reconstruction Safety Review - Broad\Full Text Screening\PDF-Retrieved-ALL\Recovered_from_NotRetrieved_341\2023 - Evaluating efficient SENSE algorithms to deblur spiral MRI with fat water separation - 10.1002_mrm.29773.pdf,
2026-08-19T17:52:00.109437+00:00,,10.1109/embc40787.2023.10341040,2023,Exaggerated High-Beta Oscillations and Cortical Thinning at Motor Cortex i,,exclude,0.9,fulltext_recovered341,,"out_of_scope: This is a clinical electrophysiology study correlating ECoG beta oscillations with cortical thickness in Parkinson's disease, with no AI/ML MRI reconstruction or reconstruction-fidelity evaluation contribution.",,,FALSE,"{""claude_fulltext_recovered"": ""exclude""}","[""By comparing electrophysiological measurements with cortical thickness, this study aims to reveal the pathoetiology of disease and symptoms in PD""]",C:/Users/V133280/RMIT University/Thai Pham - StrokeVault/Brain MRI Reconstruction Safety Review - Broad\Full Text Screening\PDF-Retrieved-ALL\Recovered_from_NotRetrieved_341\2023 - Exaggerated High-Beta Oscillations and Cortical Thinning at Motor Cortex i - 10.1109_embc40787.2023.10341040.pdf,
2026-08-19T17:52:00.109437+00:00,,10.1007/978-3-031-43904-9/56,2023,Fast Non-Markovian Diffusion Model for Weakly Supervised Anomaly Detection in Brain MR Images,,exclude,0.8,fulltext_recovered341,,"wrong_intervention_or_index: This paper proposes a diffusion-based weakly supervised anomaly (lesion) detection/segmentation method for brain MRI, not an evaluation of the safety or fidelity of AI-based MRI reconstruction methods.",,,FALSE,"{""claude_fulltext_recovered"": ""exclude""}","[""we propose a fast non-Markovian diﬀusion model (FNDM) with hybrid-condition guidance to detect high-precision anomalies in the brain MR images""]",C:/Users/V133280/RMIT University/Thai Pham - StrokeVault/Brain MRI Reconstruction Safety Review - Broad\Full Text Screening\PDF-Retrieved-ALL\Recovered_from_NotRetrieved_341\2023 - Fast Non-Markovian Diffusion Model for Weakly Supervised Anomaly Detection in Brain MR Images - 10.1007_978-3-031-43904-9_56.pdf,
2026-08-19T17:52:00.109437+00:00,,10.1007/s00234-023-03212-y,2023,Feasibility study of super-resolution deep learning-based reconstruction,Neuroradiology,include,0.85,fulltext_recovered341,"on_topic_recon_safety_eval: This study evaluates an AI/deep learning-based super-resolution MRI reconstruction (SR-DLR) for brain DWI using quantitative fidelity metrics (SNR, CNR, FWHM/blur) and radiologist-rated artifact and quality scoring, directly addressing reconstruction fidelity evaluation.",,,,FALSE,"{""claude_fulltext_recovered"": ""include""}","[""evaluate the influence of super-resolution deep learning-based reconstruction (SR-DLR)... on the quality of images and the quantitation of the apparent diffusion coefficient (ADC)"", ""Two radiologists assessed image noise, contrast, artifacts, blur, and the overall quality of three image types using a four-point scale""]",C:/Users/V133280/RMIT University/Thai Pham - StrokeVault/Brain MRI Reconstruction Safety Review - Broad\Full Text Screening\PDF-Retrieved-ALL\Recovered_from_NotRetrieved_341\2023 - Feasibility study of super-resolution deep learning-based reconstruction - 10.1007_s00234-023-03212-y.pdf,
2026-08-19T17:52:00.109437+00:00,,10.1002/mrm.29468,2023,High-resolution multi-shot diffusion-weighted MRI combining markerless prospective motion correction and locally low-rank constrained reconstruction,Magnetic Resonance in Medicine,exclude,0.85,fulltext_recovered341,,"wrong_intervention_or_index: This work combines prospective motion correction with classical locally low-rank (LLR) constrained reconstruction, a non-AI/ML method, with no deep learning-based reconstruction fidelity evaluation contribution.",,,FALSE,"{""claude_fulltext_recovered"": ""exclude""}","[""we investigate a combined application of prospective motion correction and spatial-angular locally low-rank constrained reconstruction""]",C:/Users/V133280/RMIT University/Thai Pham - StrokeVault/Brain MRI Reconstruction Safety Review - Broad\Full Text Screening\PDF-Retrieved-ALL\Recovered_from_NotRetrieved_341\2023 - High-resolution multi-shot diffusion-weighted MRI combining markerless prospective motion correction and locally low-rank constrained reconstruction - 10.1002_mrm.29468.pdf,
2026-08-19T17:52:00.109437+00:00,,10.1109/euvip58404.2023.10323060,2023,Image quality assessment for MRI Is it up to the task,,background_only,0.8,fulltext_recovered341,,,,"review_for_background: This is a review of MRI image quality assessment (IQA) methods, including AI-based and brain-inspired IQA approaches and their integration with AI reconstruction, directly relevant background for evaluating reconstruction fidelity though not itself a new methodological contribution.",FALSE,"{""claude_fulltext_recovered"": ""background_only""}","[""I then discuss the growing interest in AI-based as well as brain-inspired IQA methods, including their strengths and limitations"", ""The possibility of integrating IQA metrics within AI image reconstruction and processing tools will have major ramifications on IQA for MRI""]",C:/Users/V133280/RMIT University/Thai Pham - StrokeVault/Brain MRI Reconstruction Safety Review - Broad\Full Text Screening\PDF-Retrieved-ALL\Recovered_from_NotRetrieved_341\2023 - Image quality assessment for MRI Is it up to the task - 10.1109_euvip58404.2023.10323060.pdf,
2026-08-19T17:52:00.109437+00:00,,10.1007/s10334-023-01142-7,2023,Improved reconstruction for highly accelerated propeller diffusion 1.5T clinical MRI,"Magnetic Resonance Materials in Physics, Biology and Medicine",include,0.6,fulltext_recovered341,"on_topic_recon_safety_eval: A CNN-based (Residual U-Net) deep learning reconstruction for accelerated propeller diffusion MRI is quantitatively evaluated for fidelity against a classical reconstruction baseline using NRMSE, SSIM, and PSNR on brain scans, providing an automated fidelity evaluation of AI-based MRI reconstruction.",,,,TRUE,"{""claude_fulltext_recovered"": ""include""}","[""we enhanced both the speed and SNR by employing Convolutional Neural Networks (CNNs) for the accelerated PROPELLER FSE-dMRI on a 1.5 T clinical scanner"", ""The performance of trained networks was evaluated with normalized root-mean-square-error (NRMSE), structural similarity index measure (SSIM), and peak SNR (PSNR)""]",C:/Users/V133280/RMIT University/Thai Pham - StrokeVault/Brain MRI Reconstruction Safety Review - Broad\Full Text Screening\PDF-Retrieved-ALL\Recovered_from_NotRetrieved_341\2023 - Improved reconstruction for highly accelerated propeller diffusion 1.5T clinical MRI - 10.1007_s10334-023-01142-7.pdf,
2026-08-19T17:52:00.109437+00:00,,10.1016/j.wneu.2023.03.079,2023,Interrater Reliability of Cervical Neural Foraminal Stenosis Using Traditional and Splayed Reconstructions,World Neurosurgery,exclude,0.95,fulltext_recovered341,,"wrong_population: This study assesses interrater reliability of a classical CT image reformatting technique for cervical spine stenosis, unrelated to brain MRI or AI/ML reconstruction.",,,FALSE,"{""claude_fulltext_recovered"": ""exclude""}","[""Cervical computed tomography (CT) scans from 100 patients were retrospectively collected"", ""The axial slices were reformatted into a curved reformat""]",C:/Users/V133280/RMIT University/Thai Pham - StrokeVault/Brain MRI Reconstruction Safety Review - Broad\Full Text Screening\PDF-Retrieved-ALL\Recovered_from_NotRetrieved_341\2023 - Interrater Reliability of Cervical Neural Foraminal Stenosis Using Traditional and Splayed Reconstructions - 10.1016_j.wneu.2023.03.079.pdf,
2026-08-19T17:52:00.109437+00:00,,10.1002/mrm.29480,2023,Joint K-space and Image-space Parallel Imaging (KIPI) for accelerated chemical exchange saturation transfer acquisition,Magnetic Resonance in Medicine,exclude,0.9,fulltext_recovered341,,wrong_intervention_or_index: This paper develops a classical (GRAPPA/SENSE-based) parallel imaging reconstruction method for CEST acquisition with no AI/ML component or fidelity-safety evaluation contribution.,,,FALSE,"{""claude_fulltext_recovered"": ""exclude""}","[""The KIPI method selects a calibration frame... from which the coil sensitivity profiles and artifact correction maps are calculated after restoring the k-space by GRAPPA""]",C:/Users/V133280/RMIT University/Thai Pham - StrokeVault/Brain MRI Reconstruction Safety Review - Broad\Full Text Screening\PDF-Retrieved-ALL\Recovered_from_NotRetrieved_341\2023 - Joint K-space and Image-space Parallel Imaging (KIPI) for accelerated chemical exchange saturation transfer acquisition - 10.1002_mrm.29480.pdf,
2026-08-19T17:52:00.109437+00:00,,10.1016/j.media.2023.102974,2023,Learning joint surface reconstruction and segmentation from brain images to cortical surface parcellation,Medical Image Analysis,exclude,0.75,fulltext_recovered341,,"wrong_intervention_or_index: This paper proposes a deep learning method for cortical surface reconstruction and parcellation (a post-processing/segmentation task derived from MRI), not evaluation of AI-based image reconstruction from raw/undersampled MRI data fidelity or safety.",,,FALSE,"{""claude_fulltext_recovered"": ""exclude""}","[""we propose SegRecon, an integrated end-to-end deep learning method to jointly reconstruct and segment cortical surfaces directly from an MRI volume in one single step""]",C:/Users/V133280/RMIT University/Thai Pham - StrokeVault/Brain MRI Reconstruction Safety Review - Broad\Full Text Screening\PDF-Retrieved-ALL\Recovered_from_NotRetrieved_341\2023 - Learning joint surface reconstruction and segmentation from brain images to cortical surface parcellation - 10.1016_j.media.2023.102974.pdf,
2026-08-19T17:52:00.109437+00:00,,10.1016/j.compbiomed.2023.106984,2023,Machine learning based dynamic consensus model for predicting blood-brain barrier permeability,Computers in Biology and Medicine,exclude,0.95,fulltext_recovered341,,"out_of_scope: This study builds machine learning models to predict blood-brain barrier permeability of chemical compounds from molecular descriptors, entirely unrelated to MRI reconstruction.",,,FALSE,"{""claude_fulltext_recovered"": ""exclude""}","[""machine learning and deep learning-based predictive models were built using XGboost, Random Forest, Extra-tree classifiers and deep neural network""]",C:/Users/V133280/RMIT University/Thai Pham - StrokeVault/Brain MRI Reconstruction Safety Review - Broad\Full Text Screening\PDF-Retrieved-ALL\Recovered_from_NotRetrieved_341\2023 - Machine learning based dynamic consensus model for predicting blood-brain barrier permeability - 10.1016_j.compbiomed.2023.106984.pdf,
2026-08-19T17:52:00.109437+00:00,,10.1109/tmi.2023.3327295,2023,PETS-Nets - Joint Pose Estimation and Tissue Segmentation of Fetal Brains Using Anatomy-Guided Networks,,exclude,0.9,fulltext_recovered341,,"wrong_intervention_or_index: Proposes a joint pose-estimation/tissue-segmentation deep learning method for fetal brain MRI motion correction, with no fidelity/safety evaluation contribution for AI-based reconstruction.",,,FALSE,"{""claude_fulltext_recovered"": ""exclude""}","[""we propose a novel multi-task learning framework that adopts a coarse-to-fine strategy to jointly learn the pose estimation parameters for motion correction and tissue segmentation map""]",C:/Users/V133280/RMIT University/Thai Pham - StrokeVault/Brain MRI Reconstruction Safety Review - Broad\Full Text Screening\PDF-Retrieved-ALL\Recovered_from_NotRetrieved_341\2023 - PETS-Nets - Joint Pose Estimation and Tissue Segmentation of Fetal Brains Using Anatomy-Guided Networks - 10.1109_tmi.2023.3327295.pdf,
2026-08-19T17:52:00.109437+00:00,,10.1109/tci.2023.3282052,2023,Physics-Based Deep Learning for Imaging Neuronal Activity via Two-Photon a,,exclude,0.95,fulltext_recovered341,,"out_of_scope: Deep-learning light-field/two-photon microscopy reconstruction of mouse brain tissue neuronal activity; non-MRI, animal-only, no fidelity-evaluation contribution for MRI reconstruction.",,,FALSE,"{""claude_fulltext_recovered"": ""exclude""}","[""This work involved human subjects or animals in its research."", ""We experimentally show that in the proposed scenario, our method performs better than typical deep learning and model-based reconstruction strategies for imaging neuronal activity in mammalian brain tissue via LFM""]",C:/Users/V133280/RMIT University/Thai Pham - StrokeVault/Brain MRI Reconstruction Safety Review - Broad\Full Text Screening\PDF-Retrieved-ALL\Recovered_from_NotRetrieved_341\2023 - Physics-Based Deep Learning for Imaging Neuronal Activity via Two-Photon a - 10.1109_tci.2023.3282052.pdf,
2026-08-19T17:52:00.109437+00:00,,10.1002/mrm.29714,2023,Regularized SUPER-CAIPIRINHA - Accelerating 3D variable flip-angle T1 mapping with accurate and efficient reconstruction,,exclude,0.85,fulltext_recovered341,,"wrong_intervention_or_index: Proposes a classical model-based/regularized (non-AI/ML) undersampling and reconstruction algorithm for 3D T1 mapping, not a deep-learning reconstruction fidelity-evaluation method.",,,FALSE,"{""claude_fulltext_recovered"": ""exclude""}","[""The proposed method incorporates strategies of SUPER, controlled aliasing in volumetric parallel imaging (CAIPIRINHA), and total variation-based regularization to accelerate 3D VFA T1 mapping."", ""A proximal algorithm was developed to preserve the computational efficiency of SUPER in the presence of regularization.""]",C:/Users/V133280/RMIT University/Thai Pham - StrokeVault/Brain MRI Reconstruction Safety Review - Broad\Full Text Screening\PDF-Retrieved-ALL\Recovered_from_NotRetrieved_341\2023 - Regularized SUPER-CAIPIRINHA - Accelerating 3D variable flip-angle T1 mapping with accurate and efficient reconstruction - 10.1002_mrm.29714.pdf,
2026-08-19T17:52:00.109437+00:00,,10.1007/s11604-023-01455-6,2023,Reply to the letter to the editor Improved reproducibility,,exclude,0.95,fulltext_recovered341,,"review_editorial_protocol_commentary: Author reply to a letter to the editor about DTI-ALPS index reproducibility, not a methodological contribution to AI/ML reconstruction fidelity evaluation.",,,FALSE,"{""claude_fulltext_recovered"": ""exclude""}","[""LETTER TO THE EDITOR"", ""We thank Dr. Saito et al. for their interest and valuable comments on our recent work""]",C:/Users/V133280/RMIT University/Thai Pham - StrokeVault/Brain MRI Reconstruction Safety Review - Broad\Full Text Screening\PDF-Retrieved-ALL\Recovered_from_NotRetrieved_341\2023 - Reply to the letter to the editor Improved reproducibility - 10.1007_s11604-023-01455-6.pdf,
2026-08-19T17:52:00.109437+00:00,,10.1016/j.compbiomed.2022.106513,2023,SwinGAN A dual-domain Swin Transformer-based generative adversarial network for MRI reconstruction,,exclude,0.7,fulltext_recovered341,,"wrong_intervention_or_index: Proposes a Swin Transformer GAN MRI reconstruction architecture evaluated only via standard PSNR/SSIM benchmarking, with no dedicated safety/fidelity/hallucination evaluation methodology contribution.",,,TRUE,"{""claude_fulltext_recovered"": ""exclude""}","[""we propose a novel Swin Transformer-based dual-domain generative adversarial network (SwinGAN) for accelerated MRI reconstruction"", ""the peak signal-to-noise ratio (PSNR) and structural similarity index measure (SSIM) are improved by 6.1% and 1.49%""]",C:/Users/V133280/RMIT University/Thai Pham - StrokeVault/Brain MRI Reconstruction Safety Review - Broad\Full Text Screening\PDF-Retrieved-ALL\Recovered_from_NotRetrieved_341\2023 - SwinGAN A dual-domain Swin Transformer-based generative adversarial network for MRI reconstruction - 10.1016_j.compbiomed.2022.106513.pdf,
2026-08-19T17:52:00.109437+00:00,,10.1007/s10598-023-09567-4,2023,The Influence of Magnetic Resonance Imaging Artifacts on CNN,,exclude,0.65,fulltext_recovered341,,"wrong_intervention_or_index: Studies how various MRI image-quality degradations (including reconstruction artifacts) affect a CNN brain-cancer diagnosis system's performance, rather than proposing or evaluating a method for assessing AI/ML MRI reconstruction fidelity/safety itself.",,,TRUE,"{""claude_fulltext_recovered"": ""exclude""}","[""we conduct a systematic analysis of this relationship, based on a state-of-art ML diagnosis system, but under different levels of image degradation"", ""reconstruction artifacts associated with lower numbers of measurements, movement artifacts, and so forth""]",C:/Users/V133280/RMIT University/Thai Pham - StrokeVault/Brain MRI Reconstruction Safety Review - Broad\Full Text Screening\PDF-Retrieved-ALL\Recovered_from_NotRetrieved_341\2023 - The Influence of Magnetic Resonance Imaging Artifacts on CNN - 10.1007_s10598-023-09567-4.pdf,
2026-08-19T17:52:00.109437+00:00,,10.1007/s11604-023-01421-2,2023,The improvement technique for reproducibility of diffusion tensor imaging,,exclude,0.95,fulltext_recovered341,,review_editorial_protocol_commentary: A letter to the editor suggesting a harmonization technique for DTI-ALPS reproducibility; no AI/ML reconstruction fidelity-evaluation contribution.,,,FALSE,"{""claude_fulltext_recovered"": ""exclude""}","[""LETTER TO THE EDITOR"", ""I would like to congratulate the authors for their instructive approach in evaluating the ALPS index reproducibility and present a suggestion to improve the reproducibility using harmonization technique""]",C:/Users/V133280/RMIT University/Thai Pham - StrokeVault/Brain MRI Reconstruction Safety Review - Broad\Full Text Screening\PDF-Retrieved-ALL\Recovered_from_NotRetrieved_341\2023 - The improvement technique for reproducibility of diffusion tensor imaging - 10.1007_s11604-023-01421-2.pdf,
2026-08-19T17:52:00.109437+00:00,,10.1109/icicsp59554.2023.10390629,2023,Thickness Estimation of Biological Tissue Sections from Structural Deforma,,exclude,0.95,fulltext_recovered341,,out_of_scope: Deep-learning method to estimate section thickness for volume electron microscopy reconstruction of biological tissue; non-MRI modality with no brain MRI relevance.,,,FALSE,"{""claude_fulltext_recovered"": ""exclude""}","[""Microscopic neural circuit reconstruction is a critical approach to understanding the mechanism of brain function. The mainstream method for acquiring microscopic brain images involves volume electron microscopy (EM) imaging""]",C:/Users/V133280/RMIT University/Thai Pham - StrokeVault/Brain MRI Reconstruction Safety Review - Broad\Full Text Screening\PDF-Retrieved-ALL\Recovered_from_NotRetrieved_341\2023 - Thickness Estimation of Biological Tissue Sections from Structural Deforma - 10.1109_icicsp59554.2023.10390629.pdf,
2026-08-19T17:52:00.109437+00:00,,10.1007/s11042-022-13809-9,2023,Towards artificial intelligence in mental health a comprehensive review,,exclude,0.9,fulltext_recovered341,,"out_of_scope: A survey of AI/ML methods for schizophrenia diagnosis using EEG/sMRI/fMRI classification, unrelated to evaluating the safety or fidelity of AI-based MRI reconstruction.",,,FALSE,"{""claude_fulltext_recovered"": ""exclude""}","[""This paper explores different datasets available for schizophrenia along with the techniques and software used to pre-process the EEG and MR images"", ""The primary objective of this study is to analyze different techniques of AI used for the automated diagnosis of schizophrenia using EEG, sMRI, and fMRI modalities""]",C:/Users/V133280/RMIT University/Thai Pham - StrokeVault/Brain MRI Reconstruction Safety Review - Broad\Full Text Screening\PDF-Retrieved-ALL\Recovered_from_NotRetrieved_341\2023 - Towards artificial intelligence in mental health a comprehensive review - 10.1007_s11042-022-13809-9.pdf,
2026-08-19T17:52:00.109437+00:00,,10.1007/978-3-031-43999-5/66,2023,X2Vision 3D CT Reconstruction from Biplanar X-Rays with Deep Learning,,exclude,0.85,fulltext_recovered341,,wrong_population: Deep generative model reconstructs 3D head-and-neck CT from biplanar X-rays for radiotherapy planning; non-MRI (CT) modality with no brain-MRI transfer or fidelity-evaluation contribution.,,,FALSE,"{""claude_fulltext_recovered"": ""exclude""}","[""We propose an unsupervised deep learning method to reconstruct a 3D tomographic image from biplanar X-rays"", ""We evaluate our method on reconstructing cancer patients' head-and-neck CTs""]",C:/Users/V133280/RMIT University/Thai Pham - StrokeVault/Brain MRI Reconstruction Safety Review - Broad\Full Text Screening\PDF-Retrieved-ALL\Recovered_from_NotRetrieved_341\2023 - X2Vision 3D CT Reconstruction from Biplanar X-Rays with Deep Learning - 10.1007_978-3-031-43999-5_66.pdf,
2026-08-19T17:52:00.109437+00:00,,10.1007/s11042-024-19261-1,2024,A novel method for glioma segmentation and classification,,exclude,0.9,fulltext_recovered341,,wrong_intervention_or_index: Proposes a 3D U-Net/CNN pipeline for glioma segmentation and HGG/LGG classification with a denoising preprocessing step; not a reconstruction fidelity/safety-evaluation method.,,,FALSE,"{""claude_fulltext_recovered"": ""exclude""}","[""We have used a 3D U-Net architecture to acquire spatial relationships and accurately delineate tumor regions from MRI images"", ""For classification of tumors into HGG (high-grade gliomas) and LGG (low-grade gliomas) we created a customized CNN model""]",C:/Users/V133280/RMIT University/Thai Pham - StrokeVault/Brain MRI Reconstruction Safety Review - Broad\Full Text Screening\PDF-Retrieved-ALL\Recovered_from_NotRetrieved_341\2024 - A novel method for glioma segmentation and classification - 10.1007_s11042-024-19261-1.pdf,
2026-08-19T17:52:00.109437+00:00,,10.1007/s00521-024-10690-5,2024,AECT-GAN reconstructing CT from biplane radiographs using adversarial,,exclude,0.7,fulltext_recovered341,,"wrong_intervention_or_index: Primary contribution is a GAN architecture for reconstructing lung CT from biplane radiographs, with brain MRI (IXI) used only secondarily to show generalizability, not as a dedicated fidelity/safety-evaluation study.",,,TRUE,"{""claude_fulltext_recovered"": ""exclude""}","[""Experimental validation on the LIDC-IDRI lung CT dataset has demonstrated our AECT-GAN method's superiority"", ""applying this model to the IXI brain MRI dataset conclusively proves its widespread applicability""]",C:/Users/V133280/RMIT University/Thai Pham - StrokeVault/Brain MRI Reconstruction Safety Review - Broad\Full Text Screening\PDF-Retrieved-ALL\Recovered_from_NotRetrieved_341\2024 - AECT-GAN reconstructing CT from biplane radiographs using adversarial - 10.1007_s00521-024-10690-5.pdf,
2026-08-19T17:52:00.109437+00:00,,10.1109/jbhi.2024.3407116,2024,Accurate Whole-Brain Image Enhancement for Low-Dose Integrated PET-MR Imag,,exclude,0.85,fulltext_recovered341,,"wrong_intervention_or_index: Deep-learning method enhances low-dose PET images using MR-derived spatial anatomical alignment; the reconstructed/enhanced modality is PET, not MRI, so it is out of scope for MRI reconstruction fidelity evaluation.",,,FALSE,"{""claude_fulltext_recovered"": ""exclude""}","[""we proposed a novel 3D network equipped with a spatial brain transform (SBF) module for low-dose whole-brain PET and MR images to synthesize high-quality PET images""]",C:/Users/V133280/RMIT University/Thai Pham - StrokeVault/Brain MRI Reconstruction Safety Review - Broad\Full Text Screening\PDF-Retrieved-ALL\Recovered_from_NotRetrieved_341\2024 - Accurate Whole-Brain Image Enhancement for Low-Dose Integrated PET-MR Imag - 10.1109_jbhi.2024.3407116.pdf,
2026-08-19T17:52:00.109437+00:00,,10.1109/jbhi.2024.3404225,2024,Attention-Based MultiOffset DL Reconstruction of CEST MRI AMO-CEST,,exclude,0.8,fulltext_recovered341,,wrong_population: Deep-learning accelerated reconstruction method for CEST-MRI is evaluated only on a mouse brain dataset with no human-brain relevance or dedicated fidelity/safety evaluation contribution.,,,FALSE,"{""claude_fulltext_recovered"": ""exclude""}","[""We evaluated the proposed method on a mouse brain dataset containing 5760 CEST images acquired at a pre-clinical 3 T MRI scanner""]",C:/Users/V133280/RMIT University/Thai Pham - StrokeVault/Brain MRI Reconstruction Safety Review - Broad\Full Text Screening\PDF-Retrieved-ALL\Recovered_from_NotRetrieved_341\2024 - Attention-Based MultiOffset DL Reconstruction of CEST MRI AMO-CEST - 10.1109_jbhi.2024.3404225.pdf,
2026-08-19T17:52:00.109437+00:00,,10.1109/tnsre.2024.3493862,2024,Automatic Reconstruction of DBS Lead Trajectories From CT Images,,exclude,0.92,fulltext_recovered341,,out_of_scope: Presents a tracking/morphological-analysis framework to reconstruct DBS electrode lead trajectories from CT images; unrelated to AI/ML MRI image reconstruction fidelity evaluation.,,,FALSE,"{""claude_fulltext_recovered"": ""exclude""}","[""This paper presents a novel fully automated framework for reconstructing DBS lead trajectories from postoperative CT images""]",C:/Users/V133280/RMIT University/Thai Pham - StrokeVault/Brain MRI Reconstruction Safety Review - Broad\Full Text Screening\PDF-Retrieved-ALL\Recovered_from_NotRetrieved_341\2024 - Automatic Reconstruction of DBS Lead Trajectories From CT Images - 10.1109_tnsre.2024.3493862.pdf,
2026-08-19T17:52:00.109437+00:00,,10.1109/icced64257.2024.10983356,2024,Automatic Reconstruction of Noisy EEG Channels with Transformer Architec,,exclude,0.95,fulltext_recovered341,,wrong_intervention_or_index: This paper reconstructs noisy EEG channels using a CNN-transformer model; it is not brain MRI reconstruction and has no transfer to MRI safety/fidelity evaluation.,,,FALSE,"{""claude_fulltext_recovered"": ""exclude""}","[""establish an automatic approach for reconstructing noisy EEG channels"", ""EEG signals, on the other hand, are susceptible to a wide variety of noises and artifacts""]",C:/Users/V133280/RMIT University/Thai Pham - StrokeVault/Brain MRI Reconstruction Safety Review - Broad\Full Text Screening\PDF-Retrieved-ALL\Recovered_from_NotRetrieved_341\2024 - Automatic Reconstruction of Noisy EEG Channels with Transformer Architec - 10.1109_icced64257.2024.10983356.pdf,
2026-08-19T17:52:00.109437+00:00,,10.1007/s42835-024-02025-0,2024,Brain Magnetic Resonance Image Inpainting via Deep Edge Region-based GAN,Journal of Electrical Engineering & Technology,exclude,0.6,fulltext_recovered341,,"wrong_outcome: This is a novel GAN-based brain MRI inpainting method evaluated only with standard overlap metrics (Jaccard/Dice) against ground truth, not a dedicated safety/fidelity evaluation methodology comparable to an M-LLM judge approach.",,,TRUE,"{""claude_fulltext_recovered"": ""exclude""}","[""a novel ER-GAN model has been proposed for image inpainting (IIP) Brain MRI images"", ""able to hallucinate edges in missing regions based on the rest of the image's edges and grayscale pixel intensities"", ""the Jaccard Index (JI) and Dice Index (DI) are obtained at 0.78 and 0.84 respectively""]",C:/Users/V133280/RMIT University/Thai Pham - StrokeVault/Brain MRI Reconstruction Safety Review - Broad\Full Text Screening\PDF-Retrieved-ALL\Recovered_from_NotRetrieved_341\2024 - Brain Magnetic Resonance Image Inpainting via Deep Edge Region-based GAN - 10.1007_s42835-024-02025-0.pdf,
2026-08-19T17:52:00.109437+00:00,,10.1007/s11548-024-03128-9,2024,CARS 2024 Computer Assisted Radiology and Surgery Proceedings,International Journal of CARS,exclude,0.9,fulltext_recovered341,,"out_of_scope: This is a conference proceedings preface and committee listing with general commentary on AI model transparency in healthcare, not a methodological contribution to MRI reconstruction safety/fidelity evaluation.",,,FALSE,"{""claude_fulltext_recovered"": ""exclude""}","[""Preface"", ""Assuming that health care is at the beginning of an AI-driven revo- lution"", ""CARS 2024 Program Committee""]",C:/Users/V133280/RMIT University/Thai Pham - StrokeVault/Brain MRI Reconstruction Safety Review - Broad\Full Text Screening\PDF-Retrieved-ALL\Recovered_from_NotRetrieved_341\2024 - CARS 2024 Computer Assisted Radiology and Surgery Proceedings - 10.1007_s11548-024-03128-9.pdf,
2026-08-19T17:52:00.109437+00:00,,10.1109/nss/mic/rtsd57108.2024.10656510,2024,Camera-based Motion Correction for Positron Emission Tomography Brain Imaging,,exclude,0.95,fulltext_recovered341,,"wrong_intervention_or_index: This paper concerns camera-based motion correction for PET brain imaging, not AI/ML-based MRI reconstruction, and does not transfer to MRI fidelity evaluation.",,,FALSE,"{""claude_fulltext_recovered"": ""exclude""}","[""This work presents our camera-based motion correction (MC) solution's latest experimental results"", ""The context of the results presented is in PET imaging""]",C:/Users/V133280/RMIT University/Thai Pham - StrokeVault/Brain MRI Reconstruction Safety Review - Broad\Full Text Screening\PDF-Retrieved-ALL\Recovered_from_NotRetrieved_341\2024 - Camera-based Motion Correction for Positron Emission Tomography Brain Imaging - 10.1109_nss_mic_rtsd57108.2024.10656510.pdf,
2026-08-19T17:52:00.109437+00:00,,10.1109/jbhi.2024.3353272,2024,CorrDiff Corrective Diffusion Model for Accurate MRI Brain Tumor Segmentation,IEEE Journal of Biomedical and Health Informatics,exclude,0.9,fulltext_recovered341,,"wrong_intervention_or_index: This paper proposes a diffusion-based corrective model for brain tumor segmentation, not MRI image reconstruction fidelity/safety evaluation.",,,FALSE,"{""claude_fulltext_recovered"": ""exclude""}","[""we propose a corrective diffusion model for accurate MRI brain tumor segmentation by cor-recting systematic errors"", ""this marks the first application of the diffusion model for correcting systematic segmenta-tion errors""]",C:/Users/V133280/RMIT University/Thai Pham - StrokeVault/Brain MRI Reconstruction Safety Review - Broad\Full Text Screening\PDF-Retrieved-ALL\Recovered_from_NotRetrieved_341\2024 - CorrDiff Corrective Diffusion Model for Accurate MRI Brain Tumor Segmentation - 10.1109_jbhi.2024.3353272.pdf,
2026-08-19T17:52:00.109437+00:00,,10.1007/s12149-024-01986-6,2024,Crossover evaluation of time-of-flight-based attenuation correction,Annals of Nuclear Medicine,exclude,0.95,fulltext_recovered341,,"wrong_intervention_or_index: This is a crossover evaluation of a non-deep-learning, maximum-likelihood attenuation correction method for brain PET, not AI/ML MRI reconstruction.",,,FALSE,"{""claude_fulltext_recovered"": ""exclude""}","[""we used a non-DL-based method in this study"", ""This study assessed the reproducibility of attenuation maps (µ-maps) generated by a specialized time-of-flight (TOF) brain-dedicated PET system""]",C:/Users/V133280/RMIT University/Thai Pham - StrokeVault/Brain MRI Reconstruction Safety Review - Broad\Full Text Screening\PDF-Retrieved-ALL\Recovered_from_NotRetrieved_341\2024 - Crossover evaluation of time-of-flight-based attenuation correction - 10.1007_s12149-024-01986-6.pdf,
2026-08-19T17:52:00.109437+00:00,,10.1016/j.mri.2024.01.007,2024,DCT-net Dual-domain cross-fusion transformer network for MRI reconstruction,Magnetic Resonance Imaging,exclude,0.65,fulltext_recovered341,,"wrong_outcome: This paper proposes a new dual-domain transformer MRI reconstruction algorithm evaluated with standard quantitative image-quality metrics on FastMRI/Calgary-Campinas datasets, without a dedicated safety/fidelity evaluation methodology.",,,TRUE,"{""claude_fulltext_recovered"": ""exclude""}","[""we introduce a pioneering deep learning approach, namely DCT-Net, designed for dual-domain MRI reconstruction"", ""Experimental results on the FastMRI (2023) and Calgary-Campinas datasets (2021) demonstrate the superiority of our MRI reconstruction framework""]",C:/Users/V133280/RMIT University/Thai Pham - StrokeVault/Brain MRI Reconstruction Safety Review - Broad\Full Text Screening\PDF-Retrieved-ALL\Recovered_from_NotRetrieved_341\2024 - DCT-net Dual-domain cross-fusion transformer network for MRI reconstruction - 10.1016_j.mri.2024.01.007.pdf,
2026-08-19T17:52:00.109437+00:00,,10.1016/j.cmpb.2024.108288,2024,Differentiation of glioblastoma from solitary brain metastasis using deep ensembles,Computer Methods and Programs in Biomedicine,exclude,0.9,fulltext_recovered341,,"wrong_intervention_or_index: This paper develops a deep-ensemble diagnostic classifier with uncertainty quantification to differentiate glioblastoma from metastasis, not a method for evaluating AI/ML MRI reconstruction fidelity.",,,FALSE,"{""claude_fulltext_recovered"": ""exclude""}","[""To develop a clinically reliable deep learning model to differentiate glioblastoma (GBM) from solitary brain metastasis (SBM) by providing predictive uncertainty estimates and interpretability""]",C:/Users/V133280/RMIT University/Thai Pham - StrokeVault/Brain MRI Reconstruction Safety Review - Broad\Full Text Screening\PDF-Retrieved-ALL\Recovered_from_NotRetrieved_341\2024 - Differentiation of glioblastoma from solitary brain metastasis using deep ensembles - 10.1016_j.cmpb.2024.108288.pdf,
2026-08-19T17:52:00.109437+00:00,,10.1109/embc53108.2024.10782962,2024,EEG Signal Denoising Using Beta-Variational Autoencoder,,exclude,0.95,fulltext_recovered341,,wrong_intervention_or_index: This paper denoises/reconstructs EEG signals using a beta-VAE; it is not brain MRI reconstruction and does not transfer to MRI fidelity evaluation.,,,FALSE,"{""claude_fulltext_recovered"": ""exclude""}","[""This paper presents a novel method for reconstructing EEG signals using a variant of the variational autoencoder (VAE) called beta-VAE""]",C:/Users/V133280/RMIT University/Thai Pham - StrokeVault/Brain MRI Reconstruction Safety Review - Broad\Full Text Screening\PDF-Retrieved-ALL\Recovered_from_NotRetrieved_341\2024 - EEG Signal Denoising Using Beta-Variational Autoencoder - 10.1109_embc53108.2024.10782962.pdf,
2026-08-19T17:52:00.109437+00:00,,10.1109/jbhi.2024.3504716,2024,EEGDfus A Conditional Diffusion Model for Fine-Grained EEG Denoising,IEEE Journal of Biomedical and Health Informatics,exclude,0.95,fulltext_recovered341,,"wrong_intervention_or_index: This paper proposes a conditional diffusion model for EEG denoising, not brain MRI reconstruction, and does not address MRI fidelity/safety evaluation.",,,FALSE,"{""claude_fulltext_recovered"": ""exclude""}","[""we introduce EEGDfus, a conditional diffusion model for fine-grained EEG denoising from EEG signals""]",C:/Users/V133280/RMIT University/Thai Pham - StrokeVault/Brain MRI Reconstruction Safety Review - Broad\Full Text Screening\PDF-Retrieved-ALL\Recovered_from_NotRetrieved_341\2024 - EEGDfus A Conditional Diffusion Model for Fine-Grained EEG Denoising - 10.1109_jbhi.2024.3504716.pdf,
2026-08-19T17:52:00.109437+00:00,,10.1007/978-3-031-73260-7/10,2024,Enhancing Prenatal Diagnosis Automated Fetal Brain MRI Morphology,,exclude,0.75,fulltext_recovered341,,"wrong_outcome: This paper validates an automated fetal brain MRI morphometry pipeline (using classical NiftyMIC super-resolution reconstruction plus landmark CNNs) against manual measurements for diagnostic accuracy, not a method for evaluating AI/ML reconstruction safety/fidelity such as hallucination or anatomical distortion.",,,TRUE,"{""claude_fulltext_recovered"": ""exclude""}","[""a novel automated fetal brain MRI analysis pipeline based on NiftyMIC brain autosegmentation and 3D SRR"", ""quantitative evaluation on 81 fetuses of the intra- and inter-rater agreement, accuracy of automated morphological measurements""]",C:/Users/V133280/RMIT University/Thai Pham - StrokeVault/Brain MRI Reconstruction Safety Review - Broad\Full Text Screening\PDF-Retrieved-ALL\Recovered_from_NotRetrieved_341\2024 - Enhancing Prenatal Diagnosis Automated Fetal Brain MRI Morphology - 10.1007_978-3-031-73260-7_10.pdf,
2026-08-19T17:52:00.109437+00:00,,10.1109/embc53108.2024.10782023,2024,Ensemble CycleGAN for Retrospective Rigid Motion Correction in MRI,,exclude,0.6,fulltext_recovered341,,"wrong_outcome: This paper proposes a new ensemble CycleGAN algorithm for MRI motion artifact correction, benchmarked only with standard SSIM/NMSE metrics, without a dedicated safety/fidelity evaluation methodology.",,,TRUE,"{""claude_fulltext_recovered"": ""exclude""}","[""This paper introduces a novel Retrospective Motion Correction (RMC) approach using an Ensemble Cycle-consistent Generative Adversarial Network"", ""The method's effectiveness is proven on brain slices, measured by the Structural Similarity Index Measure (SSIM) and Normalized Mean Squared Error (NMSE)""]",C:/Users/V133280/RMIT University/Thai Pham - StrokeVault/Brain MRI Reconstruction Safety Review - Broad\Full Text Screening\PDF-Retrieved-ALL\Recovered_from_NotRetrieved_341\2024 - Ensemble CycleGAN for Retrospective Rigid Motion Correction in MRI - 10.1109_embc53108.2024.10782023.pdf,
2026-08-19T17:52:00.109437+00:00,,10.1109/nss/mic/rtsd57108.2024.10657901,2024,Fast Energy-Based Scatter Correction for 3D TOF-PET on NeuroExplorer,,exclude,0.9,fulltext_recovered341,,"wrong_intervention_or_index: The paper text was withdrawn from IEEE Xplore and, per its title, concerns scatter correction for PET (not MRI), so it does not meet the review's AI/ML brain MRI reconstruction criteria.",,,FALSE,"{""claude_fulltext_recovered"": ""exclude""}","[""This document has been removed from IEEE Xplore as this conference has chosen to implement IEEE's policy on non-presented papers""]",C:/Users/V133280/RMIT University/Thai Pham - StrokeVault/Brain MRI Reconstruction Safety Review - Broad\Full Text Screening\PDF-Retrieved-ALL\Recovered_from_NotRetrieved_341\2024 - Fast Energy-Based Scatter Correction for 3D TOF-PET on NeuroExplorer - 10.1109_nss_mic_rtsd57108.2024.10657901.pdf,
2026-08-19T17:52:00.109437+00:00,,10.1016/j.mri.2024.04.009,2024,Highly compressed SENSE accelerated relaxation-enhanced angiography REACT,Magnetic Resonance Imaging,exclude,0.9,fulltext_recovered341,,"wrong_intervention_or_index: This is a clinical evaluation of a classical (non-AI/ML) compressed-SENSE MR angiography sequence for extracranial arteries in stroke, using iterative L1-norm reconstruction, with no AI/ML fidelity-evaluation contribution.",,,FALSE,"{""claude_fulltext_recovered"": ""exclude""}","[""Compressed SENSE (CS) accelerated (factor 7) 3D isotropic REACT"", ""For reconstruction of images, an iterative L1 norm minimiza-tion was used ensuring data consistency and sparsity in the wavelet domain""]",C:/Users/V133280/RMIT University/Thai Pham - StrokeVault/Brain MRI Reconstruction Safety Review - Broad\Full Text Screening\PDF-Retrieved-ALL\Recovered_from_NotRetrieved_341\2024 - Highly compressed SENSE accelerated relaxation-enhanced angiography REACT - 10.1016_j.mri.2024.04.009.pdf,
2026-08-19T17:52:00.109437+00:00,,10.1109/nss/mic/rtsd57108.2024.10656016,2024,Hybrid motion correction in brain PET combination of external device and data-driven methods,,exclude,0.95,fulltext_recovered341,,"wrong_intervention_or_index: This is a brief abstract on hybrid head motion correction for brain PET imaging (not MRI), with no AI/ML reconstruction fidelity evaluation contribution.",,,FALSE,"{""claude_fulltext_recovered"": ""exclude""}","[""Motion artifacts significantly impact the accuracy of PET brain imaging"", ""This study introduces a hybrid head motion correction (HMC) method implemented on the NeuroEXPLORER system""]",C:/Users/V133280/RMIT University/Thai Pham - StrokeVault/Brain MRI Reconstruction Safety Review - Broad\Full Text Screening\PDF-Retrieved-ALL\Recovered_from_NotRetrieved_341\2024 - Hybrid motion correction in brain PET combination of external device and data-driven methods - 10.1109_nss_mic_rtsd57108.2024.10656016.pdf,
2026-08-19T17:52:00.109437+00:00,,10.1109/tim.2024.3481545,2024,Image Reconstruction With B0 Inhomogeneity Using a Deep Unrolled Network,,include,0.75,fulltext_recovered341,on_topic_recon_safety_eval: Proposes an AI/ML unrolled deep network (RebinNet) that corrects B0 inhomogeneity-induced geometric distortion in brain MRI reconstruction and quantitatively evaluates distortion fidelity against conventional and prior DL baselines.,,,,FALSE,"{""claude_fulltext_recovered"": ""include""}","[""reconstruct distortion-free images from B0 inhomogeneity-corrupted k-space"", ""lowest RMSE (<0.05) and highest SSIM (>0.92)"", ""compared with the conventional regularization algorithm and our recently developed UnUNet method in terms of root-mean-squared error (RMSE), structural similarity (SSIM), residual distortions""]",C:/Users/V133280/RMIT University/Thai Pham - StrokeVault/Brain MRI Reconstruction Safety Review - Broad\Full Text Screening\PDF-Retrieved-ALL\Recovered_from_NotRetrieved_341\2024 - Image Reconstruction With B0 Inhomogeneity Using a Deep Unrolled Network - 10.1109_tim.2024.3481545.pdf,
2026-08-19T17:52:00.109437+00:00,,10.1007/s12046-024-02536-6,2024,Inpainting non-anatomical objects in brain imaging using enhanced techniques,,exclude,0.65,fulltext_recovered341,,"wrong_intervention_or_index: Proposes a deep convolutional autoencoder for inpainting non-anatomical objects (markers/artifacts) in MRI/CT images using generic PSNR/SSIM quality metrics, not a method assessing safety/fidelity failure modes of AI/ML MRI reconstruction such as hallucinated or omitted pathology.",,,FALSE,"{""claude_fulltext_recovered"": ""exclude""}","[""we proposed a deep convolutional autoencoder network with improved parameters as a robust method for inpainting non-anatomical objects in MRI and CT images"", ""unprecedented qualitative and quantitative evaluation with a high inpainting inception score of 10.58, peak signal-to-noise ratio (PSNR) 52.44""]",C:/Users/V133280/RMIT University/Thai Pham - StrokeVault/Brain MRI Reconstruction Safety Review - Broad\Full Text Screening\PDF-Retrieved-ALL\Recovered_from_NotRetrieved_341\2024 - Inpainting non-anatomical objects in brain imaging using enhanced techniques - 10.1007_s12046-024-02536-6.pdf,
2026-08-19T17:52:00.109437+00:00,,10.1109/icccmla63077.2024.10871454,2024,Integrating DCCS-Net for High-Fidelity Watermarking and Tampering Detection,,exclude,0.7,fulltext_recovered341,,"out_of_scope: Focuses on watermark embedding and tampering detection for image authenticity/security in brain scan images, not on evaluating safety or fidelity failure modes of AI/ML MRI reconstruction.",,,FALSE,"{""claude_fulltext_recovered"": ""exclude""}","[""combines the Deep Cascade Compressed Sensing Network (DCCS-Net) with a watermarking and tampering detection framework"", ""The tampering detection process achieves a precision of 0.94531""]",C:/Users/V133280/RMIT University/Thai Pham - StrokeVault/Brain MRI Reconstruction Safety Review - Broad\Full Text Screening\PDF-Retrieved-ALL\Recovered_from_NotRetrieved_341\2024 - Integrating DCCS-Net for High-Fidelity Watermarking and Tampering Detection - 10.1109_icccmla63077.2024.10871454.pdf,
2026-08-19T17:52:00.109437+00:00,,10.1002/mrm.30065,2024,Integrating data distribution prior via Langevin dynamics for end-to-end MR reconstruction,,exclude,0.65,fulltext_recovered341,,"wrong_intervention_or_index: Presents a new deep-learning MR reconstruction algorithm (Langevin dynamics with end-to-end adversarial training) for accelerating MRI, evaluated with generic superiority claims rather than a dedicated safety/fidelity failure-mode evaluation method.",,,FALSE,"{""claude_fulltext_recovered"": ""exclude""}","[""Empirical evaluations conducted on brain and knee datasets compellingly demonstrate the superior performance of the proposed method in terms of artifact removing and detail preserving.""]",C:/Users/V133280/RMIT University/Thai Pham - StrokeVault/Brain MRI Reconstruction Safety Review - Broad\Full Text Screening\PDF-Retrieved-ALL\Recovered_from_NotRetrieved_341\2024 - Integrating data distribution prior via Langevin dynamics for end-to-end MR reconstruction - 10.1002_mrm.30065.pdf,
2026-08-19T17:52:00.109437+00:00,,10.1109/embc53108.2024.10782950,2024,Low-Rank Constrained Reacquired-Navigator Reconstruction of multi-shot DWI,,exclude,0.75,fulltext_recovered341,,wrong_intervention_or_index: Proposes a classical (non-AI/ML) low-rank constrained navigator-based reconstruction algorithm for multi-shot DWI phase-error correction with no deep learning component and no dedicated fidelity-safety evaluation contribution.,,,FALSE,"{""claude_fulltext_recovered"": ""exclude""}","[""we employ algorithms grounded in low-rank constraints, in conjunction with the reacquired navigator-echo data to address the two major phase errors""]",C:/Users/V133280/RMIT University/Thai Pham - StrokeVault/Brain MRI Reconstruction Safety Review - Broad\Full Text Screening\PDF-Retrieved-ALL\Recovered_from_NotRetrieved_341\2024 - Low-Rank Constrained Reacquired-Navigator Reconstruction of multi-shot DWI - 10.1109_embc53108.2024.10782950.pdf,
2026-08-19T17:52:00.109437+00:00,,10.1007/978-3-031-73284-3/18,2024,Low-to-High Frequency Progressive K-Space Learning for MRI Reconstruction,,exclude,0.65,fulltext_recovered341,,"wrong_intervention_or_index: Proposes a cascaded deep k-space learning reconstruction framework (LHFP) for low-field brain MRI evaluated by generic superiority to existing methods, without a dedicated fidelity/safety failure-mode evaluation method.",,,FALSE,"{""claude_fulltext_recovered"": ""exclude""}","[""our method demonstrates superior performance than existing k-space learning methods, and surpasses dual-domain learning methods when combined with a simple image domain denoiser""]",C:/Users/V133280/RMIT University/Thai Pham - StrokeVault/Brain MRI Reconstruction Safety Review - Broad\Full Text Screening\PDF-Retrieved-ALL\Recovered_from_NotRetrieved_341\2024 - Low-to-High Frequency Progressive K-Space Learning for MRI Reconstruction - 10.1007_978-3-031-73284-3_18.pdf,
2026-08-19T17:52:00.109437+00:00,,10.1007/978-3-031-72111-3/32,2024,MICCAI conference chapter,,exclude,0.65,fulltext_recovered341,,"wrong_outcome: Proposes an unsupervised anomaly (lesion) segmentation method using iterative masked reconstruction error, addressing pathology segmentation accuracy rather than assessing safety/fidelity of AI/ML MRI reconstruction methods.",,,FALSE,"{""claude_fulltext_recovered"": ""exclude""}","[""we propose a novel iterative spatial mask-refining strategy IterMask2"", ""segment anomalies based on reconstruction error""]",C:/Users/V133280/RMIT University/Thai Pham - StrokeVault/Brain MRI Reconstruction Safety Review - Broad\Full Text Screening\PDF-Retrieved-ALL\Recovered_from_NotRetrieved_341\2024 - MICCAI conference chapter - 10.1007_978-3-031-72111-3_32.pdf,
2026-08-19T17:52:00.109437+00:00,,10.1109/tmi.2024.3523949,2024,MRI Motion Correction Through Disentangled CycleGAN Based on Multi-Mask K-Space Subsampling,,include,0.6,fulltext_recovered341,"on_topic_recon_safety_eval: Proposes an AI/ML (disentangled CycleGAN) motion-artifact correction method for MRI, addressing geometric/anatomical distortion including in human brain MRI (fastMRI) and quantitatively evaluating fidelity via SSIM, PSNR, KID and FID against baseline correction methods.",,,,FALSE,"{""claude_fulltext_recovered"": ""include""}","[""This method effectively corrects motion artifacts in clinical gadoxetic acid-enhanced human liver MRI, human brain MRI from fastMRI, and preclinical rodent brain MRI."", ""The method's performance was further validated on clinical and preclinical motion-corrupted MRI using the Kernel Inception Distance (KID) and Fréchet Inception Distance (FID) metrics.""]",C:/Users/V133280/RMIT University/Thai Pham - StrokeVault/Brain MRI Reconstruction Safety Review - Broad\Full Text Screening\PDF-Retrieved-ALL\Recovered_from_NotRetrieved_341\2024 - MRI Motion Correction Through Disentangled CycleGAN Based on Multi-Mask K-Space Subsampling - 10.1109_tmi.2024.3523949.pdf,
2026-08-19T17:52:00.109437+00:00,,10.1109/apcap62011.2024.10881654,2024,Microwave Stroke Imaging System using Learning Electric Field Enhancement,,exclude,0.8,fulltext_recovered341,,wrong_population: Uses microwave tomography (not MRI) to reconstruct brain dielectric-constant images for stroke detection; not an MRI reconstruction modality and no described transfer to MRI reconstruction fidelity evaluation.,,,FALSE,"{""claude_fulltext_recovered"": ""exclude""}","[""Microwave tomography is a promising method for stroke detection"", ""reconstruct the dielectric constant of hemorrhagic stroke""]",C:/Users/V133280/RMIT University/Thai Pham - StrokeVault/Brain MRI Reconstruction Safety Review - Broad\Full Text Screening\PDF-Retrieved-ALL\Recovered_from_NotRetrieved_341\2024 - Microwave Stroke Imaging System using Learning Electric Field Enhancement - 10.1109_apcap62011.2024.10881654.pdf,
2026-08-19T17:52:00.109437+00:00,,10.1109/tmi.2024.3435855,2024,Orthogonal Mixed-Effects Modeling for High-Dimensional Longitudinal Data,,exclude,0.8,fulltext_recovered341,,"out_of_scope: Proposes an unsupervised autoencoder trajectory model for longitudinal brain cortical-thickness data to study Alzheimer's disease progression, unrelated to evaluating safety/fidelity of AI/ML MRI image reconstruction.",,,FALSE,"{""claude_fulltext_recovered"": ""exclude""}","[""leverages unsupervised learning to generate latent representations of both global and individual trajectories"", ""evaluated its performance and robustness using longitudinal brain cortical thickness from two Alzheimer's disease (AD) datasets""]",C:/Users/V133280/RMIT University/Thai Pham - StrokeVault/Brain MRI Reconstruction Safety Review - Broad\Full Text Screening\PDF-Retrieved-ALL\Recovered_from_NotRetrieved_341\2024 - Orthogonal Mixed-Effects Modeling for High-Dimensional Longitudinal Data - 10.1109_tmi.2024.3435855.pdf,
2026-08-19T17:52:00.109437+00:00,,10.1109/icassp48485.2024.10447475,2024,Parameter-Efficient Adaptation for Computational Imaging,,exclude,0.6,fulltext_recovered341,,"wrong_intervention_or_index: Proposes a parameter-efficient domain-adaptation technique for accelerated MRI reconstruction networks to handle distribution shift (e.g., brain-to-knee), evaluated via standard PSNR rather than a dedicated safety/fidelity failure-mode assessment method.",,,FALSE,"{""claude_fulltext_recovered"": ""exclude""}","[""we present a simple framework to perform domain adaptation as data and measurement distribution shifts"", ""A reconstruction network trained on brain scans (a) shows poor performance on knee MRI images.""]",C:/Users/V133280/RMIT University/Thai Pham - StrokeVault/Brain MRI Reconstruction Safety Review - Broad\Full Text Screening\PDF-Retrieved-ALL\Recovered_from_NotRetrieved_341\2024 - Parameter-Efficient Adaptation for Computational Imaging - 10.1109_icassp48485.2024.10447475.pdf,
2026-08-19T17:52:00.109437+00:00,,10.1109/tim.2024.3411130,2024,Performance Evaluation of Interference Removal Methods Based on Subspace Projection OPM-MEG,,exclude,0.8,fulltext_recovered341,,"wrong_population: Evaluates background-noise/interference removal algorithms for magnetoencephalography (MEG) signal processing, not MRI image reconstruction, with no transfer to brain MRI reconstruction fidelity.",,,FALSE,"{""claude_fulltext_recovered"": ""exclude""}","[""Magnetoencephalography (MEG) is an important development in the field of noninvasive brain imaging."", ""We investigate six background noise suppression methods""]",C:/Users/V133280/RMIT University/Thai Pham - StrokeVault/Brain MRI Reconstruction Safety Review - Broad\Full Text Screening\PDF-Retrieved-ALL\Recovered_from_NotRetrieved_341\2024 - Performance Evaluation of Interference Removal Methods Based on Subspace Projection OPM-MEG - 10.1109_tim.2024.3411130.pdf,
2026-08-19T17:52:00.109437+00:00,,10.1109/iccit62134.2024.10701250,2024,Performance Evaluation of Medical Image Denoising using Convolutional Autoencoders,,include,0.6,fulltext_recovered341,"on_topic_recon_safety_eval: Evaluates a convolutional autoencoder (AI/ML) denoising method on Brain MRI Scan images across varying noise severities using PSNR/SSIM fidelity metrics, explicitly discussing the risk that denoising removes important features needed for accurate diagnosis.",,,,FALSE,"{""claude_fulltext_recovered"": ""include""}","[""Brain MRI Scan images show moderate denoising suggesting opportunities for improvement."", ""CAEs are effective at reducing noise, they can also remove important features required for accurate classification"", ""precise image fidelity is crucial for accurate diagnosis and analysis""]",C:/Users/V133280/RMIT University/Thai Pham - StrokeVault/Brain MRI Reconstruction Safety Review - Broad\Full Text Screening\PDF-Retrieved-ALL\Recovered_from_NotRetrieved_341\2024 - Performance Evaluation of Medical Image Denoising using Convolutional Autoencoders - 10.1109_iccit62134.2024.10701250.pdf,
2026-08-19T17:52:00.109437+00:00,,10.1007/s00330-023-10318-7,2024,Reducing false positives in deep learning-based brain metastasis,,exclude,0.75,fulltext_recovered341,,"wrong_intervention_or_index: Develops and validates a deep-learning detection model for brain metastasis on already-reconstructed contrast-enhanced MRI, a diagnostic/detection task rather than an evaluation of AI/ML MRI image-reconstruction safety or fidelity.",,,FALSE,"{""claude_fulltext_recovered"": ""exclude""}","[""To develop a deep learning (DL) for detection of brain metastasis (BM)"", ""Sensitivity was similar between GRE DL (93%... and dual-enhanced DL (92%""]",C:/Users/V133280/RMIT University/Thai Pham - StrokeVault/Brain MRI Reconstruction Safety Review - Broad\Full Text Screening\PDF-Retrieved-ALL\Recovered_from_NotRetrieved_341\2024 - Reducing false positives in deep learning-based brain metastasis - 10.1007_s00330-023-10318-7.pdf,
2026-08-19T17:52:00.109437+00:00,,10.1016/j.jneumeth.2023.110038,2024,Removal of electrical stimulus artifact in local field potential recorded from subthalamic nucleus,,exclude,0.85,fulltext_recovered341,,"out_of_scope: Proposes a manifold-denoising algorithm (SMARTA) to remove electrical stimulation artifacts from local field potentials recorded from the subthalamic nucleus during deep brain stimulation; this is electrophysiological signal processing, not MRI image reconstruction.",,,FALSE,"{""claude_fulltext_recovered"": ""exclude""}","[""a novel stimulus artifact removal algorithm based on manifold denoising, termed Shrinkage and Manifold-based Artifact Removal using Template Adaptation (SMARTA)"", ""local field potentials (LFPs) recorded through lead externalization during high-frequency stimulation (HFS)""]",C:/Users/V133280/RMIT University/Thai Pham - StrokeVault/Brain MRI Reconstruction Safety Review - Broad\Full Text Screening\PDF-Retrieved-ALL\Recovered_from_NotRetrieved_341\2024 - Removal of electrical stimulus artifact in local field potential recorded from subthalamic nucleus - 10.1016_j.jneumeth.2023.110038.pdf,
2026-08-19T17:52:00.109437+00:00,,10.1007/s13246-024-01389-x,2024,The effects of distance between the imaging isocenter and brain,,exclude,0.95,fulltext_recovered341,,"wrong_intervention_or_index: This is a phantom/patient CBCT study of isocenter positioning effects on image quality using conventional (non-AI/ML) reconstruction, with no AI/ML component or fidelity-evaluation contribution.",,,FALSE,"{""claude_fulltext_recovered"": ""exclude""}","[""Raw projection data were reconstructed using an iterative CBCT reconstruction algorithm with a standard reconstruction filter"", ""cone-beam computed tomography (CBCT) image quality is essential for ensuring precise patient setup""]",C:/Users/V133280/RMIT University/Thai Pham - StrokeVault/Brain MRI Reconstruction Safety Review - Broad\Full Text Screening\PDF-Retrieved-ALL\Recovered_from_NotRetrieved_341\2024 - The effects of distance between the imaging isocenter and brain - 10.1007_s13246-024-01389-x.pdf,
2026-08-19T17:52:00.109437+00:00,,10.1038/s41596-024-01085-w,2024,Versatile MRI acquisition and processing protocol for population-based neuroimaging,,exclude,0.93,fulltext_recovered341,,"out_of_scope: This is a protocol paper describing MRI acquisition and quality-assurance pipelines for a population cohort study, not a method for evaluating AI/ML-based reconstruction safety or fidelity.",,,FALSE,"{""claude_fulltext_recovered"": ""exclude""}","[""We designed and developed a multipurpose high-resolution MRI protocol for large-scale and long-term population neuroimaging studies"", ""links the acquisition of an extensive set of MRI contrasts directly to the corresponding fully automated data processing pipelines and to the required quality assurance""]",C:/Users/V133280/RMIT University/Thai Pham - StrokeVault/Brain MRI Reconstruction Safety Review - Broad\Full Text Screening\PDF-Retrieved-ALL\Recovered_from_NotRetrieved_341\2024 - Versatile MRI acquisition and processing protocol for population-based neuroimaging - 10.1038_s41596-024-01085-w.pdf,
2026-08-19T17:52:00.109437+00:00,,10.1109/jbhi.2025.3586049,2025,3D Isotropic High-Resolution Fetal Brain MRI Reconstruction From Motion Corrupted Thick Data,IEEE Journal of Biomedical and Health Informatics,include,0.72,fulltext_recovered341,"on_topic_recon_safety_eval: Proposes an unsupervised deep-learning SVR+SRR framework (SUFFICIENT) for fetal brain MRI that explicitly targets fidelity failure modes such as overfitting to slice artifacts and unwanted reconstruction artifacts, benchmarked against SOTA reconstruction methods.",,,,TRUE,"{""claude_fulltext_recovered"": ""include""}","[""SRR methods tend to overfit to slice artifacts...leaving them vulnerable to complications from severe slice artifacts"", ""Experiments on both large-magnitude motion-corrupted simulation data and clinical data have shown that our proposed method outperforms current state-of-the-art fetal brain reconstruction methods""]",C:/Users/V133280/RMIT University/Thai Pham - StrokeVault/Brain MRI Reconstruction Safety Review - Broad\Full Text Screening\PDF-Retrieved-ALL\Recovered_from_NotRetrieved_341\2025 - 3D Isotropic High-Resolution Fetal Brain MRI Reconstruction From Motion Corrupted Thick Data - 10.1109_jbhi.2025.3586049.pdf,
2026-08-19T17:52:00.109437+00:00,,10.1109/tbme.2025.3623140,2025,A Cost-Efficient Multi-Angle Fusion Deep Learning for Ultrasound Localization Microscopy,IEEE Transactions on Biomedical Engineering,exclude,0.94,fulltext_recovered341,,"wrong_intervention_or_index: This is an ultrasound (not MRI) microvascular imaging study across brain, eye, and kidney with no MRI transfer or reconstruction-fidelity evaluation contribution relevant to brain MRI.",,,FALSE,"{""claude_fulltext_recovered"": ""exclude""}","[""AF-UNet demonstrates robust performance across diverse anatomical organs, including brain, eye, and kidney"", ""Ultrasound localization microscopy (ULM) enables super-resolution imaging of microvascular structures""]",C:/Users/V133280/RMIT University/Thai Pham - StrokeVault/Brain MRI Reconstruction Safety Review - Broad\Full Text Screening\PDF-Retrieved-ALL\Recovered_from_NotRetrieved_341\2025 - A Cost-Efficient Multi-Angle Fusion Deep Learning for Ultrasound Localization Microscopy - 10.1109_tbme.2025.3623140.pdf,
2026-08-19T17:52:00.109437+00:00,,10.1109/jbhi.2025.3555813,2025,A Flexible Spatio-Temporal Architecture Design for Artifact Removal in EEG,IEEE Journal of Biomedical and Health Informatics,exclude,0.95,fulltext_recovered341,,"wrong_intervention_or_index: This paper addresses EEG artifact removal, a different modality from MRI, with no reconstruction-fidelity evaluation applicable to brain MRI.",,,FALSE,"{""claude_fulltext_recovered"": ""exclude""}","[""we design a flexible architecture named Artifact removal Spatio-Temporal Integration Network (ASTI-Net)""]",C:/Users/V133280/RMIT University/Thai Pham - StrokeVault/Brain MRI Reconstruction Safety Review - Broad\Full Text Screening\PDF-Retrieved-ALL\Recovered_from_NotRetrieved_341\2025 - A Flexible Spatio-Temporal Architecture Design for Artifact Removal in EEG - 10.1109_jbhi.2025.3555813.pdf,
2026-08-19T17:52:00.109437+00:00,,10.1016/j.neuroscience.2025.02.035,2025,A hybrid network based on multi-scale convolutional neural network and bidirectional GRU for EEG denoising,Neuroscience,exclude,0.95,fulltext_recovered341,,wrong_intervention_or_index: This paper proposes an EEG denoising deep-learning model (MSCGRU); EEG is a different modality from MRI and there is no reconstruction-fidelity contribution transferable to brain MRI.,,,FALSE,"{""claude_fulltext_recovered"": ""exclude""}","[""we propose a hybrid network based on multi-scale CNN and bidirectional gated recurrent unit (MSCGRU)""]",C:/Users/V133280/RMIT University/Thai Pham - StrokeVault/Brain MRI Reconstruction Safety Review - Broad\Full Text Screening\PDF-Retrieved-ALL\Recovered_from_NotRetrieved_341\2025 - A hybrid network based on multi-scale convolutional neural network and bidirectional GRU for EEG denoising - 10.1016_j.neuroscience.2025.02.035.pdf,
2026-08-19T17:52:00.109437+00:00,,10.1007/s00247-025-06314-2,2025,Accelerated brain magnetic resonance imaging with deep learning reconstruction,Pediatric Radiology,include,0.68,fulltext_recovered341,"on_topic_recon_safety_eval: This retrospective study compares AI/ML deep learning reconstruction (DLR) against conventional MRI in pediatric brain imaging using blinded radiologist ratings of image quality, artifacts, and lesion conspicuity/detection, providing a human-evaluation fidelity baseline for AI/ML brain MRI reconstruction.",,,,TRUE,"{""claude_fulltext_recovered"": ""include""}","[""Two pediatric radiologists independently assessed the overall image quality, sharpness, artifacts, noise, and lesion conspicuity"", ""Despite variations in image quality and lesion conspicuity, the lesion detection rates were 100% across all three reconstructions""]",C:/Users/V133280/RMIT University/Thai Pham - StrokeVault/Brain MRI Reconstruction Safety Review - Broad\Full Text Screening\PDF-Retrieved-ALL\Recovered_from_NotRetrieved_341\2025 - Accelerated brain magnetic resonance imaging with deep learning reconstruction - 10.1007_s00247-025-06314-2.pdf,
2026-08-19T17:52:00.109437+00:00,,10.1007/s10334-025-01246-2,2025,Accuracies of four simulation approaches in reproducing motion,"Magnetic Resonance Materials in Physics, Biology and Medicine",exclude,0.75,fulltext_recovered341,,"wrong_intervention_or_index: This study evaluates classical (non-AI/ML) k-space-based motion artifact simulation methods for reproducing morphometric biases in T1-weighted brain MRI, not an AI/ML reconstruction fidelity-evaluation method.",,,TRUE,"{""claude_fulltext_recovered"": ""exclude""}","[""Four simulation approaches were adopted, which differed in terms of whether channel-combined magnitude image or complex multi-channel k-space data were utilized"", ""Motion artifact simulation has multiple applications in MRI research, including generation of motion-corrupted images for training artifact reduction networks""]",C:/Users/V133280/RMIT University/Thai Pham - StrokeVault/Brain MRI Reconstruction Safety Review - Broad\Full Text Screening\PDF-Retrieved-ALL\Recovered_from_NotRetrieved_341\2025 - Accuracies of four simulation approaches in reproducing motion - 10.1007_s10334-025-01246-2.pdf,
2026-08-19T17:52:00.109437+00:00,,10.1007/s42044-025-00350-9,2025,Advancing Alzheimers disease diagnosis a hierarchical vision,Iran Journal of Computer Science,exclude,0.85,fulltext_recovered341,,"wrong_intervention_or_index: This paper's central contribution is a hierarchical Vision Transformer diagnostic classification framework for Alzheimer's staging; the AI/ML denoising and super-resolution components are auxiliary preprocessing steps, not the paper's fidelity/safety evaluation contribution.",,,TRUE,"{""claude_fulltext_recovered"": ""exclude""}","[""The core classification utilizes a hierarchical Vision Transformer (ViT) model to categorize AD stages"", ""this achieves a classification accuracy of 92.4%, surpassing traditional convolutional neural networks""]",C:/Users/V133280/RMIT University/Thai Pham - StrokeVault/Brain MRI Reconstruction Safety Review - Broad\Full Text Screening\PDF-Retrieved-ALL\Recovered_from_NotRetrieved_341\2025 - Advancing Alzheimers disease diagnosis a hierarchical vision - 10.1007_s42044-025-00350-9.pdf,
2026-08-19T17:52:00.109437+00:00,,10.1109/cvpr52734.2025.00492,2025,AeSPa Attention-guided Self-supervised Parallel imaging for MRI Reconstruction,2025 IEEE/CVF Conference on Computer Vision and Pattern Recognition (CVPR),exclude,0.7,fulltext_recovered341,,"wrong_intervention_or_index: This paper proposes a new zero-shot self-supervised MRI reconstruction algorithm evaluated by standard SSIM/reconstruction-quality metrics on knee and brain FastMRI data; it is a reconstruction method paper, not a study whose central contribution is assessing safety/fidelity/hallucination risk of AI reconstruction.",,,TRUE,"{""claude_fulltext_recovered"": ""exclude""}","[""Experimental results on the FastMRI knee and brain datasets with reduction factors of 4 and 8 demonstrate that the proposed method achieves superior reconstruction quality and faster convergence""]",C:/Users/V133280/RMIT University/Thai Pham - StrokeVault/Brain MRI Reconstruction Safety Review - Broad\Full Text Screening\PDF-Retrieved-ALL\Recovered_from_NotRetrieved_341\2025 - AeSPa Attention-guided Self-supervised Parallel imaging for MRI Reconstruction - 10.1109_cvpr52734.2025.00492.pdf,
2026-08-19T17:52:00.109437+00:00,,10.1007/s00330-024-11197-2,2025,Amide proton transfer weighted MRI measurements yield consistent,European Radiology,exclude,0.9,fulltext_recovered341,,"wrong_intervention_or_index: This is a test-retest reliability study of a CEST/APTw imaging biomarker in glioma patients using conventional (non-AI/ML) reconstruction models, not an AI/ML reconstruction fidelity-evaluation study.",,,FALSE,"{""claude_fulltext_recovered"": ""exclude""}","[""The CEST measurements were reconstructed using two models: with and without fluid suppression"", ""Test-retest reliability was assessed using ICC and Bland-Altman plots""]",C:/Users/V133280/RMIT University/Thai Pham - StrokeVault/Brain MRI Reconstruction Safety Review - Broad\Full Text Screening\PDF-Retrieved-ALL\Recovered_from_NotRetrieved_341\2025 - Amide proton transfer weighted MRI measurements yield consistent - 10.1007_s00330-024-11197-2.pdf,
2026-08-19T17:52:00.109437+00:00,,10.1109/conecct65861.2025.11306510,2025,Arterial Spin Labeling-Based CBF Map Generation Using a Vector Quantized VAE,"2025 IEEE International Conference on Electronics, Computing and Communication Technologies (CONECCT)",include,0.65,fulltext_recovered341,"on_topic_recon_safety_eval: Proposes an AI/ML generative (VQVAE) reconstruction of brain ASL CBF perfusion maps from reduced data and quantitatively evaluates reconstruction fidelity/quality (SSIM, MAE, MMD) versus a beta-VAE baseline, addressing brain-MRI-derived image fidelity under acceleration.",,,,TRUE,"{""claude_fulltext_recovered"": ""include""}","[""A Vector Quantized Variational Autoencoder (VQVAE) model is utilized to reconstruct the CBF maps of the entire control-label pair set using CBF maps of fewer control-label pairs"", ""The validation metrics, including Structural Similarity Index (SSIM), Mean Absolute Error (MAE) and Maximum Mean Discrepancy (MMD), reveal better results""]",C:/Users/V133280/RMIT University/Thai Pham - StrokeVault/Brain MRI Reconstruction Safety Review - Broad\Full Text Screening\PDF-Retrieved-ALL\Recovered_from_NotRetrieved_341\2025 - Arterial Spin Labeling-Based CBF Map Generation Using a Vector Quantized VAE - 10.1109_conecct65861.2025.11306510.pdf,
2026-08-19T17:52:00.109437+00:00,,10.1109/jbhi.2025.3626123,2025,Artifact Suppression in OPM-MEG for Parkinsons Disease Patients With DBS Implants,IEEE Journal of Biomedical and Health Informatics,exclude,0.95,fulltext_recovered341,,"wrong_intervention_or_index: This paper addresses OPM-MEG (magnetoencephalography) artifact suppression using a non-AI/ML oblique projection algorithm, a different modality and non-AI/ML method with no relevance to brain MRI reconstruction fidelity.",,,FALSE,"{""claude_fulltext_recovered"": ""exclude""}","[""we describe a novel OPM-MEG interference suppression algorithm called extended homogeneous field correction based on oblique projection (opHFC)""]",C:/Users/V133280/RMIT University/Thai Pham - StrokeVault/Brain MRI Reconstruction Safety Review - Broad\Full Text Screening\PDF-Retrieved-ALL\Recovered_from_NotRetrieved_341\2025 - Artifact Suppression in OPM-MEG for Parkinsons Disease Patients With DBS Implants - 10.1109_jbhi.2025.3626123.pdf,
2026-08-19T17:52:00.109437+00:00,,10.1109/acroset66531.2025.11281289,2025,AttentionGAN Based Super-Resolution for Enhanced Diagnostic Accuracy in MRI,2025 IEEE International Conference on Advances in Computing Research On Science Engineering and Technology (ACROSET),background_only,0.6,fulltext_recovered341,,,,"review_for_background: This is a narrative/tutorial overview tracing GAN-based MRI super-resolution methods (SRGAN to AttentionGAN) and discussing standard fidelity metrics and datasets, without presenting a novel experimental fidelity/safety-evaluation contribution of its own.",TRUE,"{""claude_fulltext_recovered"": ""background_only""}","[""In this paper, we trace the evolution of GAN-based super-resolution methods from SRGAN and ESRGAN to attention-augmented variants"", ""I compared these approaches using standard metrics (PSNR, SSIM) with practical challenges""]",C:/Users/V133280/RMIT University/Thai Pham - StrokeVault/Brain MRI Reconstruction Safety Review - Broad\Full Text Screening\PDF-Retrieved-ALL\Recovered_from_NotRetrieved_341\2025 - AttentionGAN Based Super-Resolution for Enhanced Diagnostic Accuracy in MRI - 10.1109_acroset66531.2025.11281289.pdf,
2026-08-19T17:52:00.109437+00:00,,10.1109/bddm68348.2025.11442193,2025,CAF CrossAttentionFusion for Unsupervised Brain MRI Segmentation,2025 International Conference on Big Data and Data Mining (BDDM),exclude,0.75,fulltext_recovered341,,"wrong_intervention_or_index: This paper proposes a diffusion-based unsupervised anomaly segmentation method for brain MRI tumor detection, evaluated by Dice score on BraTS; its focus is anomaly/lesion segmentation, not the safety or fidelity evaluation of AI/ML MRI reconstruction itself.",,,TRUE,"{""claude_fulltext_recovered"": ""exclude""}","[""We propose a UNet-based diffusion framework enhanced with a Cross-Attention Fusion (CAF) module"", ""Extensive experiments on the BraTS 2021 dataset demonstrate that our method achieves Dice scores of 0.60-0.82""]",C:/Users/V133280/RMIT University/Thai Pham - StrokeVault/Brain MRI Reconstruction Safety Review - Broad\Full Text Screening\PDF-Retrieved-ALL\Recovered_from_NotRetrieved_341\2025 - CAF CrossAttentionFusion for Unsupervised Brain MRI Segmentation - 10.1109_bddm68348.2025.11442193.pdf,
2026-08-19T17:52:00.109437+00:00,,10.1007/s00247-025-06250-1,2025,Clinical evaluation of scout accelerated motion estimation,,exclude,0.85,fulltext_recovered341,,"wrong_intervention_or_index: SAMER is a physics-based generalized forward-model motion correction integrated with SENSE parallel imaging, not an AI/ML-based reconstruction method, so it falls outside the AI/ML-recon scope despite reporting reader-graded motion/artifact scores.",,,FALSE,"{""claude_fulltext_recovered"": ""exclude""}","[""SAMER enhances sensitivity encoding (SENSE) parallel imaging reconstruction by incorporating a generalized forward model that accounts for motion effects."", ""reviewed side-by-side by two board-certified neuroradiologists in a blinded manner and graded for motion artifacts using a 5-point scale""]",C:/Users/V133280/RMIT University/Thai Pham - StrokeVault/Brain MRI Reconstruction Safety Review - Broad\Full Text Screening\PDF-Retrieved-ALL\Recovered_from_NotRetrieved_341\2025 - Clinical evaluation of scout accelerated motion estimation - 10.1007_s00247-025-06250-1.pdf,
2026-08-19T17:52:00.109437+00:00,,10.1109/tbme.2025.3630112,2025,Contrast-Based Artifact Removal Enables Microstate Analysis in Ambulatory EEG,,exclude,0.97,fulltext_recovered341,,"wrong_population: This is an EEG artifact-removal method (generalized eigen-decomposition) for ambulatory microstate analysis, unrelated to brain MRI reconstruction.",,,FALSE,"{""claude_fulltext_recovered"": ""exclude""}","[""a novel method using generalized eigen-decomposition (GED) for artifact removal"", ""validated this approach using semi-simulated and real artifactual EEG collected during walking and jogging""]",C:/Users/V133280/RMIT University/Thai Pham - StrokeVault/Brain MRI Reconstruction Safety Review - Broad\Full Text Screening\PDF-Retrieved-ALL\Recovered_from_NotRetrieved_341\2025 - Contrast-Based Artifact Removal Enables Microstate Analysis in Ambulatory EEG - 10.1109_tbme.2025.3630112.pdf,
2026-08-19T17:52:00.109437+00:00,,10.1109/tbme.2025.3543403,2025,DEISM - Deep Reconstruction Framework With Self-Calibration Mechanisms for Accelerated Chemical Exchange Saturation Transfer Imaging,,include,0.55,fulltext_recovered341,"on_topic_recon_safety_eval: Proposes a deep-learning CEST brain MRI reconstruction framework with a dedicated artifact-estimation/correction module and evaluates residual-artifact fidelity on healthy volunteers and brain tumor patients, providing a fidelity-evaluation contribution for AI-based reconstruction.",,,,TRUE,"{""claude_fulltext_recovered"": ""include""}","[""a data-driven artifact suppression (AS) network that estimates and corrects the residual artifacts in a self-calibrated manner"", ""evaluated its performance on both healthy volunteers and brain tumor patients, using retrospectively or prospectively undersampled data""]",C:/Users/V133280/RMIT University/Thai Pham - StrokeVault/Brain MRI Reconstruction Safety Review - Broad\Full Text Screening\PDF-Retrieved-ALL\Recovered_from_NotRetrieved_341\2025 - DEISM - Deep Reconstruction Framework With Self-Calibration Mechanisms for Accelerated Chemical Exchange Saturation Transfer Imaging - 10.1109_tbme.2025.3543403.pdf,
2026-08-19T17:52:00.109437+00:00,,10.1109/tim.2025.3554283,2025,DGDOT-Net A Deep Generative Model With Attention Fusion for Diffuse Optical Tomography,,exclude,0.95,fulltext_recovered341,,"wrong_population: This work reconstructs functional near-infrared spectroscopy/diffuse optical tomography (fNIRS/DOT) data, an optical (non-MRI) imaging modality, with no MRI transfer.",,,FALSE,"{""claude_fulltext_recovered"": ""exclude""}","[""Functional near-infrared spectroscopy (fNIRS) noninvasively evaluates the optical properties of target tissues"", ""This article introduces a deep generative model, DGDOT-Net... to enhance the imaging resolution and robustness""]",C:/Users/V133280/RMIT University/Thai Pham - StrokeVault/Brain MRI Reconstruction Safety Review - Broad\Full Text Screening\PDF-Retrieved-ALL\Recovered_from_NotRetrieved_341\2025 - DGDOT-Net A Deep Generative Model With Attention Fusion for Diffuse Optical Tomography - 10.1109_tim.2025.3554283.pdf,
2026-08-19T17:52:00.109437+00:00,,10.1109/tnnls.2025.3581991,2025,DMAE-EEG A Pretraining Framework for EEG Spatiotemporal Representation Learning,,exclude,0.97,fulltext_recovered341,,"wrong_population: A self-supervised denoising masked-autoencoder pretraining framework for EEG signal quality enhancement and motor-intention decoding, unrelated to MRI reconstruction.",,,FALSE,"{""claude_fulltext_recovered"": ""exclude""}","[""a denoising masked autoencoder for mining generalizable spatiotemporal representation from massive unlabeled EEG"", ""validated on both generative (signal quality enhancement) and discriminative tasks (motion intention recognition)""]",C:/Users/V133280/RMIT University/Thai Pham - StrokeVault/Brain MRI Reconstruction Safety Review - Broad\Full Text Screening\PDF-Retrieved-ALL\Recovered_from_NotRetrieved_341\2025 - DMAE-EEG A Pretraining Framework for EEG Spatiotemporal Representation Learning - 10.1109_tnnls.2025.3581991.pdf,
2026-08-19T17:52:00.109437+00:00,,10.3174/ajnr.a8841,2025,Deep Learning Reconstruction for 7T MP2RAGE and SPACE MRI - Improving Image Quality at High Acceleration Factors,,include,0.85,fulltext_recovered341,"on_topic_recon_safety_eval: Evaluates a deep-learning brain MRI reconstruction technique at 7T against conventional CS/CAIPIRINHA reconstruction using blinded neuroradiologist grading of artifacts, sharpness and structural conspicuity plus quantitative CNR/noise, directly addressing AI-recon fidelity evaluation.",,,,FALSE,"{""claude_fulltext_recovered"": ""include""}","[""Image quality was independently assessed by 2 neuroradiologists by using a 5-point Likert scale, which included overall image quality, artifacts, sharpness, structural conspicuity, and noise level"", ""DL-based reconstruction significantly enhanced image quality compared with conventional reconstruction without introducing image artifacts""]",C:/Users/V133280/RMIT University/Thai Pham - StrokeVault/Brain MRI Reconstruction Safety Review - Broad\Full Text Screening\PDF-Retrieved-ALL\Recovered_from_NotRetrieved_341\2025 - Deep Learning Reconstruction for 7T MP2RAGE and SPACE MRI - Improving Image Quality at High Acceleration Factors - 10.3174_ajnr.a8841.pdf,
2026-08-19T17:52:00.109437+00:00,,10.1109/isbi60581.2025.10981106,2025,Deep Scrubbing A Reconstruction-Based Approach for Automatic and Adaptive fMRI Denoising,,exclude,0.75,fulltext_recovered341,,"out_of_scope: This is a reconstruction-error-based anomaly-detection method for scrubbing motion-contaminated fMRI time-series volumes to improve functional-connectivity reliability, not an evaluation of AI-based structural image reconstruction fidelity or hallucination/omission of pathology.",,,TRUE,"{""claude_fulltext_recovered"": ""exclude""}","[""a novel, parameter-free, automatic, learning-based scrubbing method for fMRI spatiotemporal anomaly detection"", ""reconstruction errors are used to identify noise or artifacts, allowing for selective removal of contaminated volumes""]",C:/Users/V133280/RMIT University/Thai Pham - StrokeVault/Brain MRI Reconstruction Safety Review - Broad\Full Text Screening\PDF-Retrieved-ALL\Recovered_from_NotRetrieved_341\2025 - Deep Scrubbing A Reconstruction-Based Approach for Automatic and Adaptive fMRI Denoising - 10.1109_isbi60581.2025.10981106.pdf,
2026-08-19T17:52:00.109437+00:00,,10.1109/bibm66473.2025.11356842,2025,Deep Self-Attention Enhanced Multi-Attribute Constrained Matrix Factorization,,exclude,0.9,fulltext_recovered341,,"out_of_scope: This is an imaging-genetics biomarker-discovery framework for Alzheimer's disease using autoencoder reconstruction loss purely as a feature-learning objective, not a study of AI-based MRI reconstruction fidelity/safety.",,,FALSE,"{""claude_fulltext_recovered"": ""exclude""}","[""Deep Self-Attention Enhanced Multi-Attribute Constrained Joint Non-negative Matrix Factorization (DSAE-MACJNMF) framework"", ""identifies key AD-related brain regions... and genes... providing novel biomarkers""]",C:/Users/V133280/RMIT University/Thai Pham - StrokeVault/Brain MRI Reconstruction Safety Review - Broad\Full Text Screening\PDF-Retrieved-ALL\Recovered_from_NotRetrieved_341\2025 - Deep Self-Attention Enhanced Multi-Attribute Constrained Matrix Factorization - 10.1109_bibm66473.2025.11356842.pdf,
2026-08-19T17:52:00.109437+00:00,,10.1109/icicis66182.2025.11313176,2025,Deep Super-Resolution and Age Prediction for Brain MRI Using SRCNN,,include,0.75,fulltext_recovered341,on_topic_recon_safety_eval: Proposes a deep-learning super-resolution reconstruction (SRCNN) for brain MRI and explicitly evaluates reconstruction fidelity via PSNR/MSE/SSIM before using the reconstructed images for downstream age prediction.,,,,FALSE,"{""claude_fulltext_recovered"": ""include""}","[""a Super-Resolution Convolutional Neural Network (SRCNN) enhances low-quality axial brain MRI slices, recovering fine structural details and improving overall image fidelity"", ""The reconstructed images achieve a peak signal-to-noise ratio (PSNR) of 30.45 dB... and a structural similarity index (SSIM) of 0.9599""]",C:/Users/V133280/RMIT University/Thai Pham - StrokeVault/Brain MRI Reconstruction Safety Review - Broad\Full Text Screening\PDF-Retrieved-ALL\Recovered_from_NotRetrieved_341\2025 - Deep Super-Resolution and Age Prediction for Brain MRI Using SRCNN - 10.1109_icicis66182.2025.11313176.pdf,
2026-08-19T17:52:00.109437+00:00,,10.1016/j.media.2025.103481,2025,Deep graph embedding based on Laplacian eigenmaps for MR fingerprinting reconstruction,,exclude,0.82,fulltext_recovered341+fable_adjudication,,"wrong_outcome: The flag was anatomical scope, but the decisive issue is the evaluation pillar: this is a deep-unrolled MRF reconstruction method whose experiments are routine reconstruction-quality and computational-cost comparisons, with no fidelity/safety-evaluation methodology and no failure-mode stress testing beyond generic aliasing-artifact reduction. Like other pure recon-method papers it fails the requirement for a fidelity/safety-evaluation contribution regardless of whether the test data are brain (which the text never confirms).",,,FALSE,"{""claude_fulltext_recovered"": ""flagged"", ""fable_adjudicator"": ""exclude""}","[""we introduce a novel deep graph embedding framework based on the Laplacian eigenmaps for improved MRF reconstruction"", ""highly undersampled schemes utilized in MRF typically lead to noticeable aliasing artifacts in reconstructed images"", ""Numerical experiments demonstrate that our approach can reconstruct high-quality MRF data and multiple parameter maps within a significantly reduced computational cost""]",C:/Users/V133280/RMIT University/Thai Pham - StrokeVault/Brain MRI Reconstruction Safety Review - Broad\Full Text Screening\PDF-Retrieved-ALL\Recovered_from_NotRetrieved_341\2025 - Deep graph embedding based on Laplacian eigenmaps for MR fingerprinting reconstruction - 10.1016_j.media.2025.103481.pdf,
2026-08-19T17:52:00.109437+00:00,,10.1016/j.ejrad.2025.112310,2025,Deep learning reconstruction enhances bone visualization in zero echo time MRI for cervical spondylosis,,exclude,0.92,fulltext_recovered341,,"wrong_population: This deep-learning ZTE MRI reconstruction study targets cervical spine bone visualization in cervical spondylosis patients, not brain imaging, with no stated transfer to brain MRI.",,,FALSE,"{""claude_fulltext_recovered"": ""exclude""}","[""Deep learning reconstruction enhances bone visualization in zero echo time MRI for cervical spondylosis"", ""Forty-three preoperative patients with cervical spondylosis underwent ZTE MRI""]",C:/Users/V133280/RMIT University/Thai Pham - StrokeVault/Brain MRI Reconstruction Safety Review - Broad\Full Text Screening\PDF-Retrieved-ALL\Recovered_from_NotRetrieved_341\2025 - Deep learning reconstruction enhances bone visualization in zero echo time MRI for cervical spondylosis - 10.1016_j.ejrad.2025.112310.pdf,
2026-08-19T17:52:00.109437+00:00,,10.1109/jbhi.2025.3573042,2025,DenoiseMamba An Innovative Approach for EEG Artifact Removal Leveraging Mamba and CNN,,exclude,0.97,fulltext_recovered341,,"wrong_population: A deep-learning EEG denoising architecture (Mamba+CNN) for EOG/EMG/ECG artifact suppression, unrelated to MRI reconstruction.",,,FALSE,"{""claude_fulltext_recovered"": ""exclude""}","[""we introduce DenoiseMamba, a novel deep learning-based EEG denoising model"", ""outperforms existing methods in EEG reconstruction accuracy, effectively eliminating myoelectric, electrooculographic, and electrocardiographic artifacts""]",C:/Users/V133280/RMIT University/Thai Pham - StrokeVault/Brain MRI Reconstruction Safety Review - Broad\Full Text Screening\PDF-Retrieved-ALL\Recovered_from_NotRetrieved_341\2025 - DenoiseMamba An Innovative Approach for EEG Artifact Removal Leveraging Mamba and CNN - 10.1109_jbhi.2025.3573042.pdf,
2026-08-19T17:52:00.109437+00:00,,10.1109/cisp-bmei68103.2025.11259228,2025,Design of a Head Motion Tracking for Brain Pet Imaging Based on Improved Checkerboard Marking,,exclude,0.93,fulltext_recovered341,,"wrong_population: This is a classical computer-vision (checkerboard corner detection, point-cloud registration) head-motion tracking system for PET imaging, not an AI/ML MRI reconstruction fidelity study.",,,FALSE,"{""claude_fulltext_recovered"": ""exclude""}","[""Head motion during positron emission tomography (PET) scans introduces artifacts in nuclear medicine images, degrading image quality"", ""we developed a head motion tracking system based on an improved checkerboard marker method""]",C:/Users/V133280/RMIT University/Thai Pham - StrokeVault/Brain MRI Reconstruction Safety Review - Broad\Full Text Screening\PDF-Retrieved-ALL\Recovered_from_NotRetrieved_341\2025 - Design of a Head Motion Tracking for Brain Pet Imaging Based on Improved Checkerboard Marking - 10.1109_cisp-bmei68103.2025.11259228.pdf,
2026-08-19T17:52:00.109437+00:00,,10.1002/hed.28255,2025,Dual-Network Deep Learning for Accelerated Head and Neck MRI,,exclude,0.88,fulltext_recovered341,,"wrong_population: This deep-learning super-resolution/compressed-sensing reconstruction study is conducted on head-and-neck masses (parotid, oral cavity), not brain imaging.",,,FALSE,"{""claude_fulltext_recovered"": ""exclude""}","[""Dual-­Network Deep Learning for Accelerated Head and Neck MRI: Enhanced Image Quality and Reduced Scan Time"", ""97 patients with head-­and-­neck masses were enrolled""]",C:/Users/V133280/RMIT University/Thai Pham - StrokeVault/Brain MRI Reconstruction Safety Review - Broad\Full Text Screening\PDF-Retrieved-ALL\Recovered_from_NotRetrieved_341\2025 - Dual-Network Deep Learning for Accelerated Head and Neck MRI - 10.1002_hed.28255.pdf,
2026-08-19T17:52:00.109437+00:00,,10.1109/embc58623.2025.11253564,2025,EDGeNet Electroencephalography Denoising Efficient Network for Fast Artifact Removal,,exclude,0.97,fulltext_recovered341,,"wrong_population: A lightweight deep-learning EEG denoising network for real-time artifact removal, unrelated to brain MRI reconstruction.",,,FALSE,"{""claude_fulltext_recovered"": ""exclude""}","[""this paper presents a deep learning-based framework for automated EEG denoising and simultaneous artifact removal"", ""The model is able to denoise the EEG signals from various artifacts simultaneously""]",C:/Users/V133280/RMIT University/Thai Pham - StrokeVault/Brain MRI Reconstruction Safety Review - Broad\Full Text Screening\PDF-Retrieved-ALL\Recovered_from_NotRetrieved_341\2025 - EDGeNet Electroencephalography Denoising Efficient Network for Fast Artifact Removal - 10.1109_embc58623.2025.11253564.pdf,
2026-08-19T17:52:00.109437+00:00,,10.1109/icbme68496.2025.11392558,2025,EJES A Diverse Estimator Bank Framework for High-Resolution EEG MEG Source Localization,,exclude,0.92,fulltext_recovered341,,"wrong_intervention_or_index: Proposes a classical (non-AI/ML) ensemble of MUSIC/beamformer estimators for EEG/MEG source localization, not AI/ML-based MRI reconstruction or its safety/fidelity evaluation.",,,FALSE,"{""claude_fulltext_recovered"": ""exclude""}","[""Ensemble of Joint Estimation Strategy (EJES), a novel framework for robust source localization"", ""a heterogeneous bank of estimators drawn from two distinct families: subspace-based approaches...and spatial filtering approaches""]",C:/Users/V133280/RMIT University/Thai Pham - StrokeVault/Brain MRI Reconstruction Safety Review - Broad\Full Text Screening\PDF-Retrieved-ALL\Recovered_from_NotRetrieved_341\2025 - EJES A Diverse Estimator Bank Framework for High-Resolution EEG MEG Source Localization - 10.1109_icbme68496.2025.11392558.pdf,
2026-08-19T17:52:00.109437+00:00,,10.1016/j.compbiomed.2025.111111,2025,Enhancing the reliability of Alzheimers disease prediction in MRI images,Computers in Biology and Medicine,exclude,0.85,fulltext_recovered341,,"wrong_outcome: Addresses reliability/validation of AD diagnostic classification models via reverse validation of anatomical features, not evaluation of AI/ML MRI reconstruction fidelity or safety.",,,FALSE,"{""claude_fulltext_recovered"": ""exclude""}","[""a reverse validation paradigm that systematically repositions anatomical structures to test whether models recognize features based on anatomical characteristics"", ""achieving state-of-the-art accuracy with enhancements of 2-4 % relative to baseline models""]",C:/Users/V133280/RMIT University/Thai Pham - StrokeVault/Brain MRI Reconstruction Safety Review - Broad\Full Text Screening\PDF-Retrieved-ALL\Recovered_from_NotRetrieved_341\2025 - Enhancing the reliability of Alzheimers disease prediction in MRI images - 10.1016_j.compbiomed.2025.111111.pdf,
2026-08-19T17:52:00.109437+00:00,,10.1007/978-981-96-6957-8/25,2025,Estimating Uncertainty on Deep Learning-Driven Fibre Orientation Distribution Enhancement,,include,0.78,fulltext_recovered341,"on_topic_recon_safety_eval: Proposes and evaluates an uncertainty-estimation method for CNN-based diffusion MRI (FOD) reconstruction/enhancement, showing predicted uncertainty correlates with true reconstruction errors, a fidelity-evaluation contribution for AI/ML brain MRI processing.",,,,FALSE,"{""claude_fulltext_recovered"": ""include""}","[""estimates the uncertainty of the predictions using convolutional neural networks (CNNs) from a statistical basis"", ""Our results show that the proposed FOD uncertainty correlates with FOD-level errors, providing insights into prediction reliability""]",C:/Users/V133280/RMIT University/Thai Pham - StrokeVault/Brain MRI Reconstruction Safety Review - Broad\Full Text Screening\PDF-Retrieved-ALL\Recovered_from_NotRetrieved_341\2025 - Estimating Uncertainty on Deep Learning-Driven Fibre Orientation - 10.1007_978-981-96-6957-8_25.pdf,
2026-08-19T17:52:00.109437+00:00,,10.1016/j.mri.2025.110427,2025,Evaluation of synthetic images derived from a neural network in pediatric brain MRI,Magnetic Resonance Imaging,include,0.82,fulltext_recovered341,"on_topic_recon_safety_eval: Evaluates a neural-network-based direct contrast synthesis (AI-DCS) method against SyMRI/SOC for pediatric brain MRI, assessing image quality, diagnostic confidence, artifacts, and reproducibility of pathology, i.e. AI/ML MRI reconstruction fidelity evaluation.",,,,FALSE,"{""claude_fulltext_recovered"": ""include""}","[""neural network approach using artificial intelligence-based direct contrast synthesis (AI-DCS)"", ""The radiologist also assessed for reproducibility of pathology or absence of pathology on AI-DCS""]",C:/Users/V133280/RMIT University/Thai Pham - StrokeVault/Brain MRI Reconstruction Safety Review - Broad\Full Text Screening\PDF-Retrieved-ALL\Recovered_from_NotRetrieved_341\2025 - Evaluation of synthetic images derived from a neural network in pediatric brain MRI - 10.1016_j.mri.2025.110427.pdf,
2026-08-19T17:52:00.109437+00:00,,10.1007/s00723-025-01749-0,2025,FAME A Federated Adversarial Learning Framework for Privacy-Preserving MRI Reconstruction,Applied Magnetic Resonance,exclude,0.68,fulltext_recovered341,,"wrong_outcome: Proposes a federated GAN-based MRI reconstruction method focused on privacy and accuracy (PSNR/SSIM), with no dedicated methodological contribution to assessing reconstruction safety/fidelity failure modes such as hallucination or artifact detection.",,,FALSE,"{""claude_fulltext_recovered"": ""exclude""}","[""FAME utilizes a hybrid model aggregation strategy that dynamically weights updates from local generators"", ""show that FAME outperforms existing models, achieving superior PSNR and SSIM values""]",C:/Users/V133280/RMIT University/Thai Pham - StrokeVault/Brain MRI Reconstruction Safety Review - Broad\Full Text Screening\PDF-Retrieved-ALL\Recovered_from_NotRetrieved_341\2025 - FAME A Federated Adversarial Learning Framework for Privacy-Preserving MRI Reconstruction - 10.1007_s00723-025-01749-0.pdf,
2026-08-19T17:52:00.109437+00:00,,10.1109/jbhi.2025.3552638,2025,FROG A Fine-Grained Spatiotemporal Graph Neural Network for Early Diagnosis of Alzheimers,IEEE Journal of Biomedical and Health Informatics,exclude,0.9,fulltext_recovered341,,"out_of_scope: Proposes a self-supervised GNN for AD diagnosis/biomarker extraction from fMRI using mask reconstruction as a pretraining task, not an evaluation of AI/ML MRI reconstruction safety or fidelity.",,,FALSE,"{""claude_fulltext_recovered"": ""exclude""}","[""we propose a fine-grained spatiotemporal graph neural network with self-supervised learning (SSL) for diagnosis and biomarker extraction of early AD""]",C:/Users/V133280/RMIT University/Thai Pham - StrokeVault/Brain MRI Reconstruction Safety Review - Broad\Full Text Screening\PDF-Retrieved-ALL\Recovered_from_NotRetrieved_341\2025 - FROG A Fine-Grained Spatiotemporal Graph Neural Network for Early Diagnosis of Alzheimers - 10.1109_jbhi.2025.3552638.pdf,
2026-08-19T17:52:00.109437+00:00,,10.1109/aict67988.2025.11268569,2025,Fast Diffusion Model for Photoacoustic Tomography Reconstruction,,exclude,0.88,fulltext_recovered341,,"wrong_intervention_or_index: Applies a diffusion-based reconstruction framework to photoacoustic tomography (breast scan example), a non-MRI modality with no demonstrated transfer to brain MRI reconstruction-fidelity evaluation.",,,FALSE,"{""claude_fulltext_recovered"": ""exclude""}","[""Applied to a challenging clinical breast scan, the framework successfully recovers fine vascular structures"", ""functional brain mapping""]",C:/Users/V133280/RMIT University/Thai Pham - StrokeVault/Brain MRI Reconstruction Safety Review - Broad\Full Text Screening\PDF-Retrieved-ALL\Recovered_from_NotRetrieved_341\2025 - Fast Diffusion Model for Photoacoustic Tomography Reconstruction - 10.1109_aict67988.2025.11268569.pdf,
2026-08-19T17:52:00.109437+00:00,,10.1007/s13534-025-00517-0,2025,Generative AI for developing foundation models in radiology,Biomedical Engineering Letters,exclude,0.65,fulltext_recovered341,,"out_of_scope: A broad review of generative AI and foundation models in radiology (report generation, VQA, multimodal alignment), not centered on evaluating the safety/fidelity of AI/ML MRI reconstruction.",,,TRUE,"{""claude_fulltext_recovered"": ""exclude""}","[""we describe the design and training strategies of multimodal large language models (MLLMs), which integrate visual, textual, and structured clinical data for applications including report generation, segmentation, and clinical reasoning"", ""we discuss ongoing challenges-hallucination, generalization, and regulatory constraints""]",C:/Users/V133280/RMIT University/Thai Pham - StrokeVault/Brain MRI Reconstruction Safety Review - Broad\Full Text Screening\PDF-Retrieved-ALL\Recovered_from_NotRetrieved_341\2025 - Generative AI for developing foundation models in radiology - 10.1007_s13534-025-00517-0.pdf,
2026-08-19T17:52:00.109437+00:00,,10.1109/bibm66473.2025.11357009,2025,Graph-Level Anomaly Detection of Brain Connectivity with Structural Interpretation,,exclude,0.9,fulltext_recovered341,,"out_of_scope: Proposes a graph autoencoder anomaly-detection framework over fMRI-derived functional connectomes for ASD detection; the 'reconstruction' is of graph node features, not AI/ML MRI image reconstruction fidelity.",,,FALSE,"{""claude_fulltext_recovered"": ""exclude""}","[""a generalizable graph autoencoder framework based on knowledge distillation"", ""Anomaly scores are then derived from both reconstruction errors and embedding discrepancies""]",C:/Users/V133280/RMIT University/Thai Pham - StrokeVault/Brain MRI Reconstruction Safety Review - Broad\Full Text Screening\PDF-Retrieved-ALL\Recovered_from_NotRetrieved_341\2025 - Graph-Level Anomaly Detection of Brain Connectivity with Structural Interpretation - 10.1109_bibm66473.2025.11357009.pdf,
2026-08-19T17:52:00.109437+00:00,,10.1109/nss/mic/rtsd57106.2025.11286518,2025,Head-to-Head - Comparative Imaging Performance of PETcoil Gen II and Gen III TOF-PET-Inserts for Simultaneous PET MRI Brain Imaging,,exclude,0.9,fulltext_recovered341,,"out_of_scope: Compares hardware PET detector generations (energy resolution, CRT, SSIM of PET images) for simultaneous PET/MRI; no AI/ML reconstruction method or fidelity-evaluation contribution.",,,FALSE,"{""claude_fulltext_recovered"": ""exclude""}","[""This study presents a comparative performance analysis of the PETcoil Gen II and Gen III Time-of-Flight (TOF) PET inserts"", ""Both systems demonstrated comparable overall performance""]",C:/Users/V133280/RMIT University/Thai Pham - StrokeVault/Brain MRI Reconstruction Safety Review - Broad\Full Text Screening\PDF-Retrieved-ALL\Recovered_from_NotRetrieved_341\2025 - Head-to-Head - Comparative Imaging Performance of PETcoil Gen II and Gen III TOF-PET-Inserts for Simultaneous PET MRI Brain Imaging - 10.1109_nss_mic_rtsd57106.2025.11286518.pdf,
2026-08-19T17:52:00.109437+00:00,,10.1109/icecmsn68058.2025.11382780,2025,Hybrid CNN Framework for MRI Brain Image Reconstruction and Analysis,,exclude,0.6,fulltext_recovered341,,wrong_intervention_or_index: Compares three CNN architectures for MRI brain image enhancement using standard quality metrics (PSNR/SSIM/MSE/Entropy) but makes no methodological contribution to safety/fidelity evaluation such as hallucination or distortion detection.,,,TRUE,"{""claude_fulltext_recovered"": ""exclude""}","[""examines and compares three deep convolutional neural network (CNN) architectures...to enhance MRI brain imaging"", ""Metrics including Entropy, Brightness, PSNR, SSIM, MSE, and SSIM were used to measure the quantitative performance""]",C:/Users/V133280/RMIT University/Thai Pham - StrokeVault/Brain MRI Reconstruction Safety Review - Broad\Full Text Screening\PDF-Retrieved-ALL\Recovered_from_NotRetrieved_341\2025 - Hybrid CNN Framework for MRI Brain Image Reconstruction and Analysis - 10.1109_icecmsn68058.2025.11382780.pdf,
2026-08-19T17:52:00.109437+00:00,,10.1109/tce.2025.3528544,2025,Image Registration and Deep Neurofuzzy Networks for Mitigating Atmospheric Turbulence Effects,IEEE Transactions on Consumer Electronics,exclude,0.93,fulltext_recovered341,,out_of_scope: Addresses atmospheric turbulence mitigation in consumer optical imaging using registration and neurofuzzy denoising/deblurring networks; unrelated to MRI or brain imaging.,,,FALSE,"{""claude_fulltext_recovered"": ""exclude""}","[""Consumer-based optical imaging systems are characterized as big data processing systems, which are drastically affected by atmospheric turbulences""]",C:/Users/V133280/RMIT University/Thai Pham - StrokeVault/Brain MRI Reconstruction Safety Review - Broad\Full Text Screening\PDF-Retrieved-ALL\Recovered_from_NotRetrieved_341\2025 - Image Registration and Deep Neurofuzzy Networks for Mitigating Atmospheric Turbulence Effects - 10.1109_tce.2025.3528544.pdf,
2026-08-19T17:52:00.109437+00:00,,10.1109/trpms.2025.3560667,2025,Image SNR Enhancement for a Short Axial FOV Brain PET System Using Generative Deep Learning,IEEE Transactions on Radiation and Plasma Medical Sciences,exclude,0.85,fulltext_recovered341,,"wrong_intervention_or_index: Applies a conditional GAN to denoise/enhance short-axial-FOV brain PET images (evaluated via PSNR/SSIM/RMSE/MAE); modality is PET, not MRI, with no stated transfer to MRI reconstruction fidelity evaluation.",,,FALSE,"{""claude_fulltext_recovered"": ""exclude""}","[""A conditional generative adversarial network (cGAN) was trained and tested using the simulated short axial FOV images as input"", ""We have developed a deep-learning framework to enhance the image quality of data acquired from a prototype brain-dedicated PET insert system""]",C:/Users/V133280/RMIT University/Thai Pham - StrokeVault/Brain MRI Reconstruction Safety Review - Broad\Full Text Screening\PDF-Retrieved-ALL\Recovered_from_NotRetrieved_341\2025 - Image SNR Enhancement for a Short Axial FOV Brain PET System Using Generative Deep Learning - 10.1109_trpms.2025.3560667.pdf,
2026-08-19T17:52:00.109437+00:00,,10.1016/j.ejrad.2025.112289,2025,Impact of super-resolution deep learning-based reconstruction for hippocampal MRI,European Journal of Radiology,include,0.85,fulltext_recovered341,"on_topic_recon_safety_eval: Evaluates AI/ML super-resolution deep-learning MRI reconstruction (SR-DLR) for brain hippocampal imaging in volunteers and a phantom, quantifying image quality, contrast/CNR, and reduction of zero-padding interpolation artifacts, a direct fidelity-evaluation contribution.",,,,FALSE,"{""claude_fulltext_recovered"": ""include""}","[""To evaluate the effects of super-resolution deep learning-based reconstruction (SR-DLR) on thin-slice T2-weighted hippocampal MR image quality"", ""artifacts induced by ZIP were scarcely observed when using SR-DLR""]",C:/Users/V133280/RMIT University/Thai Pham - StrokeVault/Brain MRI Reconstruction Safety Review - Broad\Full Text Screening\PDF-Retrieved-ALL\Recovered_from_NotRetrieved_341\2025 - Impact of super-resolution deep learning-based reconstruction for hippocampal MRI - 10.1016_j.ejrad.2025.112289.pdf,
2026-08-19T17:52:00.109437+00:00,,10.1016/j.jmr.2025.107898,2025,Improve robustness to mismatched sampling rate An alternating deep low-rank approach,Journal of Magnetic Resonance,include,0.55,fulltext_recovered341,"on_topic_recon_safety_eval: Proposes and evaluates a hybrid deep-learning/low-rank reconstruction method (ADLR) that specifically targets a fidelity failure mode-deep learning producing wrong reconstructions of weak signal peaks under training-target mismatch, including brain MRI anatomical-region mismatch-and benchmarks robustness against this failure.",,,,TRUE,"{""claude_fulltext_recovered"": ""include""}","[""the mismatched sampling rate causes wrong reconstruction of weak peaks (intensity≤0.1)"", ""it maintains robust reconstruction under different anatomical regions and contrast configurations"", ""the mismatch, such as undersampling rates...anatomical region (knee vs. brain)...will heavily compromise the reconstruction""]",C:/Users/V133280/RMIT University/Thai Pham - StrokeVault/Brain MRI Reconstruction Safety Review - Broad\Full Text Screening\PDF-Retrieved-ALL\Recovered_from_NotRetrieved_341\2025 - Improve robustness to mismatched sampling rate An alternating deep low-rank approach - 10.1016_j.jmr.2025.107898.pdf,
2026-08-19T17:52:00.109437+00:00,,10.1109/nss/mic/rtsd57106.2025.11287936,2025,Interpretable Multimodal Brain Image Fusion for Alzheimer's Diagnosis Via a Siamese Autoencoder,,exclude,0.9,fulltext_recovered341,,"wrong_intervention_or_index: Proposes a siamese-autoencoder MRI-PET fusion model for Alzheimer's diagnosis with occlusion-based explainability, not a method for evaluating safety/fidelity of AI-based MRI reconstruction.",,,FALSE,"{""claude_fulltext_recovered"": ""exclude""}","[""We propose a novel brain image fusion framework based on a siamese autoencoder"", ""Classification experiments using a convolutional neural network show that fused images outperform individual modalities""]",C:/Users/V133280/RMIT University/Thai Pham - StrokeVault/Brain MRI Reconstruction Safety Review - Broad\Full Text Screening\PDF-Retrieved-ALL\Recovered_from_NotRetrieved_341\2025 - Interpretable Multimodal Brain Image Fusion for Alzheimer's Diagnosis Via a Siamese Autoencoder - 10.1109_nss_mic_rtsd57106.2025.11287936.pdf,
2026-08-19T17:52:00.109437+00:00,,10.1109/embc58623.2025.11254469,2025,Investigating Multiple Physical Priors in Deep Learning for Electrical Properties Reconstruction MREPT,,exclude,0.85,fulltext_recovered341,,"wrong_intervention_or_index: Concerns DL-based reconstruction of electrical conductivity/permittivity maps (MREPT), not evaluation of standard MRI image reconstruction safety/fidelity, and includes no dedicated fidelity-evaluation contribution.",,,FALSE,"{""claude_fulltext_recovered"": ""exclude""}","[""Magnetic Resonance Electrical Properties Tomography (MREPT) is a valuable imaging modality for non-invasive, in-vivo mapping of conductivity and permittivity"", ""A quantitative analysis of different physical priors is conducted to assess their impact on reconstruction accuracy and model generalization""]",C:/Users/V133280/RMIT University/Thai Pham - StrokeVault/Brain MRI Reconstruction Safety Review - Broad\Full Text Screening\PDF-Retrieved-ALL\Recovered_from_NotRetrieved_341\2025 - Investigating Multiple Physical Priors in Deep Learning for Electrical Properties Reconstruction MREPT - 10.1109_embc58623.2025.11254469.pdf,
2026-08-19T17:52:00.109437+00:00,,10.1109/trpms.2025.3551501,2025,Learning Perspective Distortion Correction in Cone-Beam X-Ray Transmission Imaging,,exclude,0.92,fulltext_recovered341,,"wrong_population: Addresses perspective distortion correction in cone-beam X-ray/CBCT transmission imaging (non-MRI modality), with no MRI reconstruction fidelity-evaluation contribution.",,,FALSE,"{""claude_fulltext_recovered"": ""exclude""}","[""In cone-beam X-ray transmission imaging, perspective distortion (PD) causes difficulty in direct, accurate geometric assessments of anatomical structures."", ""Experiments on numerical bead phantom data and head CT data""]",C:/Users/V133280/RMIT University/Thai Pham - StrokeVault/Brain MRI Reconstruction Safety Review - Broad\Full Text Screening\PDF-Retrieved-ALL\Recovered_from_NotRetrieved_341\2025 - Learning Perspective Distortion Correction in Cone-Beam X-Ray Transmission Imaging - 10.1109_trpms.2025.3551501.pdf,
2026-08-19T17:52:00.109437+00:00,,10.1109/siu66497.2025.11112263,2025,Learning-Based MRI Reconstruction via a State-Space U-Net Model,,exclude,0.75,fulltext_recovered341,,"wrong_outcome: Proposes a new state-space (Mamba) brain MRI reconstruction network validated only against PSNR/SSIM benchmarks, without any dedicated safety/fidelity evaluation methodology or failure-mode analysis.",,,FALSE,"{""claude_fulltext_recovered"": ""exclude""}","[""MambaCC, an innovative State-Space Model (SSM)-based method"", ""compared against state-of-the-art methods, including MoDL, U-Net, TransUNet, and UMamba. The results demonstrate that our approach achieves superior performance in terms of PSNR and SSIM metrics""]",C:/Users/V133280/RMIT University/Thai Pham - StrokeVault/Brain MRI Reconstruction Safety Review - Broad\Full Text Screening\PDF-Retrieved-ALL\Recovered_from_NotRetrieved_341\2025 - Learning-Based MRI Reconstruction via a State-Space U-Net Model - 10.1109_siu66497.2025.11112263.pdf,
2026-08-19T17:52:00.109437+00:00,,10.1109/embc58623.2025.11252645,2025,MAD-Net Morphometric-Attentive Diffusion Network for Predicting Longitudinal Infant Brain Connectivity,,exclude,0.92,fulltext_recovered341,,"out_of_scope: Uses a diffusion model to predict missing longitudinal functional connectivity from structural morphometric features, not to evaluate safety/fidelity of MRI image reconstruction.",,,FALSE,"{""claude_fulltext_recovered"": ""exclude""}","[""we propose MAD-Net, a novel diffusion model that predicts longitudinal FC from morphometric features derived from structural MRI (sMRI)""]",C:/Users/V133280/RMIT University/Thai Pham - StrokeVault/Brain MRI Reconstruction Safety Review - Broad\Full Text Screening\PDF-Retrieved-ALL\Recovered_from_NotRetrieved_341\2025 - MAD-Net Morphometric-Attentive Diffusion Network for Predicting Longitudinal Infant Brain Connectivity - 10.1109_embc58623.2025.11252645.pdf,
2026-08-19T17:52:00.109437+00:00,,10.1109/embc58623.2025.11254634,2025,MFAN Multi-scale Feature Aggregation Network for Brain MRI Image Super-Resolution,,exclude,0.75,fulltext_recovered341,,"wrong_outcome: Introduces a new super-resolution network for brain MRI evaluated with PSNR/SSIM and downstream classification accuracy, without a dedicated fidelity/hallucination-safety evaluation contribution.",,,FALSE,"{""claude_fulltext_recovered"": ""exclude""}","[""we propose a Multi-scale Feature Aggregation Network (MFAN) for brain MRI image super-resolution"", ""MFAN surpasses state-of-the-art methods on the BraTS 2018 and Brain Tumor datasets""]",C:/Users/V133280/RMIT University/Thai Pham - StrokeVault/Brain MRI Reconstruction Safety Review - Broad\Full Text Screening\PDF-Retrieved-ALL\Recovered_from_NotRetrieved_341\2025 - MFAN Multi-scale Feature Aggregation Network for Brain MRI Image Super-Resolution - 10.1109_embc58623.2025.11254634.pdf,
2026-08-19T17:52:00.109437+00:00,,10.1109/isbi60581.2025.10980691,2025,MoAR-Diff Controlled Diffusion Model for Infant Brain MR Motion Artifact Reduction,,exclude,0.65,fulltext_recovered341,,"wrong_outcome: Proposes a diffusion-based motion-artifact-reduction model for infant brain MRI aimed at preserving fidelity during correction, but does not present a fidelity/safety evaluation method or hallucination-detection contribution—it is a reconstruction method paper.",,,TRUE,"{""claude_fulltext_recovered"": ""exclude""}","[""we propose a novel Motion Artifact Reduction Diffusion model (MoAR-Diff)"", ""artifact reduction in medical images should preserve structural integrity and fidelity, as structural changes or loss of detail can compromise subsequent research tasks and clinical analysis""]",C:/Users/V133280/RMIT University/Thai Pham - StrokeVault/Brain MRI Reconstruction Safety Review - Broad\Full Text Screening\PDF-Retrieved-ALL\Recovered_from_NotRetrieved_341\2025 - MoAR-Diff Controlled Diffusion Model for Infant Brain MR Motion Artifact Reduction - 10.1109_isbi60581.2025.10980691.pdf,
2026-08-19T17:52:00.109437+00:00,,10.1002/jbio.202500407,2025,Motion Artifact Correction in Deep-Tissue Three-Photon Fluorescence Microscopy Using Adaptive Optical Flow Learning With Transformer,,exclude,0.95,fulltext_recovered341,,"out_of_scope: Concerns motion-artifact correction in three-photon fluorescence microscopy of mouse cerebrovasculature and intestine, an animal-only optical imaging modality unrelated to MRI reconstruction.",,,FALSE,"{""claude_fulltext_recovered"": ""exclude""}","[""Three-photon fluorescence microscopy (3PFM) enables high-resolution volumetric imaging in deep tissues"", ""we propose StabiFormer, a transformer-based optical flow learning network""]",C:/Users/V133280/RMIT University/Thai Pham - StrokeVault/Brain MRI Reconstruction Safety Review - Broad\Full Text Screening\PDF-Retrieved-ALL\Recovered_from_NotRetrieved_341\2025 - Motion Artifact Correction in Deep-Tissue Three-Photon Fluorescence Microscopy Using Adaptive Optical Flow Learning With Transformer - 10.1002_jbio.202500407.pdf,
2026-08-19T17:52:00.109437+00:00,,10.1016/j.mri.2025.110466,2025,Multi-modal MRI cascaded incremental reconstruction with coarse-to-fine spatial registration,,exclude,0.75,fulltext_recovered341,,"wrong_outcome: Proposes a new transformer-based multi-modal compressed-sensing MRI reconstruction network validated on the IXI brain dataset, without a dedicated safety/fidelity evaluation methodology.",,,FALSE,"{""claude_fulltext_recovered"": ""exclude""}","[""we propose an end-to-end network integrating spatial registration and cascaded incremental reconstruction for multi-modal CS-MRI"", ""We validate our model using the IXI brain dataset, and the experimental results demonstrate that, compared to existing methods, our network exhibits superior performance""]",C:/Users/V133280/RMIT University/Thai Pham - StrokeVault/Brain MRI Reconstruction Safety Review - Broad\Full Text Screening\PDF-Retrieved-ALL\Recovered_from_NotRetrieved_341\2025 - Multi-modal MRI cascaded incremental reconstruction with coarse-to-fine spatial registration - 10.1016_j.mri.2025.110466.pdf,
2026-08-19T17:52:00.109437+00:00,,10.1007/978-1-0716-4354-9/4,2025,Neuroimaging Applications in Hepatic Encephalopathy Acquisition,,exclude,0.93,fulltext_recovered341,,"out_of_scope: A methods-chapter overview of MRI acquisition protocols and basic preprocessing for hepatic encephalopathy imaging, with no AI/ML reconstruction or fidelity-evaluation content.",,,FALSE,"{""claude_fulltext_recovered"": ""exclude""}","[""we will outline diverse neuroimaging procedures suitable for identifying pathological features of HE, describing the protocols and specific features observable with each modality"", ""we will explore some basic preprocessing techniques designed to enhance neuroimaging quality""]",C:/Users/V133280/RMIT University/Thai Pham - StrokeVault/Brain MRI Reconstruction Safety Review - Broad\Full Text Screening\PDF-Retrieved-ALL\Recovered_from_NotRetrieved_341\2025 - Neuroimaging Applications in Hepatic Encephalopathy Acquisition - 10.1007_978-1-0716-4354-9_4.pdf,
2026-08-19T17:52:00.109437+00:00,,10.1109/tci.2025.3550716,2025,PACformer A Multi-Stage Heterogeneous Convolutional-Vision Transformer for Photoacoustic Tomography,,exclude,0.95,fulltext_recovered341,,"wrong_population: Concerns sparse-view photoacoustic tomography image restoration, a non-MRI modality with no stated transfer to brain MRI reconstruction fidelity evaluation.",,,FALSE,"{""claude_fulltext_recovered"": ""exclude""}","[""we introduce PACformer—a novel hybrid model that integrates convolutional neural networks (CNNs) with multi-head self-attentions (MSAs) to improve the reconstruction of sparse-view PAT images""]",C:/Users/V133280/RMIT University/Thai Pham - StrokeVault/Brain MRI Reconstruction Safety Review - Broad\Full Text Screening\PDF-Retrieved-ALL\Recovered_from_NotRetrieved_341\2025 - PACformer A Multi-Stage Heterogeneous Convolutional-Vision Transformer for Photoacoustic Tomography - 10.1109_tci.2025.3550716.pdf,
2026-08-19T17:52:00.109437+00:00,,10.1109/nss/mic/rtsd57106.2025.11286823,2025,Potential of Hybrid PSF Correction to Suppress Gibbs Artifacts in PET Imaging,,exclude,0.95,fulltext_recovered341,,"wrong_population: Evaluates classical (non-AI/ML) hybrid point-spread-function correction to suppress Gibbs artifacts in PET brain tumor phantom imaging, not MRI reconstruction.",,,FALSE,"{""claude_fulltext_recovered"": ""exclude""}","[""Point-spread-function (PSF) correction is used to compensate for the degradation of spatial resolution in positron emission tomography (PET) imaging"", ""A brain tumor phantom filled with an 18F solution was used""]",C:/Users/V133280/RMIT University/Thai Pham - StrokeVault/Brain MRI Reconstruction Safety Review - Broad\Full Text Screening\PDF-Retrieved-ALL\Recovered_from_NotRetrieved_341\2025 - Potential of Hybrid PSF Correction to Suppress Gibbs Artifacts in PET Imaging - 10.1109_nss_mic_rtsd57106.2025.11286823.pdf,
2026-08-19T17:52:00.109437+00:00,,10.1007/s12194-025-00944-9,2025,Practical signal-to-noise ratio mapping using single clinical scan,,exclude,0.75,fulltext_recovered341,,"wrong_intervention_or_index: Develops a classical, non-AI/ML pixel-shift-based SNR measurement technique for clinical MRI images, not an AI reconstruction fidelity-evaluation method.",,,FALSE,"{""claude_fulltext_recovered"": ""exclude""}","[""The proposed method generates an SNR map by computing a noise-only image from a single MRI image using pixel shifting and edge component removal"", ""This method enables practical SNR estimation from a single image, eliminating the need for repeated acquisitions""]",C:/Users/V133280/RMIT University/Thai Pham - StrokeVault/Brain MRI Reconstruction Safety Review - Broad\Full Text Screening\PDF-Retrieved-ALL\Recovered_from_NotRetrieved_341\2025 - Practical signal-to-noise ratio mapping using single clinical scan - 10.1007_s12194-025-00944-9.pdf,
2026-08-19T17:52:00.109437+00:00,,10.1109/icsip65915.2025.11171449,2025,Precision-Driven MRI Data Recovery Integrating SAGE Trajectory Optimization with PROPELLER,,exclude,0.85,fulltext_recovered341,,"wrong_intervention_or_index: Proposes a classical (non-AI) k-space trajectory correction (SAGE+PROPELLER+GROG) for gradient-delay artifacts, with no deep-learning component and no dedicated fidelity-evaluation methodology.",,,FALSE,"{""claude_fulltext_recovered"": ""exclude""}","[""we introduced a Simultaneous Auto-calibration and Gradient Delay Estimation (SAGE) framework for k-space trajectory rectification"", ""our experimental results qualitatively demonstrated significant artifact reduction and successfully validated the feasibility of this compensation methodology""]",C:/Users/V133280/RMIT University/Thai Pham - StrokeVault/Brain MRI Reconstruction Safety Review - Broad\Full Text Screening\PDF-Retrieved-ALL\Recovered_from_NotRetrieved_341\2025 - Precision-Driven MRI Data Recovery Integrating SAGE Trajectory Optimization with PROPELLER - 10.1109_icsip65915.2025.11171449.pdf,
2026-08-19T17:52:00.109437+00:00,,10.1109/tci.2025.3619821,2025,Prior Image Constrained Total Variation-Stokes for Cerebral Perfusion CT Imaging,,exclude,0.9,fulltext_recovered341,,"wrong_population: Proposes a classical (non-AI/ML) prior-image-constrained iterative reconstruction regularization for low-dose cerebral perfusion CT, not MRI reconstruction and not an AI/ML fidelity-evaluation method.",,,FALSE,"{""claude_fulltext_recovered"": ""exclude""}","[""we present an iterative image reconstruction method to improve the low-dose CPCT image quality, which uses the prior image constrained total variation-stokes (PICTVS) based on the penalized weighted least squares (PWLS) criterion""]",C:/Users/V133280/RMIT University/Thai Pham - StrokeVault/Brain MRI Reconstruction Safety Review - Broad\Full Text Screening\PDF-Retrieved-ALL\Recovered_from_NotRetrieved_341\2025 - Prior Image Constrained Total Variation-Stokes for Cerebral Perfusion CT Imaging - 10.1109_tci.2025.3619821.pdf,
2026-08-19T17:52:00.109437+00:00,,10.1016/j.mri.2024.110313,2025,Reliability of post-contrast deep learning-based highly accelerated cardiac cine MRI,,exclude,0.95,fulltext_recovered341,,"wrong_population: Clinical equivalency study of DL-accelerated cardiac cine MRI (ventricular volumes/function), a non-brain cardiac imaging application with no transfer to brain MRI reconstruction fidelity.",,,FALSE,"{""claude_fulltext_recovered"": ""exclude""}","[""Reliability of post-contrast deep learning-based highly accelerated cardiac cine MRI for the assessment of ventricular function"", ""Biventricular end-diastolic volume (EDV), end-systolic volume (ESV), stroke volume (SV), ejection fraction (EF)""]",C:/Users/V133280/RMIT University/Thai Pham - StrokeVault/Brain MRI Reconstruction Safety Review - Broad\Full Text Screening\PDF-Retrieved-ALL\Recovered_from_NotRetrieved_341\2025 - Reliability of post-contrast deep learning-based highly accelerated cardiac cine MRI - 10.1016_j.mri.2024.110313.pdf,
2026-08-19T17:52:00.109437+00:00,,10.1109/jstsp.2025.3637544,2025,SAFFRON A Physics-Informed Label-Free Self-Supervised Deep Learning for 3D Fetal Brain MRI,,exclude,0.7,fulltext_recovered341,,"wrong_outcome: Proposes a novel self-supervised fetal brain MRI reconstruction network validated with standard quantitative benchmarking, but does not propose or evaluate a dedicated method for assessing reconstruction safety/fidelity.",,,FALSE,"{""claude_fulltext_recovered"": ""exclude""}","[""we introduce SAFFRON, a physics-informed, label-free self-supervised framework for efﬁcient and high-ﬁdelity 3D fetal brain MRI reconstruction"", ""a slice-level adversarial loss to promote anatomically realistic structures""]",C:/Users/V133280/RMIT University/Thai Pham - StrokeVault/Brain MRI Reconstruction Safety Review - Broad\Full Text Screening\PDF-Retrieved-ALL\Recovered_from_NotRetrieved_341\2025 - SAFFRON A Physics-Informed Label-Free Self-Supervised Deep Learning for 3D Fetal Brain MRI - 10.1109_jstsp.2025.3637544.pdf,
2026-08-19T17:52:00.109437+00:00,,10.1109/isbi60581.2025.10980952,2025,T2T-Bridge Direct Diffusion Bridge Model for Thick-to-Thin Slice Infant MRI Reconstruction,,exclude,0.7,fulltext_recovered341,,"wrong_outcome: Presents a diffusion-bridge super-resolution reconstruction method for infant brain MRI with structural-consistency losses, but the contribution is a reconstruction technique, not a fidelity/safety evaluation methodology.",,,FALSE,"{""claude_fulltext_recovered"": ""exclude""}","[""we propose T2T-Bridge that learns an optimal transport path between thick- and thin-slice MRI distributions using a diffusion architecture"", ""Current AI models could fail to retain image fidelity on this task""]",C:/Users/V133280/RMIT University/Thai Pham - StrokeVault/Brain MRI Reconstruction Safety Review - Broad\Full Text Screening\PDF-Retrieved-ALL\Recovered_from_NotRetrieved_341\2025 - T2T-Bridge Direct Diffusion Bridge Model for Thick-to-Thin Slice Infant MRI Reconstruction - 10.1109_isbi60581.2025.10980952.pdf,
2026-08-19T17:52:00.109437+00:00,,10.1007/978-3-031-82706-8/12,2025,Unsupervised Detection of Anomalies in MR Brain Images Using Cross Correlation Encoder-Decoder GAN,,exclude,0.85,fulltext_recovered341,,"wrong_intervention_or_index: Uses a GAN reconstruction-error framework as an unsupervised anomaly/tumor detection diagnostic tool, not as an evaluation of the safety or fidelity of an AI/ML MRI reconstruction pipeline.",,,FALSE,"{""claude_fulltext_recovered"": ""exclude""}","[""a novel approach has been proposed to detect and locate anomalies in Brain MR Images through Cross-Correlation Encoder Decoder GAN (CC-EDGAN)"", ""its potential to improve patient outcomes by enabling early diagnosis and treatment""]",C:/Users/V133280/RMIT University/Thai Pham - StrokeVault/Brain MRI Reconstruction Safety Review - Broad\Full Text Screening\PDF-Retrieved-ALL\Recovered_from_NotRetrieved_341\2025 - Unsupervised Detection of Anomalies in MR Brain Images Using Cross Correlation Encoder-Decoder GAN - 10.1007_978-3-031-82706-8_12.pdf,
2026-08-19T17:52:00.109437+00:00,,10.1109/icee67339.2025.11213832,2025,Unveiling Enhanced Image Quality in Sparse-View CT with OSEM-ANLM Algorithm,,exclude,0.9,fulltext_recovered341,,"wrong_intervention_or_index: Classical statistical iterative CT reconstruction (OSEM) with non-local-means regularization, not AI/ML-based, and modality is CT (with a brain-skull phantom) rather than MRI.",,,FALSE,"{""claude_fulltext_recovered"": ""exclude""}","[""a novel imaging reconstruction method aimed at improving CT image quality from sparsely sampled data"", ""evaluated using a patient's chest CT scan and a brain-skull image from the Rando phantom""]",C:/Users/V133280/RMIT University/Thai Pham - StrokeVault/Brain MRI Reconstruction Safety Review - Broad\Full Text Screening\PDF-Retrieved-ALL\Recovered_from_NotRetrieved_341\2025 - Unveiling Enhanced Image Quality in Sparse-View CT with OSEM-ANLM Algorithm - 10.1109_icee67339.2025.11213832.pdf,
2026-08-19T17:52:00.109437+00:00,,10.23919/eusipco63237.2025.11226114,2025,Unveiling the Structural-Functional Interplay of Brain Networks in Depression - An Integrated DTI-fMRI Study,,exclude,0.92,fulltext_recovered341,,"out_of_scope: A DTI-driven functional connectivity prediction model for major depressive disorder biomarker discovery, unrelated to AI/ML MRI image reconstruction fidelity/safety evaluation.",,,FALSE,"{""claude_fulltext_recovered"": ""exclude""}","[""a novel DTI-driven fMRI approach was developed and preliminarily tested to identify any alterations in structural-functional network coupling in MDD""]",C:/Users/V133280/RMIT University/Thai Pham - StrokeVault/Brain MRI Reconstruction Safety Review - Broad\Full Text Screening\PDF-Retrieved-ALL\Recovered_from_NotRetrieved_341\2025 - Unveiling the Structural-Functional Interplay of Brain Networks in Depression - An Integrated DTI-fMRI Study - 10.23919_eusipco63237.2025.11226114.pdf,
2026-08-19T17:52:00.109437+00:00,,10.1109/embc58623.2025.11254459,2025,Using GANs to eliminate RF and gradient interference in neurophysiology signals with fMRI,,exclude,0.92,fulltext_recovered341,,out_of_scope: GAN-based denoising of electrophysiology signal artifacts recorded during simultaneous animal fMRI; not an evaluation of AI/ML MRI image reconstruction fidelity/safety.,,,FALSE,"{""claude_fulltext_recovered"": ""exclude""}","[""we propose a Generative Adversarial Network (GAN) based blind source separation model to remove gradient and RF artifacts"", ""Simultaneous neurophysiology-fMRI recordings were performed using 3 anesthetized Sprague-Dawley rats""]",C:/Users/V133280/RMIT University/Thai Pham - StrokeVault/Brain MRI Reconstruction Safety Review - Broad\Full Text Screening\PDF-Retrieved-ALL\Recovered_from_NotRetrieved_341\2025 - Using GANs to eliminate RF and gradient interference in neurophysiology signals with fMRI - 10.1109_embc58623.2025.11254459.pdf,
2026-08-19T17:52:00.109437+00:00,,10.1016/j.mri.2025.110463,2025,Verification of resolution and imaging time for high-resolution deep learning reconstruction,,include,0.75,fulltext_recovered341,"on_topic_recon_safety_eval: Systematically evaluates the fidelity of a vendor AI/ML super-resolution MRI reconstruction (PIQE) on brain images using SSIM/PSNR/RMSE/FWHM plus a human Likert visual quality assessment, identifying degradation artifacts at aggressive settings.",,,,FALSE,"{""claude_fulltext_recovered"": ""include""}","[""We evaluated the performance of a vendor-provided super-resolution DLR method (Precise IQ Engine) on a Canon 3 T MRI scanner using an edge phantom and clinical brain images from eight patients"", ""aggressive downsampling (zoom ratio 3 from low-resolution matrices) led to image degradation including truncation artifacts and reduced sharpness"", ""Visual evaluation using a five-point Likert scale was also performed to assess perceived image quality""]",C:/Users/V133280/RMIT University/Thai Pham - StrokeVault/Brain MRI Reconstruction Safety Review - Broad\Full Text Screening\PDF-Retrieved-ALL\Recovered_from_NotRetrieved_341\2025 - Verification of resolution and imaging time for high-resolution deep learning reconstruction - 10.1016_j.mri.2025.110463.pdf,
2026-08-19T17:52:00.109437+00:00,,10.1002/mrm.30271,2025,XSIM - A structural similarity index measure optimized for MRI QSM,,include,0.85,fulltext_recovered341,"on_topic_recon_safety_eval: Proposes and validates a new fidelity-evaluation metric (XSIM) for brain QSM reconstruction that corrects biasing and hacking artifacts inherent to SSIM, directly addressing methodological assessment of reconstruction fidelity.",,,,FALSE,"{""claude_fulltext_recovered"": ""include""}","[""we propose XSIM: SSIM implemented in the native QSM range, and with internal parameters optimized for QSM"", ""SSIM is vulnerable to metric hacking (almost perfect scores for inaccurate reconstructions) and significant bias"", ""XSIM is recommended over traditional SSIM to evaluate QSM reconstructions against a known ground truth""]",C:/Users/V133280/RMIT University/Thai Pham - StrokeVault/Brain MRI Reconstruction Safety Review - Broad\Full Text Screening\PDF-Retrieved-ALL\Recovered_from_NotRetrieved_341\2025 - XSIM - A structural similarity index measure optimized for MRI QSM - 10.1002_mrm.30271.pdf,
2026-08-19T17:52:00.109437+00:00,,10.1109/tmi.2025.3584726,2025,ssEM Image Restoration via Diffusion Models With Multi-Output Joint Strategy,,exclude,0.9,fulltext_recovered341,,"wrong_population: Diffusion-model restoration of missing slices in serial-section electron microscopy volumes; the modality is EM, not MRI, with no discussion of transfer to brain MRI reconstruction.",,,FALSE,"{""claude_fulltext_recovered"": ""exclude""}","[""Serial section electron microscopy (ssEM) is a pivotal technique for investigating neuronal connections and brain microstructures"", ""This study presents a novel approach leveraging diffusion models to restore missing slices of ssEM images""]",C:/Users/V133280/RMIT University/Thai Pham - StrokeVault/Brain MRI Reconstruction Safety Review - Broad\Full Text Screening\PDF-Retrieved-ALL\Recovered_from_NotRetrieved_341\2025 - ssEM Image Restoration via Diffusion Models With Multi-Output Joint Strategy - 10.1109_tmi.2025.3584726.pdf,
2026-08-19T17:52:00.109437+00:00,,10.1109/imcet69180.2026.11503758,2026,A Two-Stage Deep Learning Pipeline for Medical Image Restoration Using DRUNet and Real-ESRGAN,,exclude,0.68,fulltext_recovered341+fable_adjudication,,"wrong_outcome: The flag noted brain MRI is secondary and no fidelity-evaluation methodology is proposed; the full text confirms hallucination risk is handled only as a design mitigation (disabling the adversarial loss) while the evaluation is routine PSNR/SSIM on Kaggle-derived classification images plus brief qualitative clinical feedback. There is no stress-testing or measurement of hallucinated/omitted anatomy, so despite the fidelity framing the paper lacks a genuine fidelity/safety-evaluation contribution.",,,FALSE,"{""claude_fulltext_recovered"": ""flagged"", ""fable_adjudicator"": ""exclude""}","[""modified to prioritize structural fidelity over perceptual sharpness by disabling adversarial loss components"", ""achieving a PSNR of 43.19 dB and SSIM of 0.9681 under controlled Gaussian noise"", ""preliminary clinical evaluation indicate improved structural clarity and diagnostic interpretability""]",C:/Users/V133280/RMIT University/Thai Pham - StrokeVault/Brain MRI Reconstruction Safety Review - Broad\Full Text Screening\PDF-Retrieved-ALL\Recovered_from_NotRetrieved_341\2026 - A Two-Stage Deep Learning Pipeline for Medical Image Restoration Using DRUNet and Real-ESRGAN - 10.1109_imcet69180.2026.11503758.pdf,
2026-08-19T17:52:00.109437+00:00,,10.1002/mrm.70172,2026,Accelerated Chemical Exchange Saturation Transfer Imaging With Deep Unrolling Networks and Synthetic Brain Tumor Datasets,,exclude,0.75,fulltext_recovered341,,"wrong_outcome: Proposes a model-based deep unrolling reconstruction network (MoDL-ADMM) for accelerated brain-tumor CEST imaging benchmarked with standard reconstruction-error metrics against other reconstruction methods, but does not propose or evaluate a dedicated fidelity/safety assessment methodology.",,,FALSE,"{""claude_fulltext_recovered"": ""exclude""}","[""we unrolled the alternating direction method of multipliers (ADMM) optimization for image reconstruction into a network, named MoDL-ADMM"", ""MoDL-ADMM consistently reconstructed accurate source images and amide proton transfer-weighted (APTw) maps, outperforming GRAPPA, L + S, the original MoDL, and CEST-VN""]",C:/Users/V133280/RMIT University/Thai Pham - StrokeVault/Brain MRI Reconstruction Safety Review - Broad\Full Text Screening\PDF-Retrieved-ALL\Recovered_from_NotRetrieved_341\2026 - Accelerated Chemical Exchange Saturation Transfer Imaging With Deep Unrolling Networks and Synthetic Brain Tumor Datasets - 10.1002_mrm.70172.pdf,
2026-08-19T17:52:00.109437+00:00,,10.1016/j.ejrad.2025.112497,2026,Accurate multi-b-value DWI generation using two-stage deep learning multicenter study,,include,0.55,fulltext_recovered341,"on_topic_recon_safety_eval: Multicenter evaluation of a GAN-based DWI synthesis pipeline (including brain/head data) against ground truth with quantitative fidelity metrics plus radiologist Likert scoring and ICC, explicitly flagging hallucination/distortion risk as a safety concern requiring further validation.",,,,TRUE,"{""claude_fulltext_recovered"": ""include""}","[""a total of 50,000 images across five anatomical regions (brain, breast, abdomen, neck, pelvis)"", ""Performance was evaluated using MSE, MAE, PSNR, and SSIM, and radiologist Likert ratings with ICC for synthetic images at non-trained b-values"", ""Recognizing potential hallucination or distortion, further multi-center clinical validation is required""]",C:/Users/V133280/RMIT University/Thai Pham - StrokeVault/Brain MRI Reconstruction Safety Review - Broad\Full Text Screening\PDF-Retrieved-ALL\Recovered_from_NotRetrieved_341\2026 - Accurate multi-b-value DWI generation using two-stage deep learning multicenter study - 10.1016_j.ejrad.2025.112497.pdf,
2026-08-19T17:52:00.109437+00:00,,10.1109/icbdml68582.2026.11544982,2026,AutoRDH-Net A Hybrid Autoencoder-LSTM Model for MRI Brain Tumor Image Analysis,,exclude,0.75,fulltext_recovered341,,"wrong_outcome: Proposes an autoencoder-LSTM preprocessing/denoising pipeline for brain tumor detection and classification, evaluated with standard PSNR/SSIM/MSE improvements as incidental validation, rather than proposing or evaluating a dedicated reconstruction fidelity/safety assessment method.",,,FALSE,"{""claude_fulltext_recovered"": ""exclude""}","[""the author presents an improved network of a deep learning-based model named AutoRDH-Net, which is used to address three aspects of improving images in MRI of the brain to be more accurate by detecting tumors and classifying them"", ""the proposed AutoRDH-Net model has a higher PSNR of 20.928 dB and much better SSIM of 0.712""]",C:/Users/V133280/RMIT University/Thai Pham - StrokeVault/Brain MRI Reconstruction Safety Review - Broad\Full Text Screening\PDF-Retrieved-ALL\Recovered_from_NotRetrieved_341\2026 - AutoRDH-Net A Hybrid Autoencoder-LSTM Model for MRI Brain Tumor Image Analysis - 10.1109_icbdml68582.2026.11544982.pdf,
2026-08-19T17:52:00.109437+00:00,,10.1007/s12021-026-09800-6,2026,Brain Graph Sparsification for fMRI-based Connectome Analysis,,exclude,0.93,fulltext_recovered341,,out_of_scope: A methodological review of fMRI functional-connectivity graph sparsification techniques for connectome analysis; unrelated to AI/ML MRI image reconstruction fidelity or safety evaluation.,,,FALSE,"{""claude_fulltext_recovered"": ""exclude""}","[""we provide a taxonomy-driven methodological review of fMRI-based brain graph sparsification"", ""we organize existing methods into topology-guided and supervision-guided paradigms""]",C:/Users/V133280/RMIT University/Thai Pham - StrokeVault/Brain MRI Reconstruction Safety Review - Broad\Full Text Screening\PDF-Retrieved-ALL\Recovered_from_NotRetrieved_341\2026 - Brain Graph Sparsification for fMRI-based Connectome Analysis - 10.1007_s12021-026-09800-6.pdf,
2026-08-19T17:52:00.109437+00:00,,10.1007/s10278-026-02059-y,2026,BrainGAN Framework for Generating Synthetic Contrast-Enhanced Multisequence MRI,,include,0.75,fulltext_recovered341,on_topic_recon_safety_eval: Proposes and evaluates four GAN architectures for synthesizing contrast-enhanced brain MRI from noncontrast scans using both quantitative fidelity metrics and an expert-based visual Turing test.,,,,FALSE,"{""claude_fulltext_recovered"": ""include""}","[""Qualitative evaluation employed a visual Turing test conducted by expert neuroradiologists"", ""The overall visual Turing test accuracy was 61.4%"", ""Pix2PixHD achieved the highest performance (T1: SSIM 0.90, PSNR 29.2 dB""]",C:/Users/V133280/RMIT University/Thai Pham - StrokeVault/Brain MRI Reconstruction Safety Review - Broad\Full Text Screening\PDF-Retrieved-ALL\Recovered_from_NotRetrieved_341\2026 - BrainGAN Framework for Generating Synthetic Contrast-Enhanced Multisequence MRI - 10.1007_s10278-026-02059-y.pdf,
2026-08-19T17:52:00.109437+00:00,,10.1007/s00371-026-04438-6,2026,CIPHER cross-modal integrated and pathology-aware embedded,,exclude,0.75,fulltext_recovered341,,"wrong_intervention_or_index: This is a diffusion model for cross-modal MRI-to-PET translation, not an AI/ML MRI reconstruction method, and evaluation is standard MAE/MSE/PSNR/SSIM without a fidelity/safety-evaluation contribution.",,,FALSE,"{""claude_fulltext_recovered"": ""exclude""}","[""a pathology-aware conditional diffusion framework for accurate structure- and pathology-aware MRI-to-PET translation"", ""CIPHER achieves improved performance in terms of MAE, MSE, PSNR, and SSIM compared with state-of-the-art baseline methods""]",C:/Users/V133280/RMIT University/Thai Pham - StrokeVault/Brain MRI Reconstruction Safety Review - Broad\Full Text Screening\PDF-Retrieved-ALL\Recovered_from_NotRetrieved_341\2026 - CIPHER cross-modal integrated and pathology-aware embedded - 10.1007_s00371-026-04438-6.pdf,
2026-08-19T17:52:00.109437+00:00,,10.1109/elcon-cn69892.2026.11414003,2026,CTCF Cascaded Transformer with Cross-Attention and Super-Resolution for Medical Image Registration,,exclude,0.75,fulltext_recovered341,,"wrong_intervention_or_index: This is a deformable image registration method (with an SR-based decoder for the deformation field), not an evaluation of AI-based MRI reconstruction fidelity/safety.",,,FALSE,"{""claude_fulltext_recovered"": ""exclude""}","[""a hybrid deep learning framework for unsupervised deformable medical image registration that combines transformer-based global correspondence modeling with super-resolution deformation reconstruction"", ""evaluated on the OASIS 3D brain MRI dataset and compared against state-of-the-art transformer-based registration models""]",C:/Users/V133280/RMIT University/Thai Pham - StrokeVault/Brain MRI Reconstruction Safety Review - Broad\Full Text Screening\PDF-Retrieved-ALL\Recovered_from_NotRetrieved_341\2026 - CTCF Cascaded Transformer with Cross-Attention and Super-Resolution for Medical Image Registration - 10.1109_elcon-cn69892.2026.11414003.pdf,
2026-08-19T17:52:00.109437+00:00,,10.1007/s11042-026-21417-0,2026,CWT and phase congruency moments based multimodal image fusion,,exclude,0.8,fulltext_recovered341,,wrong_intervention_or_index: This is a classical (non-AI/ML) wavelet/phase-congruency based MRI-CT image fusion method with no deep learning component and no reconstruction-fidelity evaluation contribution.,,,FALSE,"{""claude_fulltext_recovered"": ""exclude""}","[""a hybrid fusion framework based on Continuous Wavelet Transform (CWT), Dual-Tree Complex Wavelet Transform (DTCWT), and PhaseCongruency (PC)"", ""achieves superior performance compared to recent deep learning-based fusion models, attaining a PSNR of 48 dB""]",C:/Users/V133280/RMIT University/Thai Pham - StrokeVault/Brain MRI Reconstruction Safety Review - Broad\Full Text Screening\PDF-Retrieved-ALL\Recovered_from_NotRetrieved_341\2026 - CWT and phase congruency moments based multimodal image fusion - 10.1007_s11042-026-21417-0.pdf,
2026-08-19T17:52:00.109437+00:00,,10.3174/ajnr.a8992,2026,Clinical Validation of Deep Learning-Accelerated versus Wave-CAIPI Postcontrast 3D T1-MPRAGE for Evaluation of Intracranial Enhancing Lesions,AJNR Am J Neuroradiol,include,0.85,fulltext_recovered341,"on_topic_recon_safety_eval: Blinded head-to-head neuroradiologist evaluation of DL-reconstructed brain MRI against a validated accelerated sequence, assessing lesion visualization, sharpness, noise, artifacts and overall diagnostic quality with noninferiority testing.",,,,FALSE,"{""claude_fulltext_recovered"": ""include""}","[""Two independent neuroradiologists conducted a blinded, randomized head-to-head comparison of the 2 sequences"", ""DL-T1-MPRAGE was noninferior to Wave-CAIPI T1-MPRAGE for delineating enhancing lesions with unanimous agreement in all cases with enhancing pathology""]",C:/Users/V133280/RMIT University/Thai Pham - StrokeVault/Brain MRI Reconstruction Safety Review - Broad\Full Text Screening\PDF-Retrieved-ALL\Recovered_from_NotRetrieved_341\2026 - Clinical Validation of Deep Learning-Accelerated versus Wave-CAIPI Postcontrast 3D T1-MPRAGE for Evaluation of Intracranial Enhancing Lesions - 10.3174_ajnr.a8992.pdf,
2026-08-19T17:52:00.109437+00:00,,10.1007/s10278-026-02089-6,2026,Complex-valued Multi-scale Hybrid Attention Network for Fast MRI,,exclude,0.65,fulltext_recovered341,,"wrong_outcome: This is a reconstruction-network architecture paper evaluated only with standard automated similarity metrics (SSIM, PSNR, NMSE, APD), with no fidelity/safety-specific evaluation methodology or human/expert assessment.",,,TRUE,"{""claude_fulltext_recovered"": ""exclude""}","[""SCMAU-Net improves SSIM by 1.6%, PSNR by 0.87 dB, and reduces NMSE by 16.2%"", ""SCMAU-Net achieves up to a 20.6% reduction in APD (absolute phase disparity) in full-image evaluation""]",C:/Users/V133280/RMIT University/Thai Pham - StrokeVault/Brain MRI Reconstruction Safety Review - Broad\Full Text Screening\PDF-Retrieved-ALL\Recovered_from_NotRetrieved_341\2026 - Complex-valued Multi-scale Hybrid Attention Network for Fast MRI - 10.1007_s10278-026-02089-6.pdf,
2026-08-19T17:52:00.109437+00:00,,10.1109/gcwot69191.2026.11499484,2026,Confidence-Aware Feature Recovery Using Fuzzy Denoising Autoencoders in Biomedical Datasets,,exclude,0.85,fulltext_recovered341,,"wrong_population: This paper imputes missing tabular symptom/clinical features in neuropsychiatric datasets, not MRI images, and has no connection to MRI reconstruction fidelity.",,,FALSE,"{""claude_fulltext_recovered"": ""exclude""}","[""Two neuropsychiatric datasets sourced from www.Kaggle.com were utilized in this study: a Mental Illness dataset and a Schizophrenia dataset"", ""recover missing features while quantifying their reliability""]",C:/Users/V133280/RMIT University/Thai Pham - StrokeVault/Brain MRI Reconstruction Safety Review - Broad\Full Text Screening\PDF-Retrieved-ALL\Recovered_from_NotRetrieved_341\2026 - Confidence-Aware Feature Recovery Using Fuzzy Denoising Autoencoders in Biomedical Datasets - 10.1109_gcwot69191.2026.11499484.pdf,
2026-08-19T17:52:00.109437+00:00,,10.1002/mrm.70390,2026,"Correcting 129Xe Gas Exchange MRI for Incidental Gas-Phase Excitation - Comparing Approaches, and Identifying Acceptable Thresholds for Reliable Quantification",Magnetic Resonance in Medicine,exclude,0.85,fulltext_recovered341,,"wrong_population: This is a hyperpolarized 129Xe pulmonary gas-exchange MRI signal-contamination correction study using classical (non-AI/ML) dual-echo and spectroscopic correction methods, unrelated to brain MRI or AI reconstruction.",,,FALSE,"{""claude_fulltext_recovered"": ""exclude""}","[""Incidental excitation of the gas-phase resonance during 129Xe gas exchange MRI introduces contamination that can bias membrane uptake and red blood cell (RBC) transfer metrics"", ""compared the dual-echo (Hahn) and spectroscopy-informed (Willmering) frameworks to correct for it""]","C:/Users/V133280/RMIT University/Thai Pham - StrokeVault/Brain MRI Reconstruction Safety Review - Broad\Full Text Screening\PDF-Retrieved-ALL\Recovered_from_NotRetrieved_341\2026 - Correcting 129Xe Gas Exchange MRI for Incidental Gas-Phase Excitation - Comparing Approaches, and Identifying Acceptable Thresholds for Reliable Quantification - 10.1002_mrm.70390.pdf",
2026-08-19T17:52:00.109437+00:00,,10.1109/icici68773.2026.11580971,2026,Deep Learning based Denoising Framework for High-Fidelity Brain MRI Reconstruction,,include,0.55,fulltext_recovered341,"on_topic_recon_safety_eval: Proposes a convolutional denoising autoencoder for brain MRI explicitly aimed at preserving anatomical fidelity versus traditional denoising, and compares denoising capability against older techniques to avoid misdiagnosis from over-smoothing or loss of detail.",,,,TRUE,"{""claude_fulltext_recovered"": ""include""}","[""The framework therefore utilizes the application of CDAE so as to eliminate the noise and maintain the high anatomy of the images"", ""the denoising Capability of CDAE model is also under comparison with the part of the older techniques"", ""Traditional denoising filters either exaggerate smooth an image or fail to preserve the fine details and that becomes extremely dangerous in wrong diagnosis""]",C:/Users/V133280/RMIT University/Thai Pham - StrokeVault/Brain MRI Reconstruction Safety Review - Broad\Full Text Screening\PDF-Retrieved-ALL\Recovered_from_NotRetrieved_341\2026 - Deep Learning based Denoising Framework for High-Fidelity Brain MRI Reconstruction - 10.1109_icici68773.2026.11580971.pdf,
2026-08-19T17:52:00.109437+00:00,,10.3174/ajnr.a9140,2026,Deep Learning-Accelerated 3D FLAIR Enables Reliable MS Lesion Detection,AJNR Am J Neuroradiol,include,0.85,fulltext_recovered341,"on_topic_recon_safety_eval: Prospective blinded clinical study comparing DL-reconstructed vs reference 3D FLAIR brain MRI for detection of demyelinating lesions, including a subthreshold-lesion omission analysis and automated AI lesion-detection concordance.",,,,FALSE,"{""claude_fulltext_recovered"": ""include""}","[""Six subthreshold lesions (,3 mm) were missed in 3 patients (3.95%; 95% CI, 1.03%-11.88%), all scanned with the 20-channel coil"", ""Automated analysis using an artificial intelligence-based tool confirmed complete concordance in lesion detection between the two sequences""]",C:/Users/V133280/RMIT University/Thai Pham - StrokeVault/Brain MRI Reconstruction Safety Review - Broad\Full Text Screening\PDF-Retrieved-ALL\Recovered_from_NotRetrieved_341\2026 - Deep Learning-Accelerated 3D FLAIR Enables Reliable MS Lesion Detection - 10.3174_ajnr.a9140.pdf,
2026-08-19T17:52:00.109437+00:00,,10.3174/ajnr.a9097,2026,Deep-Learning Accelerated Vessel Wall Imaging Using T1-SPACE at Ultra-High-Field Strength MRI,AJNR Am J Neuroradiol,include,0.8,fulltext_recovered341,"on_topic_recon_safety_eval: Blinded neuroradiologist comparison of DL-based reconstructed vs standard-of-care intracranial vessel wall MRI at 7T, scoring wall/lumen visualization, noise, artifacts, sharpness and overall image quality as a fidelity evaluation.",,,,FALSE,"{""claude_fulltext_recovered"": ""include""}","[""Two independent neuroradiologists assessed overall image quality (noise, artifacts, sharpness, and overall quality) and wall and lumen visualization"", ""T1-SPACEDL yielded markedly higher ratings than T1-SPACESOC""]",C:/Users/V133280/RMIT University/Thai Pham - StrokeVault/Brain MRI Reconstruction Safety Review - Broad\Full Text Screening\PDF-Retrieved-ALL\Recovered_from_NotRetrieved_341\2026 - Deep-Learning Accelerated Vessel Wall Imaging Using T1-SPACE at Ultra-High-Field Strength MRI - 10.3174_ajnr.a9097.pdf,
2026-08-19T17:52:00.109437+00:00,,10.1109/icipai70034.2026.11605782,2026,Dual-Branch Residual Attention Network for MRI Super-Resolution,,exclude,0.7,fulltext_recovered341,,"wrong_outcome: This is a super-resolution architecture paper evaluated solely with standard automated fidelity metrics (PSNR, SSIM, NRMSE, LPIPS, FSIM) on a healthy-subject dataset, with no safety/hallucination-specific evaluation methodology or human assessment.",,,TRUE,"{""claude_fulltext_recovered"": ""exclude""}","[""Extensive experiments on the IXI brain MRI dataset demonstrate superior performance among the seven evaluated baselines, with PSNR of 31.42 dB and SSIM of 0.9323"", ""All models are trained and evaluated on the IXI dataset (581 healthy subjects, three London hospitals)""]",C:/Users/V133280/RMIT University/Thai Pham - StrokeVault/Brain MRI Reconstruction Safety Review - Broad\Full Text Screening\PDF-Retrieved-ALL\Recovered_from_NotRetrieved_341\2026 - Dual-Branch Residual Attention Network for MRI Super-Resolution - 10.1109_icipai70034.2026.11605782.pdf,
2026-08-19T17:52:00.109437+00:00,,10.1109/tip.2026.3687095,2026,Dual-Masked and Discriminative Reconstruction for Unified Vision Anomaly Detection,IEEE Transactions on Image Processing,exclude,0.75,fulltext_recovered341,,"out_of_scope: This paper uses reconstruction networks as an unsupervised anomaly-detection mechanism across industrial and medical images (including brain MRI as one of six benchmark datasets), not as an evaluation of AI MRI reconstruction fidelity/safety.",,,FALSE,"{""claude_fulltext_recovered"": ""exclude""}","[""Unsupervised reconstruction networks have shown promise for unified vision anomaly detection"", ""D2Rec outperforms previous methods on three industrial benchmarks (MVTec, BTAD, and VisA), and three medical datasets (Brain MRI, Liver CT and Retinal OCT)""]",C:/Users/V133280/RMIT University/Thai Pham - StrokeVault/Brain MRI Reconstruction Safety Review - Broad\Full Text Screening\PDF-Retrieved-ALL\Recovered_from_NotRetrieved_341\2026 - Dual-Masked and Discriminative Reconstruction for Unified Vision Anomaly Detection - 10.1109_tip.2026.3687095.pdf,
2026-08-19T17:52:00.109437+00:00,,10.1016/j.jneumeth.2026.110759,2026,EEG-AI An agentic system for AI-assisted semi-automated EEG preprocessing,Journal of Neuroscience Methods,exclude,0.9,fulltext_recovered341,,"wrong_population: This is an LLM-driven agentic system for EEG artifact removal and preprocessing, not MRI imaging, so it is out of scope for brain MRI reconstruction fidelity evaluation.",,,FALSE,"{""claude_fulltext_recovered"": ""exclude""}","[""This study aims to develop a human-in-the-loop preprocessing framework, in which AI agents assist experts in identifying, labeling, and iteratively refining artifact removal decisions"", ""Evaluations were conducted using both synthetic EEG data and expert-annotated empirical datasets to assess artifact detection, ICA classification accuracy, and reconstruction quality""]",C:/Users/V133280/RMIT University/Thai Pham - StrokeVault/Brain MRI Reconstruction Safety Review - Broad\Full Text Screening\PDF-Retrieved-ALL\Recovered_from_NotRetrieved_341\2026 - EEG-AI An agentic system for AI-assisted semi-automated EEG preprocessing - 10.1016_j.jneumeth.2026.110759.pdf,
2026-08-19T17:52:00.109437+00:00,,10.1109/icmlas67792.2026.11484016,2026,ESRGAN-Enhanced MRI Brain Tumor Detection and Classification Using Hierarchical GoogLeNet,,exclude,0.7,fulltext_recovered341,,"wrong_outcome: This paper uses ESRGAN super-resolution merely as a preprocessing step for a hierarchical brain tumor detection/classification pipeline; its focus and evaluation are tumor classification accuracy, not reconstruction fidelity/safety evaluation.",,,FALSE,"{""claude_fulltext_recovered"": ""exclude""}","[""It introduces a system of automated analysis of brain tumors, which improves MRI with the help of ESRGAN in super-resolution reconstructions and GoogLeNet in feature extraction and classification"", ""The proposed system can do hierarchical classification which is capable of distinguishing among various types of tumors""]",C:/Users/V133280/RMIT University/Thai Pham - StrokeVault/Brain MRI Reconstruction Safety Review - Broad\Full Text Screening\PDF-Retrieved-ALL\Recovered_from_NotRetrieved_341\2026 - ESRGAN-Enhanced MRI Brain Tumor Detection and Classification Using Hierarchical GoogLeNet - 10.1109_icmlas67792.2026.11484016.pdf,
2026-08-19T17:52:00.109437+00:00,,10.1016/j.jneumeth.2025.110643,2026,Empirical multi-scale thresholding for evoked neural activity denoising,Journal of Neuroscience Methods,exclude,0.95,fulltext_recovered341,,"wrong_intervention_or_index: This paper proposes a bootstrap-based wavelet thresholding method for denoising evoked-potential (ECoG/DBS) time-series signals, not an AI/ML-based MRI reconstruction method or its fidelity/safety evaluation.",,,FALSE,"{""claude_fulltext_recovered"": ""exclude""}","[""This study presents a novel framework to estimate the noise distribution around EPs without relying on prior assumptions."", ""evaluated using electrocorticographic (ECoG) recordings, including synthetic and real EPs""]",C:/Users/V133280/RMIT University/Thai Pham - StrokeVault/Brain MRI Reconstruction Safety Review - Broad\Full Text Screening\PDF-Retrieved-ALL\Recovered_from_NotRetrieved_341\2026 - Empirical multi-scale thresholding for evoked neural activity denoising - 10.1016_j.jneumeth.2025.110643.pdf,
2026-08-19T17:52:00.109437+00:00,,10.3174/ajnr.a8950,2026,Enhanced Spinal Cord Lesion Detection in MS Using White-Matter-Nulled 3D MPRAGE with Deep Learning Reconstruction,AJNR Am J Neuroradiol,exclude,0.85,fulltext_recovered341,,wrong_population: This is a clinical diagnostic-performance study of a spinal cord (not brain) MRI sequence with vendor DL denoising applied only to improve SNR; it does not propose or evaluate a method for assessing reconstruction fidelity/safety.,,,FALSE,"{""claude_fulltext_recovered"": ""exclude""}","[""This study evaluated the diagnostic performance of a new imaging technique for SC lesion detection, the 3D white-matter-nulled (WMn) MPRAGE sequence"", ""A deep learning denoising method was applied to 3D WMn to compensate the inherent low signal.""]",C:/Users/V133280/RMIT University/Thai Pham - StrokeVault/Brain MRI Reconstruction Safety Review - Broad\Full Text Screening\PDF-Retrieved-ALL\Recovered_from_NotRetrieved_341\2026 - Enhanced Spinal Cord Lesion Detection in MS Using White-Matter-Nulled 3D MPRAGE with Deep Learning Reconstruction - 10.3174_ajnr.a8950.pdf,
2026-08-19T17:52:00.109437+00:00,,10.1016/j.mri.2026.110674,2026,Geometrically-derived density compensation function for gridding reconstruction of 2D and 3D non-Cartesian MRI,Magnetic Resonance Imaging,exclude,0.93,fulltext_recovered341,,wrong_intervention_or_index: This is a classical analytical (non-AI/ML) density-compensation-function method for non-Cartesian gridding reconstruction with no fidelity/safety-evaluation contribution for AI/ML reconstruction.,,,FALSE,"{""claude_fulltext_recovered"": ""exclude""}","[""sample weights were analytically computed as the inverse sum of the overlap degrees between neighboring radial k-space samples"", ""Performance was benchmarked against existing DCF methods, including ramp/rho-filter, Voronoi, Pipe, and LSQR""]",C:/Users/V133280/RMIT University/Thai Pham - StrokeVault/Brain MRI Reconstruction Safety Review - Broad\Full Text Screening\PDF-Retrieved-ALL\Recovered_from_NotRetrieved_341\2026 - Geometrically-derived density compensation function for gridding reconstruction of 2D and 3D non-Cartesian MRI - 10.1016_j.mri.2026.110674.pdf,
2026-08-19T17:52:00.109437+00:00,,10.1109/tmi.2026.3677132,2026,Head Motion Correction Based on Pilot Tone Signals in MRI A Referenceless Method,IEEE Transactions on Medical Imaging,exclude,0.85,fulltext_recovered341,,"wrong_intervention_or_index: The proposed motion-correction algorithm is a non-AI/ML hardware+gradient-entropy-minimization method (explicitly contrasted with DL approaches), so it does not meet the AI/ML-based reconstruction criterion despite using SSIM/DSC evaluation.",,,FALSE,"{""claude_fulltext_recovered"": ""exclude""}","[""a motion-parameter space is searched while minimizing the ‘gradient entropy’ of the reconstructed image"", ""More recently, deep learning (DL) methods have gained popularity in motion correction... Even though DL seems very promising for motion correction purposes""]",C:/Users/V133280/RMIT University/Thai Pham - StrokeVault/Brain MRI Reconstruction Safety Review - Broad\Full Text Screening\PDF-Retrieved-ALL\Recovered_from_NotRetrieved_341\2026 - Head Motion Correction Based on Pilot Tone Signals in MRI A Referenceless Method - 10.1109_tmi.2026.3677132.pdf,
2026-08-19T17:52:00.109437+00:00,,10.1016/j.ultras.2025.107860,2026,High-precision wavefield simulation and deep learning-based sound speed reconstruction,Ultrasonics,exclude,0.93,fulltext_recovered341,,"out_of_scope: This paper is about deep-learning-based speed-of-sound reconstruction for transcranial ultrasound imaging, not MRI, and its fidelity method (wavefield simulation + WAM-Net) does not transfer to brain MRI reconstruction evaluation.",,,FALSE,"{""claude_fulltext_recovered"": ""exclude""}","[""High-precision wavefield simulation and deep learning-based sound speed reconstruction for transcranial ultrasound imaging"", ""we propose a transcranial SoS local reconstruction framework that integrates high-fidelity 2D numerical simulation with deep learning inversion""]",C:/Users/V133280/RMIT University/Thai Pham - StrokeVault/Brain MRI Reconstruction Safety Review - Broad\Full Text Screening\PDF-Retrieved-ALL\Recovered_from_NotRetrieved_341\2026 - High-precision wavefield simulation and deep learning-based sound speed reconstruction - 10.1016_j.ultras.2025.107860.pdf,
2026-08-19T17:52:00.109437+00:00,,10.1016/j.bspc.2026.110600,2026,LoDDPM High-fidelity pseudo-healthy brain MRI synthesis via longitudinal differential guidance,Biomedical Signal Processing and Control,include,0.75,fulltext_recovered341,"on_topic_recon_safety_eval: This paper proposes a diffusion-based (counterfactual pseudo-healthy) brain MRI synthesis framework that explicitly targets and quantitatively evaluates 'generative hallucinations' and personalized anatomical fidelity via novel fidelity metrics (NTF-SSIM, GP-SSIM), directly relevant to AI/ML reconstruction fidelity evaluation.",,,,TRUE,"{""claude_fulltext_recovered"": ""include""}","[""existing single-time-point diffusion models suffer from severe ‘‘generative hallucinations’’ and low personalized fidelity"", ""LoDDPM achieves a high level of performance in both Normal Tissue Fidelity (NTF-SSIM = 0.928) and Growth Plausibility (GP-SSIM = 0.867)""]",C:/Users/V133280/RMIT University/Thai Pham - StrokeVault/Brain MRI Reconstruction Safety Review - Broad\Full Text Screening\PDF-Retrieved-ALL\Recovered_from_NotRetrieved_341\2026 - LoDDPM High-fidelity pseudo-healthy brain MRI synthesis via longitudinal differential guidance - 10.1016_j.bspc.2026.110600.pdf,
2026-08-19T17:52:00.109437+00:00,,10.3174/ajnr.a8977,2026,Motion-Informed 3D Deep Learning Reconstruction in Patients with Cognitive Impairment,AJNR Am J Neuroradiol,include,0.75,fulltext_recovered341,on_topic_recon_safety_eval: This paper validates an AI/ML (unrolled network) DL reconstruction for brain MRI that explicitly targets a reconstruction failure mode (motion-induced anatomical distortion/artifact) and evaluates fidelity via morphometric segmentation accuracy against ground truth plus expert reader ratings.,,,,TRUE,"{""claude_fulltext_recovered"": ""include""}","[""Motion-informed DL reconstruction improved both morphometric accuracy and perceived image quality on 3D T1-weighted brain MRI"", ""The DL-based method with integrated motion correction significantly reduced segmentation error under moderate and severe motion""]",C:/Users/V133280/RMIT University/Thai Pham - StrokeVault/Brain MRI Reconstruction Safety Review - Broad\Full Text Screening\PDF-Retrieved-ALL\Recovered_from_NotRetrieved_341\2026 - Motion-Informed 3D Deep Learning Reconstruction in Patients with Cognitive Impairment - 10.3174_ajnr.a8977.pdf,
2026-08-19T17:52:00.109437+00:00,,10.1007/s00117-026-01608-4,2026,Multimodal large language models in brain tumor imaging clinical,Die Radiologie,exclude,0.85,fulltext_recovered341,,"out_of_scope: This is a general review of MLLM architectures and clinical applications (diagnosis, prognosis, treatment planning, report generation) in neuro-oncology imaging; it does not address evaluation of AI/ML MRI reconstruction fidelity/safety or use MLLMs as judges of reconstruction.",,,FALSE,"{""claude_fulltext_recovered"": ""exclude""}","[""This review provides a comprehensive overview of MLLMs, covering their methodological foundations, representation learning strategies, and cross-modal alignment mechanisms."", ""we... summarize their applications in both research and emerging clinical settings, including diagnosis support, prognosis prediction, treatment planning assistance, and radiology report generation""]",C:/Users/V133280/RMIT University/Thai Pham - StrokeVault/Brain MRI Reconstruction Safety Review - Broad\Full Text Screening\PDF-Retrieved-ALL\Recovered_from_NotRetrieved_341\2026 - Multimodal large language models in brain tumor imaging clinical - 10.1007_s00117-026-01608-4.pdf,
2026-08-19T17:52:00.109437+00:00,,10.1007/s11042-026-21700-0,2026,StegoMed a GAN inspired medical image steganography,Multimedia Tools and Applications,exclude,0.9,fulltext_recovered341,,"wrong_intervention_or_index: This is a steganography framework for embedding/recovering MRI images inside cover images for secure teleradiology transmission, not a method for assessing AI/ML-based MRI reconstruction safety/fidelity or addressing reconstruction failure modes like hallucinated pathology.",,,FALSE,"{""claude_fulltext_recovered"": ""exclude""}","[""StegoMed, a deep learning-based framework intended to facilitate secure transmission of medical images in teleradiology environments"", ""The proposed framework embeds MRI brain images within natural cover images and subsequently reconstructs them with high fidelity.""]",C:/Users/V133280/RMIT University/Thai Pham - StrokeVault/Brain MRI Reconstruction Safety Review - Broad\Full Text Screening\PDF-Retrieved-ALL\Recovered_from_NotRetrieved_341\2026 - StegoMed a GAN inspired medical image steganography - 10.1007_s11042-026-21700-0.pdf,
2026-08-19T17:52:00.109437+00:00,,,,arXiv 2201.13271v2,,exclude,0.65,fulltext_recovered341,,"wrong_outcome: This paper proposes a VAE-based unsupervised anomaly (tumor) detection pipeline that uses reconstruction error as a diagnostic signal, but it is not a method for evaluating the safety/fidelity of AI/ML-based MRI reconstruction itself.",,,TRUE,"{""claude_fulltext_recovered"": ""exclude""}","[""a possible solution is an unsupervised anomaly detection (UAD) system that can learn a data distribution from an unlabelled dataset of healthy subjects"", ""The proposed pipeline achieved a Dice score of 0.642±0.101 while detecting tumours in T2w images of the BraTS dataset""]",C:/Users/V133280/RMIT University/Thai Pham - StrokeVault/Brain MRI Reconstruction Safety Review - Broad\Full Text Screening\PDF-Retrieved-ALL\Recovered_from_NotRetrieved_341\arXiv 2201.13271v2 - Denoising Autoencoders for Unsupervised Anomaly Detection in Brain MRI.pdf,
2026-08-19T17:52:00.109437+00:00,,,,arXiv 2312.13220v3,,exclude,0.8,fulltext_recovered341+duplicate_adjudication+duplicate_adjudication,,"duplicate_report_of_included_study: arXiv preprint of PMID 39159019 / doi 10.1109/tmi.2024.3446450 (SISMIK), included in its published form; note quarantined",,,FALSE,"{""claude_fulltext_recovered"": ""include""}","[""The method leverages the power of deep neural networks to estimate motion parameters in k-space and uses a model-based approach to restore degraded images to avoid ”hallucinations”"", ""any risk of hallucination is avoided by construction, i.e., the DNN model only estimates motion parameters and reconstruction is performed leveraging the Fourier theorems""]",C:/Users/V133280/RMIT University/Thai Pham - StrokeVault/Brain MRI Reconstruction Safety Review - Broad\Full Text Screening\PDF-Retrieved-ALL\Recovered_from_NotRetrieved_341\arXiv 2312.13220v3 - SISMIK for brain MRI Deep-learning-based motion estimation and model-based motion correction in k-space.pdf,
