timestamp_utc,pmid,doi,year,title,journal,decision,confidence,stage,include_reason,exclude_reason,flag_reason,background_reason,needs_human_review,reviewer_votes,evidence_spans,source_path,copy_path
2026-08-07T06:24:12.085662+00:00,10908917,10.1212/wnl.55.2.315,2000,The fogging effect.,Neurology,exclude,0.97,fulltext_screening_round2,,"out_of_scope: Case report describing a CT/MRI pseudo-normalization pitfall in subacute stroke imaging, with no AI/ML reconstruction method and no reconstruction-fidelity evaluation contribution.",,,FALSE,"{""Dat Mai_fulltext_round2"": ""exclude""}","[""This phenomenon in which initially hypodense ischemic areas transiently become isodense to normal brain has been termed the “fogging effect.”"", ""The fogging effect has been described with CT imaging and with T1-weighted MRI""]",C:/Users/V133280/RMIT University/Thai Pham - StrokeVault/Brain MRI Reconstruction Safety Review - Broad\Full Text Screening\PDF-Missing\2000 - The fogging effect. - PMID 10908917.pdf,
2026-08-07T06:24:12.085662+00:00,12808157,10.1093/ndt/gfg114,2003,Diagnosis of renal artery stenosis with magnetic resonance angiography: update 2003.,"Nephrology, dialysis, transplantation : official publication of the European Dialysis and Transplant Association - European Renal Association",exclude,0.97,fulltext_screening_round2,,wrong_population: Editorial review of renal artery 3D gadolinium MRA and flow-measurement techniques for kidney disease; non-brain population with no AI/ML and no brain-MRI-transferable fidelity-evaluation contribution.,,,FALSE,"{""Dat Mai_fulltext_round2"": ""exclude""}","[""Three-dimensional (3D) gadolinium magnetic resonance angiography (MRA) has been established as a safe and reliable technique for detection and grading of renal artery stenosis."", ""Nephrol Dial Transplant (2003) 18: Editorial Comments""]",C:/Users/V133280/RMIT University/Thai Pham - StrokeVault/Brain MRI Reconstruction Safety Review - Broad\Full Text Screening\PDF-Missing\2003 - Diagnosis of renal artery stenosis with magnetic resonance angiography update 2003. - PMID 12808157.pdf,
2026-08-07T06:24:12.085662+00:00,12607529,10.1007/s00330-002-1693-7,2003,MR venography.,European radiology,exclude,0.97,fulltext_screening_round2,,"review_editorial_protocol_commentary: Editorial on time-of-flight and contrast-enhanced MR venography for hemodialysis access planning in the upper limb; non-brain, no AI/ML, no reconstruction-fidelity methodology.",,,FALSE,"{""Dat Mai_fulltext_round2"": ""exclude""}","[""E D I T O R I A L"", ""illustrates the application of a non-invasive MR venography technique as an accurate tool for the preoperative planning of hemodialysis access fistula""]",C:/Users/V133280/RMIT University/Thai Pham - StrokeVault/Brain MRI Reconstruction Safety Review - Broad\Full Text Screening\PDF-Missing\2003 - MR venography. - PMID 12607529.pdf,
2026-08-07T06:24:12.085662+00:00,15750828,10.1007/s00259-005-1778-z,2005,Heterogeneity of cerebral blood flow in dementia.,European journal of nuclear medicine and molecular imaging,exclude,0.95,fulltext_screening_round2,,out_of_scope: Correspondence critiquing a fractal-dimension analysis method applied to SPECT (not MRI) perfusion images; wrong imaging modality and no AI/ML reconstruction-fidelity contribution.,,,FALSE,"{""Dat Mai_fulltext_round2"": ""exclude""}","[""They delineated the SPECT images using a 35% and a 50% cut-off of the maximal voxel radioactivity"", ""Dear Sir,""]",C:/Users/V133280/RMIT University/Thai Pham - StrokeVault/Brain MRI Reconstruction Safety Review - Broad\Full Text Screening\PDF-Missing\2005 - Heterogeneity of cerebral blood flow in dementia. - PMID 15750828.pdf,
2026-08-07T06:24:12.085662+00:00,23555711,10.1371/journal.pone.0059573,2013,Automated transmission-mode scanning electron microscopy (tSEM) for large volume analysis at nanoscale resolution.,PloS one,exclude,0.98,fulltext_screening_round2,,out_of_scope: Describes a nanoscale electron microscopy imaging platform for rat brain synaptic ultrastructure; not MRI and not an AI/ML reconstruction-fidelity evaluation method.,,,FALSE,"{""Dat Mai_fulltext_round2"": ""exclude""}","[""Transmission-mode scanning electron microscopy (tSEM) on a field emission SEM platform was developed for efficient and cost-effective imaging of circuit-scale volumes from brain at nanoscale resolution."", ""Hippocampal dentate gyrus tissue was obtained from adult rats""]",C:/Users/V133280/RMIT University/Thai Pham - StrokeVault/Brain MRI Reconstruction Safety Review - Broad\Full Text Screening\PDF-Missing\2013 - Automated transmission-mode scanning electron microscopy (tSEM) for large volume analysis at nanoscale resolution. - PMID 23555711.pdf,
2026-08-07T06:24:12.085662+00:00,25320803,10.1007/978-3-319-10443-0_29,2014,Image quality transfer via random forest regression: applications in diffusion MRI.,Medical image computing and computer-assisted intervention : MICCAI ... International Conference on Medical Image Computing and Computer-Assisted Intervention,exclude,0.7,fulltext_screening_round2+Thu_adjudication,,"wrong_intervention_or_index: Resolves the intervention_unclear flag toward exclude: the paper's contribution is the image-quality-transfer reconstruction method itself, and fidelity is assessed only via routine RMSE against HCP ground truth in healthy subjects, with no stress-testing of hallucination, omission, or distortion failure modes. Robustness in the presence of pathology is explicitly deferred to future work, so the paper lacks a safety/fidelity-evaluation contribution beyond routine method validation.",,,FALSE,"{""Dat Mai_fulltext_round2"": ""flagged"", ""Thu_adjudicator"": ""exclude""}","[""Experiments quantify the improvement against alternative image reconstructions in comparison to ground truth"", ""Further work must establish sufficiency of reliability to make downstream improvements in practical applications"", ""However, further work needs to evaluate performance in such situations.""]",C:/Users/V133280/RMIT University/Thai Pham - StrokeVault/Brain MRI Reconstruction Safety Review - Broad\Full Text Screening\PDF-Missing\2014 - Image quality transfer via random forest regression applications in diffusion MRI. - PMID 25320803.pdf,
2026-08-07T06:24:12.085662+00:00,24677391,10.1002/jmri.24622,2015,Image quality versus outcomes.,Journal of magnetic resonance imaging : JMRI,exclude,0.96,fulltext_screening_round2,,review_editorial_protocol_commentary: Opinion editorial arguing that clinical outcomes matter more than image quality across general MRI applications; no AI/ML reconstruction and no fidelity-evaluation methodology.,,,FALSE,"{""Dat Mai_fulltext_round2"": ""exclude""}","[""Editorial"", ""in this editorial I have the daunting task of convincing the discerning reader otherwise, that outcomes are more relevant than image quality""]",C:/Users/V133280/RMIT University/Thai Pham - StrokeVault/Brain MRI Reconstruction Safety Review - Broad\Full Text Screening\PDF-Missing\2015 - Image quality versus outcomes. - PMID 24677391.pdf,
2026-08-07T06:24:12.085662+00:00,26511101,10.1002/mrm.25854,2016,High spatial resolution compressed sensing (HSPARSE) functional MRI.,Magnetic resonance in medicine,exclude,0.85,fulltext_screening_round2,,wrong_intervention_or_index: Proposes a classical (non-AI/ML) compressed-sensing kt-SPARSE reconstruction for high-resolution fMRI validated with sensitivity/false-positive-rate metrics against Nyquist data; no learned/deep-learning reconstruction and no dedicated fidelity/safety evaluation methodology contribution.,,,FALSE,"{""Dat Mai_fulltext_round2"": ""exclude""}","[""A modified k-t SPARSE method was then implemented and applied with a strategy to optimize regularization parameters for consistent, high quality CS reconstruction."", ""achieves high sensitivity of 69 to 99% compared the original ground-truth, small false positive rate of less than 0.05""]",C:/Users/V133280/RMIT University/Thai Pham - StrokeVault/Brain MRI Reconstruction Safety Review - Broad\Full Text Screening\PDF-Missing\2016 - High spatial resolution compressed sensing (HSPARSE) functional MRI. - PMID 26511101.pdf,
2026-08-07T06:24:12.085662+00:00,26375762,10.1002/mrm.25891,2016,MR-based conductivity imaging using multiple receiver coils.,Magnetic resonance in medicine,exclude,0.95,fulltext_screening_round2,,wrong_intervention_or_index: Proposes a classical phase-based electrical property tomography (EPT) signal-combination method for tissue conductivity mapping; not an AI/ML reconstruction method and not a fidelity/safety evaluation contribution.,,,FALSE,"{""Dat Mai_fulltext_round2"": ""exclude""}","[""To propose a signal combination method for MR-based tissue conductivity mapping using a standard clinical scanner with multiple receiver coils."", ""MR-based electric property imaging is an emerging technique that uses B1 maps to derive information regarding tissue electrical properties""]",C:/Users/V133280/RMIT University/Thai Pham - StrokeVault/Brain MRI Reconstruction Safety Review - Broad\Full Text Screening\PDF-Missing\2016 - MR-based conductivity imaging using multiple receiver coils. - PMID 26375762.pdf,
2026-08-07T06:24:12.085662+00:00,25920076,10.1002/mrm.25705,2016,Motion robust GRAPPA for echo-planar imaging.,Magnetic resonance in medicine,exclude,0.93,fulltext_screening_round2,,wrong_intervention_or_index: Proposes a classical (non-AI/ML) GRAPPA calibration-scan method to reduce motion/B0-related ghosting artifacts in EPI; no AI/ML reconstruction and no dedicated fidelity-evaluation methodology.,,,FALSE,"{""Dat Mai_fulltext_round2"": ""exclude""}","[""A readout-segmented method for acquiring robust GRAPPA calibration data for echo-planar imaging (EPI) was proposed"", ""having 30% lower ghosting intensity than the single shot method and 90% lower ghosting intensity than the interleaved approach""]",C:/Users/V133280/RMIT University/Thai Pham - StrokeVault/Brain MRI Reconstruction Safety Review - Broad\Full Text Screening\PDF-Missing\2016 - Motion robust GRAPPA for echo-planar imaging. - PMID 25920076.pdf,
2026-08-07T06:24:12.085662+00:00,27150232,10.1016/j.neuroimage.2016.04.068,2016,Multi-subject and multi-task experimental validation of the hierarchical Bayesian diffuse optical tomography algorithm.,NeuroImage,exclude,0.9,fulltext_screening_round2,,out_of_scope: Validates a hierarchical Bayesian diffuse optical tomography (fNIRS-based) reconstruction algorithm against fMRI as reference; diffuse optical tomography is an explicitly excluded non-MRI modality with no stated transfer to MRI reconstruction.,,,FALSE,"{""Dat Mai_fulltext_round2"": ""exclude""}","[""Diffuse optical tomography (DOT) is an emerging technology for improving the spatial resolution and spatial specificity of conventional multi-channel near-infrared spectroscopy (NIRS)"", ""We recently proposed a hierarchical Bayesian DOT algorithm that allows for accurate simultaneous reconstruction of scalp and cortical hemodynamic changes""]",C:/Users/V133280/RMIT University/Thai Pham - StrokeVault/Brain MRI Reconstruction Safety Review - Broad\Full Text Screening\PDF-Missing\2016 - Multi-subject and multi-task experimental validation of the hierarchical Bayesian diffuse optical tomography algorithm. - PMID 27150232.pdf,
2026-08-07T06:24:12.085662+00:00,26332610,10.1002/mrm.25915,2016,SENSE reconstruction for multiband EPI including slice-dependent N/2 ghost correction.,Magnetic resonance in medicine,exclude,0.93,fulltext_screening_round2,,wrong_intervention_or_index: Proposes a classical SENSE-based algebraic reconstruction method for multiband EPI ghost correction; no AI/ML and no dedicated fidelity/safety-evaluation methodology.,,,FALSE,"{""Dat Mai_fulltext_round2"": ""exclude""}","[""We propose a simplified solution of this problem that combines SENSE unfolding with the EPI phase correction in the image domain."", ""It suppresses artifacts better than standard SENSE""]",C:/Users/V133280/RMIT University/Thai Pham - StrokeVault/Brain MRI Reconstruction Safety Review - Broad\Full Text Screening\PDF-Missing\2016 - SENSE reconstruction for multiband EPI including slice-dependent N 2 ghost correction. - PMID 26332610.pdf,
2026-08-07T06:24:12.085662+00:00,27090059,10.1002/mrm.26249,2017,Simultaneous multislice accelerated interleaved EPI DWI using generalized blipped-CAIPI acquisition and 3D K-space reconstruction.,Magnetic resonance in medicine,exclude,0.93,fulltext_screening_round2,,"wrong_intervention_or_index: Proposes a classical acquisition and k-space reconstruction method (generalized blipped-CAIPI, SMS 3D k-space) for interleaved EPI diffusion MRI; no AI/ML and no fidelity/safety-evaluation methodology contribution.",,,FALSE,"{""Dat Mai_fulltext_round2"": ""exclude""}","[""a novel acquisition and reconstruction method for SMS-accelerated high-resolution iEPI DWI is proposed"", ""The proposed method successfully unfolded the simultaneously excited slices and effectively suppressed artifacts from intershot phase variations.""]",C:/Users/V133280/RMIT University/Thai Pham - StrokeVault/Brain MRI Reconstruction Safety Review - Broad\Full Text Screening\PDF-Missing\2017 - Simultaneous multislice accelerated interleaved EPI DWI using generalized blipped-CAIPI acquisition and 3D K-space recon - PMID 27090059.pdf,
2026-08-07T06:24:12.085662+00:00,29665420,10.1016/j.neuroimage.2018.04.026,2018,Distortion-matched T1 maps and unbiased T1-weighted images as anatomical reference for high-resolution fMRI.,NeuroImage,exclude,0.93,fulltext_screening_round2,,wrong_intervention_or_index: Introduces a classical EPI-based T1-mapping pulse sequence (T123DEPI) to match anatomical/functional distortions for co-registration; no AI/ML reconstruction and no fidelity/safety-evaluation methodology.,,,FALSE,"{""Dat Mai_fulltext_round2"": ""exclude""}","[""we introduce a novel sequence providing bias-field corrected T1-weighted images and T1-maps with distortions that match those of the fMRI data"", ""Co-registration quality to the mean EPI of matching fMRI timecourses shows markedly less local deviations""]",C:/Users/V133280/RMIT University/Thai Pham - StrokeVault/Brain MRI Reconstruction Safety Review - Broad\Full Text Screening\PDF-Missing\2018 - Distortion-matched T1 maps and unbiased T1-weighted images as anatomical reference for high-resolution fMRI. - PMID 29665420.pdf,
2026-08-07T06:24:12.085662+00:00,29732610,10.1002/mrm.27227,2018,Image reconstruction algorithm for motion insensitive MR Fingerprinting (MRF): MORF.,Magnetic resonance in medicine,exclude,0.7,fulltext_screening_round2,,wrong_intervention_or_index: Proposes an iterative dictionary/pattern-matching motion-correction reconstruction algorithm (MORF) for MR Fingerprinting validated by ground-truth comparison; the pattern-matching approach is not a deep-learning/AI-ML method and the paper's central contribution is the reconstruction algorithm itself rather than a fidelity/safety-evaluation methodology.,,,FALSE,"{""Dat Mai_fulltext_round2"": ""exclude""}","[""A novel reconstruction algorithm, MOtion insensitive MRF (MORF), was developed, which uses an iterative reconstruction based retrospective motion correction approach."", ""results from MORF, the iterative multi-scale (IMS) algorithm, and with the IMS results using data without motion for a ground truth comparison""]",C:/Users/V133280/RMIT University/Thai Pham - StrokeVault/Brain MRI Reconstruction Safety Review - Broad\Full Text Screening\PDF-Missing\2018 - Image reconstruction algorithm for motion insensitive MR Fingerprinting (MRF) MORF. - PMID 29732610.pdf,
2026-08-07T06:24:12.085662+00:00,29380423,10.1002/mrm.27086,2018,Improved tolerance to off-resonance in spectral-spatial EPI of hyperpolarized [1-13 C]pyruvate and metabolites.,Magnetic resonance in medicine,exclude,0.92,fulltext_screening_round2,,"wrong_intervention_or_index: Proposes a classical (non-AI/ML) multi-echo spectral-spatial EPI pulse sequence and signal-decomposition reconstruction pipeline for hyperpolarized 13C metabolic imaging in rat kidneys, with no AI/ML component and no brain MRI relevance.",,,FALSE,"{""Dat Mai_fulltext_round2"": ""exclude""}","[""A hybrid time-resolved pulse sequence, multi-echo spectral-spatial EPI, is proposed"", ""Hyperpolarized [1-13C]pyruvate was administered to two healthy rats."", ""Multi-echo data of the rat kidneys were acquired to test realistic cases of off-resonance.""]",C:/Users/V133280/RMIT University/Thai Pham - StrokeVault/Brain MRI Reconstruction Safety Review - Broad\Full Text Screening\PDF-Missing\2018 - Improved tolerance to off-resonance in spectral-spatial EPI of hyperpolarized 1-13 C pyruvate and metabolites. - PMID 29380423.pdf,
2026-08-07T06:24:12.085662+00:00,29553048,10.1088/1361-6560/aab799,2018,Optimization of the reconstruction parameters in [123I]FP-CIT SPECT.,Physics in medicine and biology,exclude,0.93,fulltext_screening_round2,,"wrong_intervention_or_index: Optimizes classical FBP and OSEM SPECT reconstruction parameters for [123I]FP-CIT dopamine transporter imaging using Monte Carlo simulation; no AI/ML method and the modality is SPECT, not MRI.",,,FALSE,"{""Dat Mai_fulltext_round2"": ""exclude""}","[""Studies were reconstructed using filtered back projection (FBP) with attenuation correction and ordered subset expectation maximization (OSEM)"", ""Monte Carlo (MC) simulation is used, inter alia, to assess quantification protocols"", ""SPECT using [123I]FP-CIT is a well-established diagnostic tool for in vivo evaluation of the nigrostriatal dopaminergic system""]",C:/Users/V133280/RMIT University/Thai Pham - StrokeVault/Brain MRI Reconstruction Safety Review - Broad\Full Text Screening\PDF-Missing\2018 - Optimization of the reconstruction parameters in 123I FP-CIT SPECT. - PMID 29553048.pdf,
2026-08-07T06:24:12.085662+00:00,29468727,10.1002/mrm.27126,2018,"Simultaneous multislice triple-echo steady-state (SMS-TESS) T1 , T2 , PD, and off-resonance mapping in the human brain.",Magnetic resonance in medicine,exclude,0.9,fulltext_screening_round2,,wrong_intervention_or_index: Describes an SMS-TESS pulse sequence with classical SENSE reconstruction for multiparametric T1/T2/PD/off-resonance brain mapping; no AI/ML method and no discussion of reconstruction fidelity failure modes such as hallucination or geometric distortion.,,,FALSE,"{""Dat Mai_fulltext_round2"": ""exclude""}","[""accelerated by an SMS excitation scheme (CAIPIRINHA) with SENSE reconstruction"", ""The aliased TESS images were unfolded using SENSE."", ""The SENSE reconstruction was performed with Tikhonov regularization""]","C:/Users/V133280/RMIT University/Thai Pham - StrokeVault/Brain MRI Reconstruction Safety Review - Broad\Full Text Screening\PDF-Missing\2018 - Simultaneous multislice triple-echo steady-state (SMS-TESS) T1 , T2 , PD, and off-resonance mapping in the human brain. - PMID 29468727.pdf",
2026-08-07T06:24:12.085662+00:00,30575047,10.1002/mp.13345,2019,Cardiac motion and spillover correction for quantitative PET imaging using dynamic MRI.,Medical physics,exclude,0.92,fulltext_screening_round2,,"wrong_population: Proposes a postprocessing motion/spillover correction for cardiac PET/MRI using MR-derived tissue density maps; entirely focused on the myocardium, not the brain, and uses no AI/ML reconstruction method.",,,FALSE,"{""Dat Mai_fulltext_round2"": ""exclude""}","[""a practical correction approach, designed to overcome these existing limitations for quantitative PET imaging, was developed and applied in the context of cardiac PET/MRI"", ""assess differences in metabolic function between scar and healthy myocardium in eight patients with recent acute myocardial infarction"", ""Inspired by a method that has been used in brain PET""]",C:/Users/V133280/RMIT University/Thai Pham - StrokeVault/Brain MRI Reconstruction Safety Review - Broad\Full Text Screening\PDF-Missing\2019 - Cardiac motion and spillover correction for quantitative PET imaging using dynamic MRI. - PMID 30575047.pdf,
2026-08-07T06:24:12.085662+00:00,8705357,10.1109/trpms.2019.2914909,2019,Comparison of a Standard Resolution PET-CT Scanner With an HRRT Brain Scanner for Imaging Small Tumors Within the Head,IEEE Transactions on Radiation and Plasma Medical Sciences,exclude,0.92,fulltext_screening_round2,,"wrong_intervention_or_index: Compares a standard PET-CT scanner with the HRRT dedicated brain PET scanner using classical OP-OSEM reconstruction with/without resolution modeling; no AI/ML and the modality is PET, not MRI.",,,FALSE,"{""Dat Mai_fulltext_round2"": ""exclude""}","[""implementations of 3-D iterative ordinary Poisson ordered subset expectation maximization (OP-OSEM) ... without (No-RM) and with RM were used"", ""We compared a conventional PET-CT scanner (Siemens Biograph TruePoint TrueV) with and without resolution modeling (RM) image reconstruction with a high resolution research tomograph (HRRT)"", ""resolution modeling (RM) reconstruction algorithms which incorporate resolution blurring models may be considered as a software alternative to hardware approaches""]",C:/Users/V133280/RMIT University/Thai Pham - StrokeVault/Brain MRI Reconstruction Safety Review - Broad\Full Text Screening\PDF-Missing\2019 - Comparison of a Standard Resolution PET-CT Scanner With an HRRT Brain Scanner for Imaging Small Tumors Within the Head - IEEEXPLORE 8705357.pdf,
2026-08-07T06:24:12.085662+00:00,30246342,10.1002/mrm.27401,2019,Dictionary-based electric properties tomography.,Magnetic resonance in medicine,exclude,0.8,fulltext_screening_round2+Thu_adjudication,,"out_of_scope: Resolves the intervention_unclear flag toward exclude: the method reconstructs quantitative conductivity maps via electric properties tomography, a modality explicitly listed as out of scope, not anatomical brain MRI reconstruction; its 'machine learning' is a FLANN k-nearest-neighbor dictionary match rather than a learned reconstruction model. The matching-distance reliability map is a byproduct, and no anatomical-fidelity failure modes (hallucination, omission, distortion) are evaluated.",,,FALSE,"{""Dat Mai_fulltext_round2"": ""flagged"", ""Thu_adjudicator"": ""exclude""}","[""The spatial distribution of local matching distance between optimal atom and measured pattern yielded a reconstruction reliability map."", ""the described matching procedure corresponds to a so-called k-nearest neighbor search with k = 1"", ""Electric properties tomography (EPT) allows the determination of electric conductivity""]",C:/Users/V133280/RMIT University/Thai Pham - StrokeVault/Brain MRI Reconstruction Safety Review - Broad\Full Text Screening\PDF-Missing\2019 - Dictionary-based electric properties tomography. - PMID 30246342.pdf,
2026-08-07T06:24:12.085662+00:00,30884475,10.1088/1361-6560/ab10b2,2019,Rigid-body motion correction in hybrid PET/MRI using spherical navigator echoes.,Physics in medicine and biology,exclude,0.88,fulltext_screening_round2,,"wrong_intervention_or_index: Presents spherical navigator echoes (SNAVs), a classical k-space navigator technique, for rigid-body motion correction of simultaneously acquired PET and MR brain images; no AI/ML reconstruction and no fidelity-evaluation contribution beyond motion correction.",,,FALSE,"{""Dat Mai_fulltext_round2"": ""exclude""}","[""we propose spherical navigator echoes (SNAVs)—3D k-space navigators that can accurately and rapidly measure rigid body motion"", ""SNAVs were incorporated into turbo FLASH (tfl)—a product fast gradient echo sequence—to create the tfl-SNAV pulse sequence"", ""Following SNAV motion correction of the MRI and PET list-mode data, artifact reduction was achieved for both the PET and MR images""]",C:/Users/V133280/RMIT University/Thai Pham - StrokeVault/Brain MRI Reconstruction Safety Review - Broad\Full Text Screening\PDF-Missing\2019 - Rigid-body motion correction in hybrid PET MRI using spherical navigator echoes. - PMID 30884475.pdf,
2026-08-07T06:24:12.085662+00:00,30252156,10.1002/mrm.27484,2019,Zero-gradient-excitation ramped hybrid encoding (zGRF -RHE) sodium MRI.,Magnetic resonance in medicine,exclude,0.92,fulltext_screening_round2,,"wrong_intervention_or_index: Introduces zGRF-RHE, a classical zero-gradient-excitation hybrid k-space encoding pulse sequence with Kaiser-Bessel regridding reconstruction for sodium MRI; no AI/ML component.",,,FALSE,"{""Dat Mai_fulltext_round2"": ""exclude""}","[""Images were reconstructed offline via Kaiser‐Bessel re‐gridding in MATLAB"", ""Zero‐gradient‐excitation (zGRF)‐RHE provides (1) gradient‐free excitation for high flip angle, artifact‐free excitation profiles"", ""An iterative density compensation was applied to the raw data from UTE and zGRF‐RHE measurements before re‐gridding.""]",C:/Users/V133280/RMIT University/Thai Pham - StrokeVault/Brain MRI Reconstruction Safety Review - Broad\Full Text Screening\PDF-Missing\2019 - Zero-gradient-excitation ramped hybrid encoding (zGRF -RHE) sodium MRI. - PMID 30252156.pdf,
2026-08-07T06:24:12.085662+00:00,8967055,10.1109/access.2020.2968395,2020,Brain MRI Super-Resolution Using 3D Dilated Convolutional Encoder–Decoder Network,IEEE Access,include,0.6,fulltext_screening_round2,"on_topic_recon_safety_eval: Proposes a 3D dilated convolutional encoder-decoder deep-learning network for brain MRI super-resolution reconstruction, addressing gridding-artifact and fine-detail-loss failure modes and benchmarking fidelity against NLM, LRTV, and other CNN methods using SSIM/PSNR on public brain datasets.",,,,TRUE,"{""Dat Mai_fulltext_round2"": ""include""}","[""deep convolutional neural networks (CNN) have achieved impressive success in MRI super-resolution (SR) reconstruction"", ""it may cause gridding artifacts due to the introducing of zeros in the convolution operation"", ""our proposed method outperforms NLM (non-local means), LRTV (low-rank and total variation) and current CNN-based SR methods""]",C:/Users/V133280/RMIT University/Thai Pham - StrokeVault/Brain MRI Reconstruction Safety Review - Broad\Full Text Screening\PDF-Missing\2020 - Brain MRI Super-Resolution Using 3D Dilated Convolutional Encoder–Decoder Network - IEEEXPLORE 8967055.pdf,
2026-08-07T06:24:12.085662+00:00,32542779,10.1002/jmri.27255,2020,Combined Denoising and Suppression of Transient Artifacts in Arterial Spin Labeling MRI Using Deep Learning.,Journal of magnetic resonance imaging : JMRI,include,0.72,fulltext_screening_round2,"on_topic_recon_safety_eval: Develops a deep-learning denoising autoencoder for arterial spin labeling brain MRI that aims to suppress transient artifacts while preserving true pathological signal, evaluated against reference-standard averaged images using SNR/PSNR/SSIM, directly addressing the AI/ML reconstruction fidelity trade-off between artifact suppression and pathology omission.",,,,FALSE,"{""Dat Mai_fulltext_round2"": ""include""}","[""We aimed to develop a DAE model that could provide both effective denoising as well as differentiate between abnormal ASL signal associated with pathology, and that associated with transient artifacts"", ""Evaluation metrics included SNR, peak SNR (PSNR), and structural similarity index (SSIM) of the CBF images, compared to the reference standard."", ""A denoising autoencoder (DAE) model was designed with stacked encoding/decoding convolutional layers.""]",C:/Users/V133280/RMIT University/Thai Pham - StrokeVault/Brain MRI Reconstruction Safety Review - Broad\Full Text Screening\PDF-Missing\2020 - Combined Denoising and Suppression of Transient Artifacts in Arterial Spin Labeling MRI Using Deep Learning. - PMID 32542779.pdf,
2026-08-07T06:24:12.085662+00:00,32179104,10.1016/j.neuroimage.2020.116699,2020,Disambiguating the role of blood flow and global signal with partial information decomposition.,NeuroImage,exclude,0.85,fulltext_screening_round2,,"out_of_scope: Uses partial information decomposition to analyze how global-signal regression and blood-flow/vessel BOLD signals affect resting-state functional-connectivity denoising; this is fMRI signal-processing/network analysis, not evaluation of AI/ML-based brain MRI image reconstruction fidelity or failure modes.",,,FALSE,"{""Dat Mai_fulltext_round2"": ""exclude""}","[""we aimed to: 1) characterize the effect of GSR on network-level functional connectivity"", ""global signal regression (GSR) effectively removes the impact of physiological noise and other artifacts"", ""quantify the diverse and complementary effect of global and vessel BOLD signals on the dynamics of cortical areas""]",C:/Users/V133280/RMIT University/Thai Pham - StrokeVault/Brain MRI Reconstruction Safety Review - Broad\Full Text Screening\PDF-Missing\2020 - Disambiguating the role of blood flow and global signal with partial information decomposition. - PMID 32179104.pdf,
2026-08-07T06:24:12.085662+00:00,9123887,10.1109/access.2020.3004731,2020,Efficient Reconstruction Technique for Multi-Slice CS-MRI Using Novel Interpolation and 2D Sampling Scheme,IEEE Access,exclude,0.8,fulltext_screening_round2,,"wrong_intervention_or_index: Proposes a classical (non-AI/ML) interpolated compressed-sensing reconstruction technique (FiCS) with a novel 2D sampling/interpolation scheme to reduce MRI scan time; SSIM/PSNR/MSE are used as standard performance metrics but the paper's contribution centers on the sampling/reconstruction algorithm, not a fidelity/safety-evaluation method.",,,FALSE,"{""Dat Mai_fulltext_round2"": ""exclude""}","[""a novel fast interpolated compressed sensing (FiCS) technique is proposed based on 2D variable density under-sampling (VRDU) scheme"", ""reconstruction using CS reconstruction techniques like Non-linear Conjugate Gradient (NCG)"", ""Simulation results on knee and brain dataset shows that the proposed FiCS technique has improved image quality and performance""]",C:/Users/V133280/RMIT University/Thai Pham - StrokeVault/Brain MRI Reconstruction Safety Review - Broad\Full Text Screening\PDF-Missing\2020 - Efficient Reconstruction Technique for Multi-Slice CS-MRI Using Novel Interpolation and 2D Sampling Scheme - IEEEXPLORE 9123887.pdf,
2026-08-07T06:24:12.085662+00:00,31464355,10.1002/mrm.27918,2020,Respiratory motion corrected 4D flow using golden radial phase encoding.,Magnetic resonance in medicine,exclude,0.9,fulltext_screening_round2,,"wrong_population: Presents a respiratory-motion-corrected 4D flow MRI reconstruction (k-t SENSE) for the heart, aorta, and venae cavae using classical golden radial phase encoding; entirely cardiovascular/thoracic, not brain, and not AI/ML.",,,FALSE,"{""Dat Mai_fulltext_round2"": ""exclude""}","[""A 4D flow sequence with golden radial phase encoding (GRPE) was acquired in 9 healthy volunteers covering the heart, aorta, and venae cavae."", ""Nonrigid respiratory motion fields were extracted and corrected for during the k‐t SENSE reconstruction."", ""to minimize respiratory motion artifacts while achieving predictable scan times with 100% scan efficiency for thoracic 4D flow MRI""]",C:/Users/V133280/RMIT University/Thai Pham - StrokeVault/Brain MRI Reconstruction Safety Review - Broad\Full Text Screening\PDF-Missing\2020 - Respiratory motion corrected 4D flow using golden radial phase encoding. - PMID 31464355.pdf,
2026-08-07T06:24:12.085662+00:00,32668272,10.1016/j.mri.2020.06.016,2020,Towards a general framework for fast and feasible k-space trajectories for MRI based on projection methods.,Magnetic resonance imaging,exclude,0.82,fulltext_screening_round2,,"wrong_intervention_or_index: Proposes classical projection-based k-space trajectory design methods (non-AI/ML) for feasible non-Cartesian MRI sampling, evaluated via SSIM/PSNR on phantom and brain compressed-sensing reconstructions; the contribution is trajectory design, not an AI/ML reconstruction fidelity/safety-evaluation method.",,,FALSE,"{""Dat Mai_fulltext_round2"": ""exclude""}","[""we propose a generalized framework that encompasses projection-based methods to generate feasible non-Cartesian k-space trajectories"", ""We evaluate the performance of the proposed methods by simulating the reconstruction of 128 × 128 and 256 × 256 phantom and brain MRI images in terms of structural similarity (SSIM) index and peak signal-to-noise ratio (PSNR)"", ""More recently, deep learning-based methods for MRI have been proposed in the literature as well""]",C:/Users/V133280/RMIT University/Thai Pham - StrokeVault/Brain MRI Reconstruction Safety Review - Broad\Full Text Screening\PDF-Missing\2020 - Towards a general framework for fast and feasible k-space trajectories for MRI based on projection methods. - PMID 32668272.pdf,
2026-08-07T06:24:12.085662+00:00,32237169,10.1002/mrm.28255,2020,Volumetric mapping of intra- and extracellular pH in the human brain using 31 P MRSI at 7T.,Magnetic resonance in medicine,exclude,0.88,fulltext_screening_round2,,"wrong_intervention_or_index: Develops a low-rank denoising and two-compartment quantification model for volumetric 31P MRSI pH mapping in the brain; a classical (non-deep-learning) spectroscopic signal-processing method, not an AI/ML anatomical-image reconstruction fidelity/safety-evaluation contribution.",,,FALSE,"{""Dat Mai_fulltext_round2"": ""exclude""}","[""Low-rank denoising was applied to enhance the SNR of 31P MRSI data sets"", ""A robust two-compartment quantification model for intra- and extracellular Pi signals was implemented."", ""Denoising of the MRSI data set is achieved by obtaining a low-rank approximation (LRA) of C.""]",C:/Users/V133280/RMIT University/Thai Pham - StrokeVault/Brain MRI Reconstruction Safety Review - Broad\Full Text Screening\PDF-Missing\2020 - Volumetric mapping of intra- and extracellular pH in the human brain using 31 P MRSI at 7T. - PMID 32237169.pdf,
2026-08-07T06:24:12.085662+00:00,33547656,10.1002/mrm.28688,2021,Accelerated white matter lesion analysis based on simultaneous T1 and T2∗ quantification using magnetic resonance fingerprinting and deep learning.,Magnetic resonance in medicine,exclude,0.72,fulltext_screening_round2,,"wrong_intervention_or_index: Paper develops a CNN to accelerate MRF-EPI postprocessing (T1/T2* map reconstruction, denoising, distortion correction) and validates it with routine accuracy metrics, but its central contribution is reconstruction speed/accuracy, not a dedicated safety/fidelity evaluation methodology.",,,FALSE,"{""Dat Mai_fulltext_round2"": ""exclude""}","[""A CNN was trained to reconstruct the T1 and T∗2 parametric maps, and the WM and GM probability maps."", ""Deep learning-­based postprocessing reduced reconstruction and image ­processing times from hours to a few seconds while maintaining high accuracy, ­reliability, and precision.""]",C:/Users/V133280/RMIT University/Thai Pham - StrokeVault/Brain MRI Reconstruction Safety Review - Broad\Full Text Screening\PDF-Missing\2021 - Accelerated white matter lesion analysis based on simultaneous T1 and T2∗ quantification using magnetic resonance finger - PMID 33547656.pdf,
2026-08-07T06:24:12.085662+00:00,33819610,10.1016/j.neuroimage.2021.118010,2021,Dedicated container for postmortem human brain ultra-high field magnetic resonance imaging.,NeuroImage,exclude,0.93,fulltext_screening_round2,,wrong_intervention_or_index: Technical note describing a custom hardware container for postmortem brain scanning; no AI/ML reconstruction and no fidelity/safety evaluation contribution.,,,FALSE,"{""Dat Mai_fulltext_round2"": ""exclude""}","[""a custom-built nonferromagnetic container was developed that allows whole brain hemispheres to be scanned at sub-millimeter resolution within typical head-coils"", ""The custom-built container proved to submerge and contain tissue samples eﬀectively and showed no in- terferences with MR scanning acquisition.""]",C:/Users/V133280/RMIT University/Thai Pham - StrokeVault/Brain MRI Reconstruction Safety Review - Broad\Full Text Screening\PDF-Missing\2021 - Dedicated container for postmortem human brain ultra-high field magnetic resonance imaging. - PMID 33819610.pdf,
2026-08-07T06:24:12.085662+00:00,9501974,10.1109/ojsp.2021.3100751,2021,Dictionary+Wavelet Model With Nested-Minorized VB-EM for SMS-CAIPI R-fMRI Reconstruction,IEEE Open Journal of Signal Processing,include,0.55,fulltext_screening_round2+Thu_adjudication,"on_topic_recon_safety_eval: Resolves the needs_human_review flag toward include: beyond the dictionary-learning (AI/ML per protocol) brain R-fMRI reconstruction, the paper explicitly lists per-voxel reconstruction-uncertainty maps as a novel contribution over its predecessor, positioned against prior uncertainty-quantification-in-reconstruction literature, to identify regions that could not be reconstructed reliably. This constitutes an automated reliability/fidelity-assessment component for AI/ML-based brain MRI reconstruction, which places it in the uncertainty-quantification family of safety-evaluation comparators despite the truncated middle section.",,,,FALSE,"{""Dat Mai_fulltext_round2"": ""flagged"", ""Thu_adjudicator"": ""include""}","[""We estimate the per-voxel uncertainty in reconstructed images to potentially identify regions that were difficult to reconstruct reliably"", ""our framework in this paper is able to generate per-voxel maps showing the uncertainty of reconstruction, unlike [7]"", ""estimating per-voxel uncertainty/confidence in reconstructed images can be useful to determine the reliability of the reconstructions""]",C:/Users/V133280/RMIT University/Thai Pham - StrokeVault/Brain MRI Reconstruction Safety Review - Broad\Full Text Screening\PDF-Missing\2021 - Dictionary+Wavelet Model With Nested-Minorized VB-EM for SMS-CAIPI R-fMRI Reconstruction - IEEEXPLORE 9501974.pdf,
2026-08-07T06:24:12.085662+00:00,34775007,10.1016/j.neuroimage.2021.118719,2021,Enhanced design matrix for task-related fMRI data analysis.,NeuroImage,exclude,0.87,fulltext_screening_round2,,wrong_intervention_or_index: Proposes a dictionary-learning-based design-matrix method for statistical (GLM) analysis of already-reconstructed task fMRI data; it is not an image reconstruction method and does not evaluate reconstruction fidelity/safety.,,,FALSE,"{""Dat Mai_fulltext_round2"": ""exclude""}","[""we propose an alternative way for constructing the design matrix, based on the newly suggested Information-Assisted Dictionary Learning (IADL) method.""]",C:/Users/V133280/RMIT University/Thai Pham - StrokeVault/Brain MRI Reconstruction Safety Review - Broad\Full Text Screening\PDF-Missing\2021 - Enhanced design matrix for task-related fMRI data analysis. - PMID 34775007.pdf,
2026-08-07T06:24:12.085662+00:00,33421036,10.1111/jon.12810,2021,Improved Reliability of Automated ASPECTS Evaluation Using Iterative Model Reconstruction from Head CT Scans.,Journal of neuroimaging : official journal of the American Society of Neuroimaging,exclude,0.85,fulltext_screening_round2,,"wrong_intervention_or_index: Study evaluates reliability of ML-based versus human ASPECTS scoring across classical (non-AI/ML) CT iterative reconstruction protocols (HIR vs IMR) on head CT, not AI/ML-based brain MRI reconstruction fidelity.",,,FALSE,"{""Dat Mai_fulltext_round2"": ""exclude""}","[""Purpose of this study was to investigate the reliability of ASPECTS assessed by humans and software based on HIR and IMR, respectively."", ""Iterative model reconstruction (IMR) has shown to improve computed tomography (CT) image quality compared to hybrid iterative reconstruction (HIR).""]",C:/Users/V133280/RMIT University/Thai Pham - StrokeVault/Brain MRI Reconstruction Safety Review - Broad\Full Text Screening\PDF-Missing\2021 - Improved Reliability of Automated ASPECTS Evaluation Using Iterative Model Reconstruction from Head CT Scans. - PMID 33421036.pdf,
2026-08-07T06:24:12.085662+00:00,,10.1007/978-3-030-82427-3_7,2021,Independent Component Analysis for Noise and Artifact Removal in Three-Dimensional Polarized Light Imaging,Brain-Inspired Computing,exclude,0.93,fulltext_screening_round2,,"wrong_population: ICA denoising method applied to Three-dimensional Polarized Light Imaging of rat and vervet monkey brain sections, an optical/histological modality unrelated to MRI with no transfer to brain MRI reconstruction fidelity.",,,FALSE,"{""Dat Mai_fulltext_round2"": ""exclude""}","[""Three-dimensional Polarized Light Imaging (3D-PLI)... was designed to reconstruct the three-dimensional orientations of nerve ﬁbers in whole brain sections"", ""Brain sections from a Wistar rat (3 months old, male) and a vervet monkey (2.4 years old, male) were selected for evaluation.""]",C:/Users/V133280/RMIT University/Thai Pham - StrokeVault/Brain MRI Reconstruction Safety Review - Broad\Full Text Screening\PDF-Missing\2021 - Independent Component Analysis for Noise and Artifact Removal in Three-Dimensional Polarized Light Imaging - SPRINGER 10.1007_978-3-030-82427-3_7.pdf,
2026-08-07T06:24:12.085662+00:00,32871026,10.1002/mrm.28477,2021,T1 -FLAIR imaging during continuous head motion: Combining PROPELLER with an intelligent marker.,Magnetic resonance in medicine,exclude,0.9,fulltext_screening_round2,,wrong_intervention_or_index: Describes a non-AI/ML motion-correction pulse sequence and hardware marker combined with PROPELLER reconstruction; no deep-learning/dictionary-learning component and no fidelity/safety evaluation methodology.,,,FALSE,"{""Dat Mai_fulltext_round2"": ""exclude""}","[""combining the RMC of the PROPELLER method with prospective motion correction (PMC), using a wireless radiofrequency triggered acquisition device""]",C:/Users/V133280/RMIT University/Thai Pham - StrokeVault/Brain MRI Reconstruction Safety Review - Broad\Full Text Screening\PDF-Missing\2021 - T1 -FLAIR imaging during continuous head motion Combining PROPELLER with an intelligent marker. - PMID 32871026.pdf,
2026-08-07T06:24:12.085662+00:00,34728244,10.1016/j.neuroimage.2021.118686,2021,The unreliable influence of multivariate noise normalization on the reliability of neural dissimilarity.,NeuroImage,exclude,0.86,fulltext_screening_round2,,wrong_intervention_or_index: Examines the effect of a non-AI/ML covariance-based noise-normalization step on the reliability of RSA dissimilarity matrices derived from already-reconstructed fMRI data; not an AI/ML MRI reconstruction fidelity evaluation.,,,FALSE,"{""Dat Mai_fulltext_round2"": ""exclude""}","[""multivariate noise normalization (NN M ) has been proposed as a widely applicable method for boosting signal estimates for RSA"", ""We revisited this issue with three fMRI datasets and evaluated the impact of NN M on within- and between- subject reliability""]",C:/Users/V133280/RMIT University/Thai Pham - StrokeVault/Brain MRI Reconstruction Safety Review - Broad\Full Text Screening\PDF-Missing\2021 - The unreliable influence of multivariate noise normalization on the reliability of neural dissimilarity. - PMID 34728244.pdf,
2026-08-07T06:24:12.085662+00:00,33039617,10.1016/j.neuroimage.2020.117366,2021,Uncertainty modelling in deep learning for safer neuroimage enhancement: Demonstration in diffusion MRI.,NeuroImage,include,0.96,fulltext_screening_round2,"on_topic_recon_safety_eval: Proposes and evaluates uncertainty-quantification methods for deep-learning-based super-resolution of diffusion brain MRI explicitly to improve safety, detect predictive failures, and enable voxel-wise risk assessment of reconstructed/enhanced images.",,,,FALSE,"{""Dat Mai_fulltext_round2"": ""include""}","[""Results highlight three key potential beneﬁts of modelling uncertainty for improving the safety of DL-based image enhancement systems."", ""the predictive uncertainty highly correlates with reconstruction errors, and is therefore capable of detecting predictive “failures”."", ""such an uncertainty measure en- ables subject-­speciﬁc and voxel-wise risk assessment of the super-resolved images""]",C:/Users/V133280/RMIT University/Thai Pham - StrokeVault/Brain MRI Reconstruction Safety Review - Broad\Full Text Screening\PDF-Missing\2021 - Uncertainty modelling in deep learning for safer neuroimage enhancement Demonstration in diffusion MRI. - PMID 33039617.pdf,
2026-08-07T06:24:12.085662+00:00,34191366,10.1111/pcn.13284,2021,White matter volume not associated with hallucinations in clinical high risk and first-episode psychosis: A voxel-based morphometry study.,Psychiatry and clinical neurosciences,exclude,0.96,fulltext_screening_round2,,"out_of_scope: Clinical VBM study of psychiatric auditory hallucination symptoms in psychosis; 'hallucination' here refers to a clinical symptom, not AI/ML reconstruction-induced hallucinated pathology, and there is no reconstruction-evaluation contribution.",,,FALSE,"{""Dat Mai_fulltext_round2"": ""exclude""}","[""Hallucinations are considered one of the primary symptoms of psychosis; however, their neural basis remains unclear."", ""WM volume was not signiﬁcantly correlated with hallucination severity in the CHR/FEP combined group""]",C:/Users/V133280/RMIT University/Thai Pham - StrokeVault/Brain MRI Reconstruction Safety Review - Broad\Full Text Screening\PDF-Missing\2021 - White matter volume not associated with hallucinations in clinical high risk and first-episode psychosis A voxel-based m - PMID 34191366.pdf,
2026-08-07T06:24:12.085662+00:00,35038682,10.1088/1741-2552/ac4bfc,2022,A deep convolutional neural network for estimating hemodynamic response function with reduction of motion artifacts in fNIRS.,Journal of neural engineering,exclude,0.88,fulltext_screening_round2,,"wrong_population: Deep-learning motion-artifact reduction method for functional near-infrared spectroscopy (fNIRS), an optical neuroimaging modality distinct from MRI with no demonstrated transfer to brain MRI reconstruction fidelity.",,,FALSE,"{""Dat Mai_fulltext_round2"": ""exclude""}","[""Functional near-infrared spectroscopy (fNIRS) is a neuroimaging technique for monitoring hemoglobin concentration changes in a non-invasive manner."", ""we aim to propose a method based on a deep convolutional neural network (CNN)""]",C:/Users/V133280/RMIT University/Thai Pham - StrokeVault/Brain MRI Reconstruction Safety Review - Broad\Full Text Screening\PDF-Missing\2022 - A deep convolutional neural network for estimating hemodynamic response function with reduction of motion artifacts in f - PMID 35038682.pdf,
2026-08-07T06:24:12.085662+00:00,35568346,10.1016/j.neuroimage.2022.119297,2022,A deep learning-based multisite neuroimage harmonization framework established with a traveling-subject dataset.,NeuroImage,exclude,0.68,fulltext_screening_round2,,"wrong_intervention_or_index: Deep-learning framework harmonizes already-derived gray matter volume maps across scan sites to remove site effects; this is a post-hoc feature-harmonization method evaluated by site-effect removal/distribution homogenization, not an evaluation of AI/ML MRI reconstruction fidelity or safety failure modes.",,,FALSE,"{""Dat Mai_fulltext_round2"": ""exclude""}","[""we propose a deep learning-based framework to harmonize imaging data obtained from pairs of sites, in which site factors and brain features can be disentangled and encoded."", ""harmonized the gray matter volume maps derived from eight source sites to a target site""]",C:/Users/V133280/RMIT University/Thai Pham - StrokeVault/Brain MRI Reconstruction Safety Review - Broad\Full Text Screening\PDF-Missing\2022 - A deep learning-based multisite neuroimage harmonization framework established with a traveling-subject dataset. - PMID 35568346.pdf,
2026-08-07T06:24:12.085662+00:00,35452153,10.1002/mrm.29245,2022,Accelerated MRI at 9.4 T with electronically modulated time-varying receive sensitivities.,Magnetic resonance in medicine,exclude,0.92,fulltext_screening_round2,,wrong_intervention_or_index: Describes a hardware and classical (non-AI/ML) modified-SENSE parallel-imaging reconstruction technique using time-varying receive coil sensitivities; no deep-learning/dictionary-learning component and no fidelity/safety evaluation methodology.,,,FALSE,"{""Dat Mai_fulltext_round2"": ""exclude""}","[""Receive sensitivity modulation was achieved by introducing PIN diodes in the receive loops"", ""A modiﬁed SENSE reconstruction for time-varying sensitivities was formulated, and g-factor cal- culations were performed""]",C:/Users/V133280/RMIT University/Thai Pham - StrokeVault/Brain MRI Reconstruction Safety Review - Broad\Full Text Screening\PDF-Missing\2022 - Accelerated MRI at 9.4 T with electronically modulated time-varying receive sensitivities. - PMID 35452153.pdf,
2026-08-07T06:24:12.085662+00:00,36357154,10.3174/ajnr.a7695,2022,Automated Detection of Cerebral Aneurysms on TOF-MRA Using a Deep Learning Approach: An External Validation Study.,AJNR. American journal of neuroradiology,exclude,0.88,fulltext_screening_round2,,"wrong_intervention_or_index: External validation of a deep-learning diagnostic detection tool (aneurysm segmentation on already-reconstructed TOF-MRA images) evaluating sensitivity/specificity of disease detection, not the fidelity or safety of an MRI reconstruction method.",,,FALSE,"{""Dat Mai_fulltext_round2"": ""exclude""}","[""Our aim was to evaluate the diagnostic perform- ance of an artiﬁcial intelligence–based software designed to detect intracranial aneurysms on TOF-MRA."", ""The underlying segmentation algorithm is based on a 3D con- volutional neural network with a U-NET architecture.""]",C:/Users/V133280/RMIT University/Thai Pham - StrokeVault/Brain MRI Reconstruction Safety Review - Broad\Full Text Screening\PDF-Missing\2022 - Automated Detection of Cerebral Aneurysms on TOF-MRA Using a Deep Learning Approach An External Validation Study. - PMID 36357154.pdf,
2026-08-07T06:24:12.085662+00:00,35344611,10.1002/mrm.29228,2022,"BUDA-MESMERISE: Rapid acquisition and unsupervised parameter estimation for T1 , T2 , M0 , B0 , and B1 maps.",Magnetic resonance in medicine,exclude,0.7,fulltext_screening_round2,,"wrong_intervention_or_index: Develops a rapid brain MRI acquisition scheme and an unsupervised neural-network parameter-estimation method, validated with standard accuracy/noise-robustness comparisons against analytic fitting; the central contribution is the acquisition/reconstruction technique itself rather than a dedicated fidelity/safety evaluation methodology.",,,FALSE,"{""Dat Mai_fulltext_round2"": ""exclude""}","[""2 estimation methods, analytic ﬁtting and a novel unsupervised deep neural network method, are developed."", ""The proposed unsupervised neural network provided noise-robust parameter estimates from this rapid acquisition.""]","C:/Users/V133280/RMIT University/Thai Pham - StrokeVault/Brain MRI Reconstruction Safety Review - Broad\Full Text Screening\PDF-Missing\2022 - BUDA-MESMERISE Rapid acquisition and unsupervised parameter estimation for T1 , T2 , M0 , B0 , and B1 maps. - PMID 35344611.pdf",
2026-08-07T06:24:12.085662+00:00,35337965,10.1016/j.neuroimage.2022.119127,2022,Deep attentive spatio-temporal feature learning for automatic resting-state fMRI denoising.,NeuroImage,exclude,0.85,fulltext_screening_round2,,"wrong_intervention_or_index: Proposes a deep learning classifier to identify noise-related ICA components in resting-state fMRI signal denoising, not a method for evaluating fidelity/safety of AI-based MRI image reconstruction.",,,FALSE,"{""Dat Mai_fulltext_round2"": ""exclude""}","[""we propose a novel, automatic, and end-to-end deep learning framework dedicated to noise-related component identiﬁcation"", ""learns deeply embedded spatio-temporal features of the components""]",C:/Users/V133280/RMIT University/Thai Pham - StrokeVault/Brain MRI Reconstruction Safety Review - Broad\Full Text Screening\PDF-Missing\2022 - Deep attentive spatio-temporal feature learning for automatic resting-state fMRI denoising. - PMID 35337965.pdf,
2026-08-07T06:24:12.085662+00:00,35678236,10.1002/mrm.29291,2022,Highly accelerated EPI with wave encoding and multi-shot simultaneous multislice imaging.,Magnetic resonance in medicine,exclude,0.9,fulltext_screening_round2,,"wrong_intervention_or_index: Presents a classical (non-AI/ML) wave-encoded acquisition and structured low-rank reconstruction technique for accelerated EPI, with no deep-learning component or dedicated fidelity/safety evaluation methodology.",,,FALSE,"{""Dat Mai_fulltext_round2"": ""exclude""}","[""Wave-EPI involves application of sinusoidal gradients during the EPI readout"", ""structured low-rank regularization mitigates shot-to-shot phase variations""]",C:/Users/V133280/RMIT University/Thai Pham - StrokeVault/Brain MRI Reconstruction Safety Review - Broad\Full Text Screening\PDF-Missing\2022 - Highly accelerated EPI with wave encoding and multi-shot simultaneous multislice imaging. - PMID 35678236.pdf,
2026-08-07T06:24:12.085662+00:00,34775637,10.1002/mrm.29083,2022,Joint estimation and correction of motion and geometric distortion in segmented arterial spin labeling.,Magnetic resonance in medicine,exclude,0.9,fulltext_screening_round2,,"wrong_intervention_or_index: Proposes a classical (non-AI/ML) gradient-descent based 3DGP-JET reconstruction algorithm for joint motion/distortion correction in ASL, with no deep-learning or fidelity-evaluation methodology contribution.",,,FALSE,"{""Dat Mai_fulltext_round2"": ""exclude""}","[""a new 3DGP reconstruction algorithm is presented that allows a joint estimation and correction of in-plane motion and geometric distortion"", ""A standard gradient descent minimization is used.""]",C:/Users/V133280/RMIT University/Thai Pham - StrokeVault/Brain MRI Reconstruction Safety Review - Broad\Full Text Screening\PDF-Missing\2022 - Joint estimation and correction of motion and geometric distortion in segmented arterial spin labeling. - PMID 34775637.pdf,
2026-08-07T06:24:12.085662+00:00,35657055,10.1002/mrm.29301,2022,Multi-echo balanced SSFP with a sequential phase-encoding order for functional MR imaging at 7T.,Magnetic resonance in medicine,exclude,0.88,fulltext_screening_round2,,wrong_intervention_or_index: Proposes a classical GRAPPA-based reconstruction to remove ghosting artifacts in a new bSSFP pulse sequence; this is a non-AI/ML acquisition/reconstruction technique without a fidelity/safety-evaluation contribution.,,,FALSE,"{""Dat Mai_fulltext_round2"": ""exclude""}","[""a GRAPPA-based reconstruction method was proposed to eliminate ghosting artifacts"", ""The missing lines in each separated k-space are recovered by the GRAPPA technique""]",C:/Users/V133280/RMIT University/Thai Pham - StrokeVault/Brain MRI Reconstruction Safety Review - Broad\Full Text Screening\PDF-Missing\2022 - Multi-echo balanced SSFP with a sequential phase-encoding order for functional MR imaging at 7T. - PMID 35657055.pdf,
2026-08-07T06:24:12.085662+00:00,35289100,10.1002/jbio.202100330,2022,Software for non-parametric image registration of 2-photon imaging data.,Journal of biophotonics,exclude,0.92,fulltext_screening_round2,,"out_of_scope: Describes an optical-flow-based motion-correction tool for 2-photon microscopy in mice, an optical (non-MRI) imaging modality with no brain MRI reconstruction relevance.",,,FALSE,"{""Dat Mai_fulltext_round2"": ""exclude""}","[""Functional 2-photon microscopy is a key technology for imaging neuronal activity"", ""Experiments were approved by the OIST Institutional Animal Care and Use Committee""]",C:/Users/V133280/RMIT University/Thai Pham - StrokeVault/Brain MRI Reconstruction Safety Review - Broad\Full Text Screening\PDF-Missing\2022 - Software for non-parametric image registration of 2-photon imaging data. - PMID 35289100.pdf,
2026-08-07T06:24:12.085662+00:00,35753594,10.1016/j.neuroimage.2022.119411,2022,Stacked U-Nets with self-assisted priors towards robust correction of rigid motion artifact in brain MRI.,NeuroImage,include,0.6,fulltext_screening_round2,on_topic_recon_safety_eval: Proposes a deep-learning (stacked U-Net) correction network for rigid motion artifacts (geometric/anatomical distortion) in brain MRI and quantitatively evaluates anatomical fidelity of the corrected images against motion-free ground truth using SSIM/MSE.,,,,TRUE,"{""Dat Mai_fulltext_round2"": ""include""}","[""The overall image quality of the motion-corrected images via the proposed motion correction network signiﬁcantly improves SSIM from 71.66% to 95.03%"", ""These results indicate the high similarity of the brain’s anatomical structure in the corrected images compared to the motion-free data.""]",C:/Users/V133280/RMIT University/Thai Pham - StrokeVault/Brain MRI Reconstruction Safety Review - Broad\Full Text Screening\PDF-Missing\2022 - Stacked U-Nets with self-assisted priors towards robust correction of rigid motion artifact in brain MRI. - PMID 35753594.pdf,
2026-08-07T06:24:12.085662+00:00,34350634,10.1002/mrm.28957,2022,Streaking artifact suppression of quantitative susceptibility mapping reconstructions via L1-norm data fidelity optimization (L1-QSM).,Magnetic resonance in medicine,exclude,0.85,fulltext_screening_round2,,"wrong_intervention_or_index: Presents a classical (non-AI/ML) L1-norm optimization/ADMM approach to QSM dipole inversion; despite quantitative SSIM/RMSE fidelity comparisons, the method itself is not deep-learning/AI-based reconstruction.",,,FALSE,"{""Dat Mai_fulltext_round2"": ""exclude""}","[""we present a novel L1-norm data fidelity approach that is robust with respect to outliers"", ""We solve this problem with an ADMM-based approach""]",C:/Users/V133280/RMIT University/Thai Pham - StrokeVault/Brain MRI Reconstruction Safety Review - Broad\Full Text Screening\PDF-Missing\2022 - Streaking artifact suppression of quantitative susceptibility mapping reconstructions via L1-norm data fidelity optimiza - PMID 34350634.pdf,
2026-08-07T06:24:12.085662+00:00,34863809,10.1016/j.neurad.2021.11.007,2022,The effect of a post-scan processing denoising system on image quality and morphometric analysis.,Journal of neuroradiology = Journal de neuroradiologie,include,0.75,fulltext_screening_round2,"on_topic_recon_safety_eval: Evaluates an AI-based post-scan iterative-reconstruction denoising system (iQMR) for brain MRI, assessing its effect on radiologist-rated image quality and on the reliability of FreeSurfer-derived morphometric/diagnostic measures, i.e. a fidelity/reliability evaluation of an AI/ML reconstruction technology.",,,,FALSE,"{""Dat Mai_fulltext_round2"": ""include""}","[""The purpose of this study was to evaluate the effectiveness of an artiﬁcial intelligence (AI)-based post-scan processing denoising system, intelligent Quick Magnetic Resonance (iQMR), on MR image quality and brain morphometric analysis."", ""Two radiologists, who were blind to the type of the denoising technique, separately assessed the image quality""]",C:/Users/V133280/RMIT University/Thai Pham - StrokeVault/Brain MRI Reconstruction Safety Review - Broad\Full Text Screening\PDF-Missing\2022 - The effect of a post-scan processing denoising system on image quality and morphometric analysis. - PMID 34863809.pdf,
2026-08-07T06:24:12.085662+00:00,35378526,10.1088/2057-1976/ac63f0,2022,The optimized combination of aCompCor and ICA-AROMA to reduce motion and physiologic noise in task fMRI data.,Biomedical physics & engineering express,exclude,0.85,fulltext_screening_round2,,"wrong_intervention_or_index: Compares combinations of existing rule-based fMRI denoising strategies (aCompCor, ICA-AROMA) for task-fMRI noise removal; no AI/ML reconstruction method and no evaluation of reconstruction hallucination/distortion/fidelity.",,,FALSE,"{""Dat Mai_fulltext_round2"": ""exclude""}","[""we compared three methods to combine aCompCor and ICA-AROMA denoising in one denoising step"", ""these results suggest that using the correlation between the ICA component temporal signals and the aCompCor signals ... is the best approach""]",C:/Users/V133280/RMIT University/Thai Pham - StrokeVault/Brain MRI Reconstruction Safety Review - Broad\Full Text Screening\PDF-Missing\2022 - The optimized combination of aCompCor and ICA-AROMA to reduce motion and physiologic noise in task fMRI data. - PMID 35378526.pdf,
2026-08-07T06:24:12.085662+00:00,37158313,10.1002/mrm.29697,2023,A field map updating algorithm to improve fat-water spiral imaging.,Magnetic resonance in medicine,exclude,0.9,fulltext_screening_round2,,"wrong_intervention_or_index: Proposes a classical, non-AI/ML self-consistent field-map estimation algorithm for fat-water spiral reconstruction, with no deep-learning method and no dedicated fidelity/safety evaluation framework.",,,FALSE,"{""Dat Mai_fulltext_round2"": ""exclude""}","[""The present work proposes a self-consistent model to evaluate residual field offsets according to the image data to improve the reconstruction quality"", ""A new field map is then computed by fr = fr + αΔf""]",C:/Users/V133280/RMIT University/Thai Pham - StrokeVault/Brain MRI Reconstruction Safety Review - Broad\Full Text Screening\PDF-Missing\2023 - A field map updating algorithm to improve fat-water spiral imaging. - PMID 37158313.pdf,
2026-08-07T06:24:12.085662+00:00,37263108,10.1016/j.media.2023.102850,2023,Automatic brain MRI motion artifact detection based on end-to-end deep learning is similarly effective as traditional machine learning trained on image quality metrics.,Medical image analysis,include,0.6,fulltext_screening_round2,"on_topic_recon_safety_eval: Directly compares an end-to-end deep learning (CNN) classifier against a traditional ML (SVM/image-quality-metric) classifier for automated detection of motion artifacts (geometric distortion) in brain MRI, validated against radiologist clinically-usable/unusable ratings as ground truth, i.e. an automated evaluation baseline for MRI fidelity/diagnostic quality.",,,,TRUE,"{""Dat Mai_fulltext_round2"": ""include""}","[""The quality of the images was rated by a team of radiologists from the point of view of clinical diagnostic use."", ""achieved a test set (N = 411) balanced accuracy of 94.41% in classifying brain scans into clinically usable or unusable categories""]",C:/Users/V133280/RMIT University/Thai Pham - StrokeVault/Brain MRI Reconstruction Safety Review - Broad\Full Text Screening\PDF-Missing\2023 - Automatic brain MRI motion artifact detection based on end-to-end deep learning is similarly effective as traditional ma - PMID 37263108.pdf,
2026-08-07T06:24:12.085662+00:00,36801372,10.1016/j.neuroimage.2023.119947,2023,Brain-age prediction: A systematic comparison of machine learning workflows.,NeuroImage,exclude,0.9,fulltext_screening_round2,,"wrong_outcome: Systematically compares ML workflows for predicting brain-age as an aging biomarker from structural MRI; it does not evaluate the safety, fidelity, or hallucination/distortion risk of any AI/ML MRI reconstruction method.",,,FALSE,"{""Dat Mai_fulltext_round2"": ""exclude""}","[""We evaluated 128 workﬂows consisting of 16 feature representations derived from gray matter (GM) images and eight ML algorithms"", ""Application of the best-performing workﬂow on the ADNI sample showed a signiﬁcantly higher brain-age delta in Alzheimer’s and mild cognitive impairment patients""]",C:/Users/V133280/RMIT University/Thai Pham - StrokeVault/Brain MRI Reconstruction Safety Review - Broad\Full Text Screening\PDF-Missing\2023 - Brain-age prediction A systematic comparison of machine learning workflows. - PMID 36801372.pdf,
2026-08-07T06:24:12.085662+00:00,37669723,10.1016/j.neuroimage.2023.120361,2023,Comparing the efficacy of data-driven denoising methods for a multi-echo fMRI acquisition at 7T.,NeuroImage,exclude,0.85,fulltext_screening_round2,,"wrong_intervention_or_index: Compares classical/statistical data-driven fMRI denoising approaches (aCompCor, ICA-AROMA, ME-ICA) using tSNR and connectivity metrics; no AI/ML reconstruction method and no assessment of hallucination/distortion fidelity.",,,FALSE,"{""Dat Mai_fulltext_round2"": ""exclude""}","[""we compared the efficacy of several denoising methods, including anatomical component based correction (aCompCor), Automatic Removal of Motion Artifacts (ICA-AROMA) ... ME-ICA"", ""We assessed several data quality metrics, including temporal signal-to-noise ratio (tSNR)""]",C:/Users/V133280/RMIT University/Thai Pham - StrokeVault/Brain MRI Reconstruction Safety Review - Broad\Full Text Screening\PDF-Missing\2023 - Comparing the efficacy of data-driven denoising methods for a multi-echo fMRI acquisition at 7T. - PMID 37669723.pdf,
2026-08-07T06:24:12.085662+00:00,37466029,10.1002/mrm.29796,2023,Dynamic cell tracking using time-lapse MRI with variable temporal resolution Cartesian sampling.,Magnetic resonance in medicine,exclude,0.7,fulltext_screening_round2,,"wrong_population: Develops a dictionary-learning compressed-sensing reconstruction for single-cell tracking, validated only in phantom and in vivo mouse brain experiments with no human-brain relevance demonstrated.",,,FALSE,"{""Dat Mai_fulltext_round2"": ""exclude""}","[""Detection of iron-labeled monocytes was evaluated with simulations, rotating phantom experiments and in vivo mouse brain measurements at 9.4 T."", ""the mouse brain was near stationary and approximately constant except for when a moving cell was present""]",C:/Users/V133280/RMIT University/Thai Pham - StrokeVault/Brain MRI Reconstruction Safety Review - Broad\Full Text Screening\PDF-Missing\2023 - Dynamic cell tracking using time-lapse MRI with variable temporal resolution Cartesian sampling. - PMID 37466029.pdf,
2026-08-07T06:24:12.085662+00:00,9931156,10.1109/tmi.2022.3217725,2023,Fetal MRI by Robust Deep Generative Prior Reconstruction and Diffeomorphic Registration,IEEE Transactions on Medical Imaging,include,0.72,fulltext_screening_round2,"on_topic_recon_safety_eval: Proposes a deep generative prior (Deep Decoder) based volumetric reconstruction for fetal (including fetal brain) MRI and explicitly evaluates reconstruction fidelity using combined quantitative image-quality measures and radiological scoring, discussing the difficulty of ground-truth-based validation and risk of spurious residuals/non-natural texture from over-regularized DL reconstructions.",,,,TRUE,"{""Dat Mai_fulltext_round2"": ""include""}","[""we propose a deep generative prior for robust volumetric reconstructions integrated with a diffeomorphic volume to slice registration method"", ""we have combined generic measures of data quality and radiological scoring with a task-based validation strategy"", ""prone to spurious boundaries or non-natural image texture due to noise ampliﬁcation effect""]",C:/Users/V133280/RMIT University/Thai Pham - StrokeVault/Brain MRI Reconstruction Safety Review - Broad\Full Text Screening\PDF-Missing\2023 - Fetal MRI by Robust Deep Generative Prior Reconstruction and Diffeomorphic Registration - IEEEXPLORE 9931156.pdf,
2026-08-07T06:24:12.085662+00:00,36840982,10.1002/uog.26185,2023,Fetal magnetic resonance imaging artifacts: role of deep learning to improve imaging.,Ultrasound in obstetrics & gynecology : the official journal of the International Society of Ultrasound in Obstetrics and Gynecology,exclude,0.85,fulltext_screening_round2+Thu_adjudication,,"review_editorial_protocol_commentary: Resolves the insufficient_information flag toward exclude: this is a Letter to the Editor applying an off-the-shelf CycleGAN to fetal MRI artifact removal with only cursory validation described as 'standard methodologies in computer vision' and no reported metrics or fidelity-failure analysis. The anomaly-masking safety risk is acknowledged only as future refinement, so the letter contributes no original reconstruction-fidelity evaluation methodology.",,,FALSE,"{""Dat Mai_fulltext_round2"": ""flagged"", ""Thu_adjudicator"": ""exclude""}","[""Letters to the Editor"", ""implemented using standard methodologies in computer vision"", ""such algorithms should be refined before clinical use so that we can be certain that anomalies are not masked""]",C:/Users/V133280/RMIT University/Thai Pham - StrokeVault/Brain MRI Reconstruction Safety Review - Broad\Full Text Screening\PDF-Missing\2023 - Fetal magnetic resonance imaging artifacts role of deep learning to improve imaging. - PMID 36840982.pdf,
2026-08-07T06:24:12.085662+00:00,37279132,10.1109/tnsre.2023.3283405,2023,Functional Alignment-Auxiliary Generative Adversarial Network-Based Visual Stimuli Reconstruction via Multi-Subject fMRI.,IEEE transactions on neural systems and rehabilitation engineering : a publication of the IEEE Engineering in Medicine and Biology Society,exclude,0.9,fulltext_screening_round2,,"wrong_intervention_or_index: Proposes a GAN-based method to reconstruct/decode visual stimulus images from fMRI brain-activity patterns (mind-reading), not a method for evaluating fidelity/safety of AI/ML-based anatomical MRI image reconstruction.",,,FALSE,"{""Dat Mai_fulltext_round2"": ""exclude""}","[""a novel multi-subject approach for visual image reconstruction that employs functional alignment"", ""reconstruct visual stimuli from multi-subject brain response patterns"", ""FAA-GAN delivers the best reconstruction performance""]",C:/Users/V133280/RMIT University/Thai Pham - StrokeVault/Brain MRI Reconstruction Safety Review - Broad\Full Text Screening\PDF-Missing\2023 - Functional Alignment-Auxiliary Generative Adversarial Network-Based Visual Stimuli Reconstruction via Multi-Subject fMRI - PMID 37279132.pdf,
2026-08-07T06:24:12.085662+00:00,36373186,10.1002/mrm.29476,2023,Influence of image contrasts and reconstruction methods on the classification of multiple sclerosis-like lesions in simulated sodium magnetic resonance imaging.,Magnetic resonance in medicine,exclude,0.9,fulltext_screening_round2,,wrong_intervention_or_index: Compares classical (non-AI/ML) Gridding and compressed-sensing reconstructions for sodium MRI lesion classifiability; no deep learning/neural-network reconstruction or dedicated AI fidelity-evaluation contribution.,,,FALSE,"{""Dat Mai_fulltext_round2"": ""exclude""}","[""Each simulation was reconstructed with four different reconstruction methods (Gridding without and with Hamming filter, Compressed sensing (CS) reconstruction without and with anatomical 1H prior information)"", ""Gridding with Hamming filter and CS without anatomical 1H prior outperform CS reconstruction with anatomical 1H prior""]",C:/Users/V133280/RMIT University/Thai Pham - StrokeVault/Brain MRI Reconstruction Safety Review - Broad\Full Text Screening\PDF-Missing\2023 - Influence of image contrasts and reconstruction methods on the classification of multiple sclerosis-like lesions in simu - PMID 36373186.pdf,
2026-08-07T06:24:12.085662+00:00,37827111,10.1016/j.media.2023.102989,2023,MGMT promoter methylation status prediction using MRI scans? An extensive experimental evaluation of deep learning models.,Medical image analysis,exclude,0.9,fulltext_screening_round2,,"wrong_intervention_or_index: Evaluates deep-learning classifiers predicting MGMT promoter methylation status from existing MRI scans (radiogenomics diagnosis), not an MRI image reconstruction method or its fidelity/safety evaluation.",,,FALSE,"{""Dat Mai_fulltext_round2"": ""exclude""}","[""researchers have used deep learning models to examine the tumor from brain MRI scans to determine the MGMT promoter's methylation state"", ""We employ deep learning models and one of the largest public MRI datasets ... to predict the methylation status of the MGMT promoter""]",C:/Users/V133280/RMIT University/Thai Pham - StrokeVault/Brain MRI Reconstruction Safety Review - Broad\Full Text Screening\PDF-Missing\2023 - MGMT promoter methylation status prediction using MRI scans An extensive experimental evaluation of deep learning models - PMID 37827111.pdf,
2026-08-07T06:24:12.085662+00:00,,10.1007/s00521-022-08111-6,2023,MLMRS-Net: Electroencephalography (EEG) motion artifacts removal using a multi-layer multi-resolution spatially pooled 1D signal reconstruction network,Neural Computing and Applications,exclude,0.95,fulltext_screening_round2,,"wrong_intervention_or_index: Proposes a 1D-CNN signal reconstruction network for removing motion artifacts from EEG signals, not MRI image reconstruction; wrong imaging/signal modality entirely.",,,FALSE,"{""Dat Mai_fulltext_round2"": ""exclude""}","[""a novel 1D convolutional neural network (CNN) called multi-layer multi-resolution spatially pooled (MLMRS) network for signal reconstruction is proposed for EEG motion artifact removal"", ""Electroencephalography (EEG) motion artifacts removal using a multi-layer multi-resolution spatially pooled 1D signal reconstruction network""]",C:/Users/V133280/RMIT University/Thai Pham - StrokeVault/Brain MRI Reconstruction Safety Review - Broad\Full Text Screening\PDF-Missing\2023 - MLMRS-Net Electroencephalography (EEG) motion artifacts removal using a multi-layer multi-resolution spatially pooled 1D - SPRINGER 10.1007_s00521-022-08111-6.pdf,
2026-08-07T06:24:12.085662+00:00,37976548,10.1088/1361-6560/ad0ddc,2023,Mitigating misalignment in MRI-to-CT synthesis for improved synthetic CT generation: an iterative refinement and knowledge distillation approach.,Physics in medicine and biology,include,0.6,fulltext_screening_round2,"on_topic_recon_safety_eval: Proposes an iterative-refinement/knowledge-distillation deep-learning method to mitigate GAN-hallucination in MRI-to-CT synthesis, directly targeting a reconstruction fidelity failure mode with quantitative geometric/dosimetric fidelity evaluation, generalizable to brain applications.",,,,TRUE,"{""Dat Mai_fulltext_round2"": ""include""}","[""leading to reduced prediction accuracy and potential harm to patients due to the generative adversarial network (GAN)hallucination phenomenon"", ""It reduced hallucinations and improved accuracy in geometry"", ""GAN-Hallucination (Cohen et al 2018), can mislead physicists and potentially lead to improper treatment""]",C:/Users/V133280/RMIT University/Thai Pham - StrokeVault/Brain MRI Reconstruction Safety Review - Broad\Full Text Screening\PDF-Missing\2023 - Mitigating misalignment in MRI-to-CT synthesis for improved synthetic CT generation an iterative refinement and knowledg - PMID 37976548.pdf,
2026-08-07T06:24:12.085662+00:00,36539169,10.1016/j.neuroimage.2022.119824,2023,On the performance of multi-compartment relaxometry for myelin water imaging (MCR-MWI) - test-retest repeatability and inter-protocol reproducibility.,NeuroImage,exclude,0.9,fulltext_screening_round2,,wrong_intervention_or_index: Investigates test-retest repeatability/reproducibility of a classical multi-compartment relaxometry (non-AI/ML) quantitative MRI technique for myelin water imaging; no deep-learning reconstruction or hallucination/omission fidelity evaluation.,,,FALSE,"{""Dat Mai_fulltext_round2"": ""exclude""}","[""we optimized the variable flip angle (VFA) acquisition scheme using numerical simulations"", ""the test-retest repeatability of myelin water fraction (MWF) measurements of MCR-MWI is evaluated""]",C:/Users/V133280/RMIT University/Thai Pham - StrokeVault/Brain MRI Reconstruction Safety Review - Broad\Full Text Screening\PDF-Missing\2023 - On the performance of multi-compartment relaxometry for myelin water imaging (MCR-MWI) - test-retest repeatability and i - PMID 36539169.pdf,
2026-08-07T06:24:12.085662+00:00,37010491,10.1002/mrm.29642,2023,Pushing the limits of low-cost ultra-low-field MRI by dual-acquisition deep learning 3D superresolution.,Magnetic resonance in medicine,include,0.62,fulltext_screening_round2+Thu_adjudication,"on_topic_recon_safety_eval: Resolves the outcome_unclear flag toward include: this deep-learning super-resolution operates on brain MRI where heavy generative inference (0.055T to synthetic 1.5 mm) makes hallucination the central risk, and its evaluation goes beyond routine metrics - restored fine anatomical detail is verified through intrasubject reproducibility, cross-contrast consistency, and independent 3T confirmation, and the model is applied to elderly subjects and patients with brain lesions, probing preservation of true pathology. This constitutes a usable fidelity-evaluation baseline for AI/ML brain MRI reconstruction.",,,,FALSE,"{""Dat Mai_fulltext_round2"": ""flagged"", ""Thu_adjudicator"": ""include""}","[""Fine anatomical details were restored with intrasubject reproducibility, intercontrast consistency, and confirmed by 3T MRI."", ""we also applied this strategy to ULF MRI of elderly subjects and patients with brain lesions"", ""restore fine structural details while suppressing noise and artifacts""]",C:/Users/V133280/RMIT University/Thai Pham - StrokeVault/Brain MRI Reconstruction Safety Review - Broad\Full Text Screening\PDF-Missing\2023 - Pushing the limits of low-cost ultra-low-field MRI by dual-acquisition deep learning 3D superresolution. - PMID 37010491.pdf,
2026-08-07T06:24:12.085662+00:00,36403778,10.1016/j.jneumeth.2022.109746,2023,"Robust high spatio-temporal line-scanning fMRI in humans at 7T using multi-echo readouts, denoising and prospective motion correction.",Journal of neuroscience methods,exclude,0.9,fulltext_screening_round2,,"wrong_intervention_or_index: Develops multi-echo readout, NORDIC PCA-based denoising, and motion correction for line-scanning fMRI acquisition; these are classical/statistical signal-processing techniques, not AI/ML-based reconstruction, and no hallucination/omission fidelity evaluation is performed.",,,FALSE,"{""Dat Mai_fulltext_round2"": ""exclude""}","[""we implemented an adaptation of NOise reduction with DIstribution Corrected principal component analysis (NORDIC) thermal noise removal for line-scanning fMRI data"", ""multi-echo readout and NORDIC denoising together, significantly improve data quality""]","C:/Users/V133280/RMIT University/Thai Pham - StrokeVault/Brain MRI Reconstruction Safety Review - Broad\Full Text Screening\PDF-Missing\2023 - Robust high spatio-temporal line-scanning fMRI in humans at 7T using multi-echo readouts, denoising and prospective moti - PMID 36403778.pdf",
2026-08-07T06:24:12.085662+00:00,36961093,10.1002/mrm.29638,2023,Understanding aliasing effects and their removal in SPEN MRI: A k-space perspective.,Magnetic resonance in medicine,exclude,0.85,fulltext_screening_round2,,"wrong_intervention_or_index: Presents an analytical k-space/deconvolution model to characterize and remove aliasing artifacts in SPEN MRI reconstruction; this is a classical/analytical (non-AI/ML) reconstruction method, not a deep-learning fidelity/safety evaluation contribution.",,,FALSE,"{""Dat Mai_fulltext_round2"": ""exclude""}","[""SPEN's quadratic phase modulation can be described in k-space by a convolution matrix"", ""This k-space model allows us to pose SPEN's reconstruction as a deconvolution process from which aliasing and edge ghost artifacts can be quantified""]",C:/Users/V133280/RMIT University/Thai Pham - StrokeVault/Brain MRI Reconstruction Safety Review - Broad\Full Text Screening\PDF-Missing\2023 - Understanding aliasing effects and their removal in SPEN MRI A k-space perspective. - PMID 36961093.pdf,
2026-08-07T06:24:12.085662+00:00,37307382,10.1002/jcu.23509,2023,Validation of an automatic software in assessing fetal brain volume from three dimensional ultrasonographic volumes: Comparison with manual analysis.,Journal of clinical ultrasound : JCU,exclude,0.9,fulltext_screening_round2,,"wrong_intervention_or_index: Validates automatic 3D ultrasound software against manual VOCAL analysis for fetal brain volume measurement; imaging modality is ultrasound, not MRI, and there is no AI/ML MRI reconstruction fidelity evaluation.",,,FALSE,"{""Dat Mai_fulltext_round2"": ""exclude""}","[""FBV measurements were obtained using an automatic software (Smart ICV™) and manually by Virtual Organ Computer-aided AnaLysis (VOCAL™)"", ""Validation of an automatic software in assessing fetal brain volume from three dimensional ultrasonographic volumes""]",C:/Users/V133280/RMIT University/Thai Pham - StrokeVault/Brain MRI Reconstruction Safety Review - Broad\Full Text Screening\PDF-Missing\2023 - Validation of an automatic software in assessing fetal brain volume from three dimensional ultrasonographic volumes Comp - PMID 37307382.pdf,
2026-08-07T06:24:12.085662+00:00,38043105,10.1002/mp.16850,2024,A novel loss function to reproduce texture features for deep learning-based MRI-to-CT synthesis.,Medical physics,include,0.55,fulltext_screening_round2,"on_topic_recon_safety_eval: Proposes a GLCM-based loss function for deep-learning MRI-to-CT synthesis and quantitatively evaluates improved texture-feature fidelity (concordance correlation coefficient) versus baseline, validated in part on a public brain-tumor (glioblastoma) MRI/CT dataset, constituting a fidelity-evaluation methodological contribution.",,,,TRUE,"{""Dat Mai_fulltext_round2"": ""include""}","[""We proposed a gray-level co-occurrence matrix (GLCM)-based loss function to improve the reproducibility of texture features"", ""CCC values of the GLCM features in GTVnx were significantly improved from 0.78 ± 0.12 to 0.82 ± 0.11"", ""we also used Burdenko's Glioblastoma Progression Dataset to test the validity of the loss function""]",C:/Users/V133280/RMIT University/Thai Pham - StrokeVault/Brain MRI Reconstruction Safety Review - Broad\Full Text Screening\PDF-Missing\2024 - A novel loss function to reproduce texture features for deep learning-based MRI-to-CT synthesis. - PMID 38043105.pdf,
2026-08-07T06:24:12.085662+00:00,39293708,10.1016/j.jstrokecerebrovasdis.2024.108014,2024,Advancements in opportunistic intracranial aneurysm screening: The impact of a deep learning algorithm on radiologists' analysis of T2-weighted cranial MRI.,Journal of stroke and cerebrovascular diseases : the official journal of National Stroke Association,exclude,0.9,fulltext_screening_round2,,"wrong_intervention_or_index: Evaluates a deep-learning detection algorithm as a 'second reader' for identifying intracranial aneurysms on standard T2-weighted MRI to improve radiologist sensitivity; this is a diagnostic-assist/detection tool operating on already-reconstructed images, not an MRI reconstruction fidelity/safety evaluation method.",,,FALSE,"{""Dat Mai_fulltext_round2"": ""exclude""}","[""we assess a Deep Learning Algorithm (DLA) developed to assist radiologists in identifying and reporting UIAs on T2WI"", ""the models' assistance improved the sensitivity of the eight participants by an average of 36.19""]",C:/Users/V133280/RMIT University/Thai Pham - StrokeVault/Brain MRI Reconstruction Safety Review - Broad\Full Text Screening\PDF-Missing\2024 - Advancements in opportunistic intracranial aneurysm screening The impact of a deep learning algorithm on radiologists' a - PMID 39293708.pdf,
2026-08-07T06:24:12.085662+00:00,10354073,10.1109/trpms.2023.3341903,2024,CT Image Denoising and Deblurring With Deep Learning: Current Status and Perspectives,IEEE Transactions on Radiation and Plasma Medical Sciences,exclude,0.85,fulltext_screening_round2,,out_of_scope: Review article on deep-learning methods for CT (not MRI) image denoising and deblurring; wrong imaging modality and a survey without original reconstruction-fidelity-evaluation methodology for brain MRI.,,,FALSE,"{""Dat Mai_fulltext_round2"": ""exclude""}","[""This article reviews the deep learning methods for computed tomography image denoising and deblurring"", ""Computed tomography (CT) is the first technique for generating 2-D or 3-D images of internal structures of human bodies non invasively""]",C:/Users/V133280/RMIT University/Thai Pham - StrokeVault/Brain MRI Reconstruction Safety Review - Broad\Full Text Screening\PDF-Missing\2024 - CT Image Denoising and Deblurring With Deep Learning Current Status and Perspectives - IEEEXPLORE 10354073.pdf,
2026-08-07T06:24:12.085662+00:00,39258930,10.1002/hipo.23637,2024,Curved multiplanar reformatting allows the accurate histological delineation of hippocampal subfields.,Hippocampus,exclude,0.9,fulltext_screening_round2,,"wrong_intervention_or_index: Validates a curved multiplanar reformatting (CMPR) visualization/segmentation protocol for hippocampal subfields against histology; this is a manual image post-processing/segmentation technique, not an AI/ML MRI reconstruction method or its fidelity/safety evaluation.",,,FALSE,"{""Dat Mai_fulltext_round2"": ""exclude""}","[""Curved multiplanar reformatting allows the accurate histological delineation of hippocampal subfields"", ""CMPR allows reliable subfield segmentation based on histological criteria throughout the hippocampal head, body, and tail""]",C:/Users/V133280/RMIT University/Thai Pham - StrokeVault/Brain MRI Reconstruction Safety Review - Broad\Full Text Screening\PDF-Missing\2024 - Curved multiplanar reformatting allows the accurate histological delineation of hippocampal subfields. - PMID 39258930.pdf,
2026-08-07T06:24:12.085662+00:00,37877463,10.1002/jmri.29088,2024,Deep Learning-Driven Transformation: A Novel Approach for Mitigating Batch Effects in Diffusion MRI Beyond Traditional Harmonization.,Journal of magnetic resonance imaging : JMRI,include,0.6,fulltext_screening_round2,"on_topic_recon_safety_eval: An AI/ML (Attention U-Net) contrast-transformation/super-resolution model for DWI harmonization is validated with quantitative fidelity metrics and Dice-based lesion signal reproducibility, addressing the omission-of-pathology failure mode in brain images including stroke and tumor cases.",,,,TRUE,"{""Dat Mai_fulltext_round2"": ""include""}","[""An experienced, board-certiﬁed radiologist evaluated the effectiveness of restoring high-resolution T2WI and harmonizing diverse DWI"", ""Autoencoder halved learning iterations; Dice coefﬁcient >0.74 conﬁrmed signal reproducibility in 84 lesions."", ""84 with conditions like stroke and tumors""]",C:/Users/V133280/RMIT University/Thai Pham - StrokeVault/Brain MRI Reconstruction Safety Review - Broad\Full Text Screening\PDF-Missing\2024 - Deep Learning-Driven Transformation A Novel Approach for Mitigating Batch Effects in Diffusion MRI Beyond Traditional Ha - PMID 37877463.pdf,
2026-08-07T06:24:12.085662+00:00,38195858,10.1111/jon.13187,2024,Deep learning-accelerated image reconstruction in MRI of the orbit to shorten acquisition time and enhance image quality.,Journal of neuroimaging : official journal of the American Society of Neuroimaging,exclude,0.62,fulltext_screening_round2+Thu_adjudication,,"wrong_population: Resolves the population_unclear flag toward exclude: the study is confined to orbital MRI - 'orbit/eye' is an explicitly enumerated exclusion anatomy - and its fidelity assessment is a fully generic blinded 4-point Likert reader study of a vendor variational-network reconstruction, with no brain data and no methodological fidelity-evaluation contribution that would specifically transfer to brain MRI. It is a clinical feasibility evaluation rather than a brain-applicable reconstruction-safety methodology, so the non-brain exclusion applies.",,,FALSE,"{""Dat Mai_fulltext_round2"": ""flagged"", ""Thu_adjudicator"": ""exclude""}","[""independently assessed the image datasets for image quality, diagnostic confidence, noise levels, artifacts, and image sharpness using a randomized and blinded 4-point Likert scale"", ""Fifty patients who had undergone orbital MRI for the evaluation of orbital diseases"", ""an unrolled variational network9 was employed for DL-based image reconstruction""]",C:/Users/V133280/RMIT University/Thai Pham - StrokeVault/Brain MRI Reconstruction Safety Review - Broad\Full Text Screening\PDF-Missing\2024 - Deep learning-accelerated image reconstruction in MRI of the orbit to shorten acquisition time and enhance image quality - PMID 38195858.pdf,
2026-08-07T06:24:12.085662+00:00,38808752,10.1002/nbm.5179,2024,Deep-learning-based motion correction using multichannel MRI data: a study using simulated artifacts in the fastMRI dataset.,NMR in biomedicine,include,0.85,fulltext_screening_round2,"on_topic_recon_safety_eval: Proposes and evaluates deep-learning (cGAN) motion-correction reconstruction methods on multichannel brain MRI (fastMRI), explicitly comparing performance in normal versus pathology-annotated cases to assess whether artifact correction is safe/reliable across pathology status.",,,,FALSE,"{""Dat Mai_fulltext_round2"": ""include""}","[""A conditional generative adversarial network was trained using simulated rigid motion artifacts in brain images"", ""Results were independent of the presence of pathology, and generalizable to a new center unseen during training."", ""175 were annotated as part of the fastMRI+ initiative,27 allowing further comparison of performance between normal cases (N = 86) and those containing annotations indicative of pathology (N = 89)""]",C:/Users/V133280/RMIT University/Thai Pham - StrokeVault/Brain MRI Reconstruction Safety Review - Broad\Full Text Screening\PDF-Missing\2024 - Deep-learning-based motion correction using multichannel MRI data a study using simulated artifacts in the fastMRI datas - PMID 38808752.pdf,
2026-08-07T06:24:12.085662+00:00,10403846,10.1109/tnsre.2024.3355769,2024,Estimating Functional Brain Networks by Low-Rank Representation With Local Constraint,IEEE Transactions on Neural Systems and Rehabilitation Engineering,exclude,0.92,fulltext_screening_round2,,"wrong_intervention_or_index: The paper proposes a low-rank sparse graph-learning method for estimating functional brain connectivity networks from fMRI time series for Alzheimer's classification, with no image reconstruction, denoising, or reconstruction-fidelity evaluation component.",,,FALSE,"{""Dat Mai_fulltext_round2"": ""exclude""}","[""we propose a local similarity-constrained low-rank sparse representation (LSLRSR) method that encodes modularity information"", ""the FBN is constructed by the proposed LSLRSR method"", ""SVM is used for final classification""]",C:/Users/V133280/RMIT University/Thai Pham - StrokeVault/Brain MRI Reconstruction Safety Review - Broad\Full Text Screening\PDF-Missing\2024 - Estimating Functional Brain Networks by Low-Rank Representation With Local Constraint - IEEEXPLORE 10403846.pdf,
2026-08-07T06:24:12.085662+00:00,37665773,10.1002/mp.16724,2024,GAN-based metal artifacts region inpainting in brain MRI imaging with reflective registration.,Medical physics,include,0.85,fulltext_screening_round2,"on_topic_recon_safety_eval: Proposes a GAN-based inpainting network (MARINet) to restore brain MRI regions corrupted by metal artifacts, quantitatively (MAE/PSNR) and qualitatively benchmarking fidelity against other inpainting/diffusion baselines and physician-inpainted references.",,,,FALSE,"{""Dat Mai_fulltext_round2"": ""include""}","[""Metal Artifacts Region Inpainting Network (MARINet), using the symmetry of brain MRI images, has been developed to generate normal MRI images in the image domain"", ""we compared PConv with partial convolution, and GConv with gated convolution,SDEdit using a diffusion model for inpainting the artifact region of MRI images"", ""the artifact masks of clinical MRI images were inpainted by physicians""]",C:/Users/V133280/RMIT University/Thai Pham - StrokeVault/Brain MRI Reconstruction Safety Review - Broad\Full Text Screening\PDF-Missing\2024 - GAN-based metal artifacts region inpainting in brain MRI imaging with reflective registration. - PMID 37665773.pdf,
2026-08-07T06:24:12.085662+00:00,10431779,10.1109/access.2024.3364699,2024,HARA-GAN: Hybrid Attention and Relative Average Discriminator Based Generative Adversarial Network for MR Image Reconstruction,IEEE Access,include,0.8,fulltext_screening_round2,on_topic_recon_safety_eval: Proposes a GAN-based (HARA-GAN) deep-learning MRI reconstruction architecture for undersampled k-space data and benchmarks its fidelity against other GAN-based reconstruction baselines using PSNR/SSIM/NMSE on brain (and knee) MR data.,,,,FALSE,"{""Dat Mai_fulltext_round2"": ""include""}","[""we proposed a generative adversarial network (GAN) based architecture called HARA-GAN"", ""The reconstructed MR image quality and consistency was evaluated using peak signal-to-noise ratio (PSNR), structural similarity index measures (SSIM), and normalized mean square error (NMSE)"", ""HARA-GAN outperforms DAGAN, RefineGAN and RSCA-GAN methods based on error maps and quantitative evaluation metrics in terms of both image quality and consistencies on two prominent data sets, brain and knee MR image reconstruction""]",C:/Users/V133280/RMIT University/Thai Pham - StrokeVault/Brain MRI Reconstruction Safety Review - Broad\Full Text Screening\PDF-Missing\2024 - HARA-GAN Hybrid Attention and Relative Average Discriminator Based Generative Adversarial Network for MR Image Reconstru - IEEEXPLORE 10431779.pdf,
2026-08-07T06:24:12.085662+00:00,37864370,10.1002/jmri.29072,2024,Handling Missing MRI Data in Brain Tumors Classification Tasks: Usage of Synthetic Images vs. Duplicate Images and Empty Images.,Journal of magnetic resonance imaging : JMRI,include,0.88,fulltext_screening_round2,"on_topic_recon_safety_eval: Evaluates GAN-generated (Pix2Pix) synthetic brain MRI sequences for handling missing data, using PSNR/SSIM fidelity metrics and a human rating-and-preference-judgment study assessing whether readers could distinguish generated from real images, directly probing hallucination/realism risk.",,,,FALSE,"{""Dat Mai_fulltext_round2"": ""include""}","[""The rating-and-preference-judgment assessment was performed by three human-readers (radiologist (MD) and two MRI-technicians)"", ""39% of the generated-images were labeled as real images by the human-readers"", ""high similarity was obtained between the generated and the original images with mean PSNR = 35.65,32.94 and SSIM = 0.87,0.91""]",C:/Users/V133280/RMIT University/Thai Pham - StrokeVault/Brain MRI Reconstruction Safety Review - Broad\Full Text Screening\PDF-Missing\2024 - Handling Missing MRI Data in Brain Tumors Classification Tasks Usage of Synthetic Images vs. Duplicate Images and Empty - PMID 37864370.pdf,
2026-08-07T06:24:12.085662+00:00,37871617,10.1002/nbm.5063,2024,Highly accelerated multi-shot intravoxel incoherent motion diffusion-weighted imaging in brain enabled by parametric POCS-based multiplexed sensitivity encoding.,NMR in biomedicine,exclude,0.85,fulltext_screening_round2,,wrong_intervention_or_index: The proposed acceleration/reconstruction framework (parametric-POCSMUSE) for multi-shot IVIM DWI is a classical projection-onto-convex-sets model-based reconstruction method with no deep learning or AI/ML component.,,,FALSE,"{""Dat Mai_fulltext_round2"": ""exclude""}","[""This study proposes an acquisition and reconstruction framework based on parametric-POCSMUSE"", ""a recently developed parametric projection onto convex sets (POCS)-based reconstruction of the MUSE framework (parametric-POCSMUSE)""]",C:/Users/V133280/RMIT University/Thai Pham - StrokeVault/Brain MRI Reconstruction Safety Review - Broad\Full Text Screening\PDF-Missing\2024 - Highly accelerated multi-shot intravoxel incoherent motion diffusion-weighted imaging in brain enabled by parametric POC - PMID 37871617.pdf,
2026-08-07T06:24:12.085662+00:00,39520838,10.1016/j.ejrad.2024.111808,2024,Impact of deep Learning-enhanced contrast on diagnostic accuracy in stroke CT angiography.,European journal of radiology,exclude,0.8,fulltext_screening_round2,,"wrong_intervention_or_index: The deep-learning contrast-enhancement model evaluated is applied to CT angiography (not MRI) for stroke vessel-occlusion detection, so it falls outside the MRI-reconstruction scope even though the study is brain/stroke-relevant.",,,FALSE,"{""Dat Mai_fulltext_round2"": ""exclude""}","[""Purpose: To examine the impact of deep learning-augmented contrast enhancement on image quality and diagnostic accuracy of poorly contrasted CT angiography"", ""a vendor-agnostic program was developed as a contrast augmentation algorithm for low-contrast-dose CE CT using a deep learning model with a two-stage U-net architecture, trained on a dual-energy CT-derived dataset""]",C:/Users/V133280/RMIT University/Thai Pham - StrokeVault/Brain MRI Reconstruction Safety Review - Broad\Full Text Screening\PDF-Missing\2024 - Impact of deep Learning-enhanced contrast on diagnostic accuracy in stroke CT angiography. - PMID 39520838.pdf,
2026-08-07T06:24:12.085662+00:00,38340971,10.1016/j.mri.2024.02.006,2024,Improved image quality in contrast-enhanced 3D-T1 weighted sequence by compressed sensing-based deep-learning reconstruction for the evaluation of head and neck.,Magnetic resonance imaging,exclude,0.68,fulltext_screening_round2+Thu_adjudication,,"wrong_population: Resolves the population_unclear flag toward exclude: imaging covers the extracranial head and neck (aortic arch to skull base) with no brain parenchyma, and the evaluation is routine radiologist Likert scoring plus SNR/CNR for a vendor Adaptive-CS-Net reconstruction. There is no fidelity-evaluation methodology that specifically transfers to brain MRI beyond generic reader assessment, and the authors frame utility strictly for head-and-neck disease, so the non-brain exclusion applies.",,,FALSE,"{""Dat Mai_fulltext_round2"": ""flagged"", ""Thu_adjudicator"": ""exclude""}","[""to evaluate the whole volume of the head and neck (from the aortic arch to the skull base)"", ""we evaluated overall image quality, visualization of anatomical structures, degree of artifacts, lesion conspicuity, and lesion edge sharpness based on a five-point system"", ""This technique will be useful for the assessment of patients with head and neck disease.""]",C:/Users/V133280/RMIT University/Thai Pham - StrokeVault/Brain MRI Reconstruction Safety Review - Broad\Full Text Screening\PDF-Missing\2024 - Improved image quality in contrast-enhanced 3D-T1 weighted sequence by compressed sensing-based deep-learning reconstruc - PMID 38340971.pdf,
2026-08-07T06:24:12.085662+00:00,39291702,10.1002/mp.17419,2024,Optimization of reconstruction in quantitative brain PET images: Benefits from PSF modeling and correction of edge artifacts.,Medical physics,exclude,0.9,fulltext_screening_round2,,"wrong_intervention_or_index: Study optimizes classical iterative PET reconstruction (3D-OSEM with PSF modeling and Gaussian postfiltering) in a phantom, with no AI/ML component and no MRI reconstruction relevance.",,,FALSE,"{""Dat Mai_fulltext_round2"": ""exclude""}","[""Modern PET reconstruction algorithms incorporate point-spread-function (PSF) correction to mitigate partial volume effect"", ""Images were reconstructed using 3-dimensional ordered subset expectation maximization (3D-OSEM) with time-of-ﬂight (TOF)"", ""A stereotactic end-to-end veriﬁcation (STEEV) phantom""]",C:/Users/V133280/RMIT University/Thai Pham - StrokeVault/Brain MRI Reconstruction Safety Review - Broad\Full Text Screening\PDF-Missing\2024 - Optimization of reconstruction in quantitative brain PET images Benefits from PSF modeling and correction of edge artifa - PMID 39291702.pdf,
2026-08-07T06:24:12.085662+00:00,38193276,10.1002/mrm.29980,2024,"Predicting dynamic, motion-related changes in B0 field in the brain at a 7T MRI using a subject-specific fine-trained U-net.",Magnetic resonance in medicine,exclude,0.6,fulltext_screening_round2,,"wrong_intervention_or_index: A 3D U-net predicts B0 field-map changes from head-position data to enable motion-related field correction; this is an upstream field-mapping/correction tool rather than an image reconstruction, denoising, or super-resolution method, and fidelity is assessed only against navigator-derived B0 maps, not reconstructed image quality or artifact metrics.",,,TRUE,"{""Dat Mai_fulltext_round2"": ""exclude""}","[""We propose a deep learning based method to predict such changes within the brain from the change of the head position to facilitate retrospective or even real-time correction"", ""Our approach was compared to established dynamic B0 field mapping via interleaved navigators"", ""Qualitative and quantitative comparison showed similar performance between an interleaved navigator-equivalent method and proposed method""]","C:/Users/V133280/RMIT University/Thai Pham - StrokeVault/Brain MRI Reconstruction Safety Review - Broad\Full Text Screening\PDF-Missing\2024 - Predicting dynamic, motion-related changes in B0 field in the brain at a 7T MRI using a subject-specific fine-trained U- - PMID 38193276.pdf",
2026-08-07T06:24:12.085662+00:00,38988040,10.1002/mrm.30216,2024,Rapid submillimeter QSM and R2* mapping using interleaved multishot 3D-EPI at 7 and 3 Tesla.,Magnetic resonance in medicine,exclude,0.9,fulltext_screening_round2,,"wrong_intervention_or_index: The study develops a classical (non-AI/ML) accelerated multishot 3D-EPI acquisition and standard vendor image reconstruction with retrospective image-based corrections for QSM/R2* mapping, with no deep-learning or AI-based reconstruction component.",,,FALSE,"{""Dat Mai_fulltext_round2"": ""exclude""}","[""To explore the high signal-to-noise ratio (SNR) efficiency of interleaved multishot 3D-EPI with standard image reconstruction"", ""conventional CAIPIRINHA undersampling"", ""scan parameters are varied (e.g., dual-polarity frequency-encoding) to additionally correct for B0-induced artifacts, geometric distortions and motion retrospectively""]",C:/Users/V133280/RMIT University/Thai Pham - StrokeVault/Brain MRI Reconstruction Safety Review - Broad\Full Text Screening\PDF-Missing\2024 - Rapid submillimeter QSM and R2 mapping using interleaved multishot 3D-EPI at 7 and 3 Tesla. - PMID 38988040.pdf,
2026-08-07T06:24:12.085662+00:00,38923628,10.1002/mrm.30196,2024,Reducing blood flow pulsation artifacts in 3D time-of-flight angiography by locally scrambling the order of the acquisition at 3 T and 7 T.,Magnetic resonance in medicine,exclude,0.9,fulltext_screening_round2,,"wrong_intervention_or_index: Proposes a classical k-space acquisition-order local-scrambling technique to reduce pulsation artifacts in TOF angiography, explicitly not involving reconstruction changes or AI/ML.",,,FALSE,"{""Dat Mai_fulltext_round2"": ""exclude""}","[""This approach can easily be implemented in the scanner without any changes to the reconstruction."", ""we recently introduced a new \""local-scrambling\"" approach that semi-randomizes the acquisition order of the phase encodes""]",C:/Users/V133280/RMIT University/Thai Pham - StrokeVault/Brain MRI Reconstruction Safety Review - Broad\Full Text Screening\PDF-Missing\2024 - Reducing blood flow pulsation artifacts in 3D time-of-flight angiography by locally scrambling the order of the acquisit - PMID 38923628.pdf,
2026-08-07T06:24:12.085662+00:00,38650101,10.1002/mrm.30113,2024,Retrospective correction of second-order concomitant fields in 3D axial stack-of-spirals imaging on a high-performance gradient system.,Magnetic resonance in medicine,exclude,0.9,fulltext_screening_round2,,"wrong_intervention_or_index: Describes a physics-based, non-AI/ML retrospective phase-correction method for second-order concomitant fields in 3D stack-of-spirals acquisition, with no deep learning or reconstruction-fidelity-evaluation methodology.",,,FALSE,"{""Dat Mai_fulltext_round2"": ""exclude""}","[""A method for compensating for second-order concomitant fields in 3D axial SoS image reconstruction is described."", ""We retrospectively correct for second-order concomitant field-induced phase error in the 3D SoS data by slice-dependent k-space phase compensation""]",C:/Users/V133280/RMIT University/Thai Pham - StrokeVault/Brain MRI Reconstruction Safety Review - Broad\Full Text Screening\PDF-Missing\2024 - Retrospective correction of second-order concomitant fields in 3D axial stack-of-spirals imaging on a high-performance g - PMID 38650101.pdf,
2026-08-07T06:24:12.085662+00:00,41101623,10.1016/j.neuroscience.2025.10.004,2025,A deep learning approach to artifact removal in Transcranial Electrical Stimulation: From shallow methods to deep neural networks and state space models.,Neuroscience,exclude,0.95,fulltext_screening_round2,,"out_of_scope: Study addresses deep-learning removal of tES stimulation artifacts from EEG recordings, not AI/ML-based MRI reconstruction or its fidelity/safety evaluation.",,,FALSE,"{""Dat Mai_fulltext_round2"": ""exclude""}","[""This study analyzes Machine Learning (ML) methods for tES noise artifact removal"", ""eleven methods for tES noise artifact removal in simultaneous EEG recordings""]",C:/Users/V133280/RMIT University/Thai Pham - StrokeVault/Brain MRI Reconstruction Safety Review - Broad\Full Text Screening\PDF-Missing\2025 - A deep learning approach to artifact removal in Transcranial Electrical Stimulation From shallow methods to deep neural - PMID 41101623.pdf,
2026-08-07T06:24:12.085662+00:00,39887812,10.1002/jmri.29682,2025,Application of Anti-Motion Ultra-Fast Quantitative MRI in Neurological Disorder Imaging: Insights From Huntington's Disease.,Journal of magnetic resonance imaging : JMRI,include,0.45,fulltext_screening_round2,"on_topic_recon_safety_eval: Evaluates a CNN/U-Net-based end-to-end reconstruction (MOLED) for brain qMRI, assessing accuracy, repeatability, and motion-artifact freedom as fidelity evidence, though clinical HD application is the main framing.",,,,TRUE,"{""Dat Mai_fulltext_round2"": ""include""}","[""we employ a convolutional neural network (CNN) based on the U-Net model to perform end-to-end parameter mapping"", ""MOLED T2 and T2* maps remained artifact-free across all HD patients, even in the presence of apparent head motions"", ""demonstrated good accuracy ... and good repeatability""]",C:/Users/V133280/RMIT University/Thai Pham - StrokeVault/Brain MRI Reconstruction Safety Review - Broad\Full Text Screening\PDF-Missing\2025 - Application of Anti-Motion Ultra-Fast Quantitative MRI in Neurological Disorder Imaging Insights From Huntington's Disea - PMID 39887812.pdf,
2026-08-07T06:24:12.085662+00:00,39424209,10.1016/j.mri.2024.110252,2025,Bayesian merged utilization of GRAPPA and SENSE (BMUGS) for in-plane accelerated reconstruction increases fMRI detection power.,Magnetic resonance imaging,include,0.5,fulltext_screening_round2,"on_topic_recon_safety_eval: Proposes a Bayesian parallel-imaging brain fMRI reconstruction method and centers its evaluation on fidelity outcomes (no aliasing artifacts, SNR/image quality, task detection power) versus GRAPPA/SENSE.",,,,TRUE,"{""Dat Mai_fulltext_round2"": ""include""}","[""Our Bayesian technique successfully reconstructed simulated and experimental fMRI time series with no aliasing artifacts while decreasing temporal variation and increasing task detection power."", ""This yields increased SNR and image quality, with improved power in task detection compared to GRAPPA.""]",C:/Users/V133280/RMIT University/Thai Pham - StrokeVault/Brain MRI Reconstruction Safety Review - Broad\Full Text Screening\PDF-Missing\2025 - Bayesian merged utilization of GRAPPA and SENSE (BMUGS) for in-plane accelerated reconstruction increases fMRI detection - PMID 39424209.pdf,
2026-08-07T06:24:12.085662+00:00,40447509,10.1016/j.acra.2025.05.020,2025,Deep Learning CAIPIRINHA-VIBE Improves and Accelerates Head and Neck MRI.,Academic radiology,exclude,0.7,fulltext_screening_round2,,"wrong_population: Evaluates a deep-learning accelerated reconstruction and its image-quality/artifact fidelity, but exclusively in contrast-enhanced neck MRI with no brain data or explicit transfer to brain imaging.",,,FALSE,"{""Dat Mai_fulltext_round2"": ""exclude""}","[""this prospective study evaluates a CAIPIRINHA-VIBE with a deep learning-based reconstruction algorithm ... in contrast-enhanced neck MRI"", ""Image quality was evaluated by three radiologists with a 5-point Likert scale""]",C:/Users/V133280/RMIT University/Thai Pham - StrokeVault/Brain MRI Reconstruction Safety Review - Broad\Full Text Screening\PDF-Missing\2025 - Deep Learning CAIPIRINHA-VIBE Improves and Accelerates Head and Neck MRI. - PMID 40447509.pdf,
2026-08-07T06:24:12.085662+00:00,39290071,10.1002/mrm.30278,2025,Denoising of dual-VENC PC-MRI with large high/low VENC ratios.,Magnetic resonance in medicine,include,0.45,fulltext_screening_round2,"on_topic_recon_safety_eval: Proposes and quantitatively evaluates two denoising/correction methods for dual-VENC PC-MRI artifacts, including brain-aneurysm data, directly addressing reconstruction fidelity artifacts (aliasing/unwrapping errors).",,,,TRUE,"{""Dat Mai_fulltext_round2"": ""include""}","[""This study probes three denoising techniques that aim to enhance the quality of the velocity field acquired by the dual-VENC strategy"", ""brain aneurysm data revealed that the Sign Correction method is not suitable, as it increases error when the flow is not unidirectional""]",C:/Users/V133280/RMIT University/Thai Pham - StrokeVault/Brain MRI Reconstruction Safety Review - Broad\Full Text Screening\PDF-Missing\2025 - Denoising of dual-VENC PC-MRI with large high low VENC ratios. - PMID 39290071.pdf,
2026-08-07T06:24:12.085662+00:00,39912494,10.1002/jmri.29731,2025,Diagnosis of Sacroiliitis Through Semi-Supervised Segmentation and Radiomics Feature Analysis of MRI Images.,Journal of magnetic resonance imaging : JMRI,exclude,0.95,fulltext_screening_round2,,wrong_population: Diagnostic segmentation/radiomics study of sacroiliac joint MRI for ankylosing spondylitis; non-brain population with no reconstruction-fidelity evaluation contribution.,,,FALSE,"{""Dat Mai_fulltext_round2"": ""exclude""}","[""A total of 514 sacroiliac joint (SIJ) MRI images are analyzed"", ""This study integrates semi-supervised learning with radiomics to improve sacroiliitis diagnosis""]",C:/Users/V133280/RMIT University/Thai Pham - StrokeVault/Brain MRI Reconstruction Safety Review - Broad\Full Text Screening\PDF-Missing\2025 - Diagnosis of Sacroiliitis Through Semi-Supervised Segmentation and Radiomics Feature Analysis of MRI Images. - PMID 39912494.pdf,
2026-08-07T06:24:12.085662+00:00,39401773,10.1002/nbm.5263,2025,Feasibility of submillimeter functional quantitative susceptibility mapping using 3D echo planar imaging at 7 T.,NMR in biomedicine,exclude,0.6,fulltext_screening_round2,,out_of_scope: A feasibility/neuroscience study of submillimeter functional QSM versus BOLD fMRI localization; NORDIC denoising is used as a processing step but the paper does not center on evaluating AI/ML reconstruction fidelity/safety.,,,FALSE,"{""Dat Mai_fulltext_round2"": ""exclude""}","[""This study demonstrates the feasibility of submillimeter whole-brain fQSM"", ""Submillimeter data were denoised using NOise reduction with DIstribution Corrected (NORDIC), which improved z-scores""]",C:/Users/V133280/RMIT University/Thai Pham - StrokeVault/Brain MRI Reconstruction Safety Review - Broad\Full Text Screening\PDF-Missing\2025 - Feasibility of submillimeter functional quantitative susceptibility mapping using 3D echo planar imaging at 7 T. - PMID 39401773.pdf,
2026-08-07T06:24:12.085662+00:00,40275620,10.1002/mrm.30512,2025,Higher spatial resolution and sensitivity in whole brain functional MRI at 7T using 3D EPI accelerated with variable density CAIPI sampling and temporal random walk.,Magnetic resonance in medicine,include,0.5,fulltext_screening_round2,"on_topic_recon_safety_eval: Proposes a temporally-regularized accelerated brain fMRI reconstruction and centers its evaluation on reconstruction fidelity, reporting a substantial SSIM increase over an alternative encoding/reconstruction method.",,,,TRUE,"{""Dat Mai_fulltext_round2"": ""include""}","[""our proposed method achieved higher reconstruction accuracy, resulting in a substantial increase of SSIM compared to an alternative method for 0.64 mm-isotropic resolution"", ""can significantly improve the image quality while providing a good balance between sensitivity and specificity""]",C:/Users/V133280/RMIT University/Thai Pham - StrokeVault/Brain MRI Reconstruction Safety Review - Broad\Full Text Screening\PDF-Missing\2025 - Higher spatial resolution and sensitivity in whole brain functional MRI at 7T using 3D EPI accelerated with variable den - PMID 40275620.pdf,
2026-08-07T06:24:12.085662+00:00,39233495,10.1002/mrm.30266,2025,Motion and temporal B0-shift corrections for QSM and R 2 * mapping using dual-echo spiral navigators and conjugate-phase reconstruction.,Magnetic resonance in medicine,include,0.55,fulltext_screening_round2,"on_topic_recon_safety_eval: Proposes a novel conjugate-phase reconstruction for joint motion/B0 correction in brain QSM and R2* mapping, with evaluation centered on artifact reduction and image-quality/fidelity improvement in human brain scans.",,,,TRUE,"{""Dat Mai_fulltext_round2"": ""include""}","[""Numerical simulation and human brain scans demonstrated that the proposed technique successfully corrected artifacts induced by both head motions and temporal B0 changes"", ""combining temporal B0 correction with motion correction further reduced artifacts and improved image quality in both R2* and QSM images""]",C:/Users/V133280/RMIT University/Thai Pham - StrokeVault/Brain MRI Reconstruction Safety Review - Broad\Full Text Screening\PDF-Missing\2025 - Motion and temporal B0-shift corrections for QSM and R 2 mapping using dual-echo spiral navigators and conjugate-phase r - PMID 39233495.pdf,
2026-08-07T06:24:12.085662+00:00,40089979,10.1002/mp.17747,2025,Quantitative susceptibility mapping via deep neural networks with iterative reverse concatenations and recurrent modules.,Medical physics,include,0.75,fulltext_screening_round2,"on_topic_recon_safety_eval: Proposes a deep-learning (IR2U-net) QSM dipole-inversion reconstruction and directly benchmarks fidelity against traditional and DL methods using the XSIM structural-similarity metric, explicitly addressing artifact/over-smoothing failure modes.",,,,FALSE,"{""Dat Mai_fulltext_round2"": ""include""}","[""IR2QSM outperformed all other methods in reducing artifacts and noise in QSM images"", ""achieved on average the lowest XSIM (84.81%) in simulations"", ""it successfully alleviated the over-smoothing and susceptibility underestimation in LPCNN results""]",C:/Users/V133280/RMIT University/Thai Pham - StrokeVault/Brain MRI Reconstruction Safety Review - Broad\Full Text Screening\PDF-Missing\2025 - Quantitative susceptibility mapping via deep neural networks with iterative reverse concatenations and recurrent modules - PMID 40089979.pdf,
2026-08-07T06:24:12.085662+00:00,41555683,10.1002/nbm.70227,2026,A Comprehensive Framework for Uncertainty Quantification of Voxel-Wise Supervised Deep Learning Models in IVIM MRI.,NMR in biomedicine,exclude,0.55,fulltext_screening_round2,,"wrong_population: Deep-learning uncertainty-quantification framework for IVIM parameter fitting is evaluated on simulated data and an in vivo brain mouse dataset, not human brain MRI, with no human-brain evaluation reported.",,,TRUE,"{""Dat Mai_fulltext_round2"": ""exclude""}","[""evaluation was conducted on both simulated and in vivo brain mouse dataset"", ""Several preclinical studies have demonstrated the utility of mouse models for investigating microvascular alterations and tumor perfusion in the brain using the IVIM model""]",C:/Users/V133280/RMIT University/Thai Pham - StrokeVault/Brain MRI Reconstruction Safety Review - Broad\Full Text Screening\PDF-Missing\2026 - A Comprehensive Framework for Uncertainty Quantification of Voxel-Wise Supervised Deep Learning Models in IVIM MRI. - PMID 41555683.pdf,
2026-08-07T06:24:12.085662+00:00,,10.1007/s10586-026-06180-z,2026,Bald Uakari Algorithm: a novel nature-inspired metaheuristic for missing pixel imputation in medical images,Cluster Computing,include,0.55,fulltext_screening_round2,"on_topic_recon_safety_eval: Proposes a metaheuristic-GAN hybrid image-imputation/reconstruction method tested on multiple modalities including brain MRI, evaluated with fidelity metrics (PSNR, SSIM, FSIM, MSE) directly relevant to reconstruction fidelity.",,,,TRUE,"{""Dat Mai_fulltext_round2"": ""include""}","[""Extensive experimental evaluations across diverse medical imaging modalities—including brain MRI, abdominal CT, mammography, retinal fundus, echocardiography, and dental radiographs—demonstrate BUA's superior performance"", ""Our approach consistently achieves higher PSNR, SSIM, and FSIM values while maintaining lower MSE scores""]",C:/Users/V133280/RMIT University/Thai Pham - StrokeVault/Brain MRI Reconstruction Safety Review - Broad\Full Text Screening\PDF-Missing\2026 - Bald Uakari Algorithm a novel nature-inspired metaheuristic for missing pixel imputation in medical images - SPRINGER 10.1007_s10586-026-06180-z.pdf,
2026-08-07T06:24:12.085662+00:00,,10.1007/978-3-032-08330-2_1,2026,Comparing XAI Explanations and Synthetic Data Augmentation Strategies in Neuroimaging AI,Explainable Artificial Intelligence,exclude,0.6,fulltext_screening_round2,,out_of_scope: Study compares XAI explanation stability and predictive accuracy of CNN brain-age models under real vs. diffusion-model-synthesized MRI augmentation; it does not evaluate reconstruction fidelity/safety of the generated images themselves.,,,FALSE,"{""Dat Mai_fulltext_round2"": ""exclude""}","[""This study investigates the impact of data augmentation (DA) on both predictive accuracy and explanation stability"", ""we compare three training strategies: (i) a baseline model, (ii) a model augmented with real MRI scans from OASIS-3, and (iii) a model trained with synthetic data generated by a diffusion model""]",C:/Users/V133280/RMIT University/Thai Pham - StrokeVault/Brain MRI Reconstruction Safety Review - Broad\Full Text Screening\PDF-Missing\2026 - Comparing XAI Explanations and Synthetic Data Augmentation Strategies in Neuroimaging AI - SPRINGER 10.1007_978-3-032-08330-2_1.pdf,
2026-08-07T06:24:12.085662+00:00,41549106,10.1007/s00234-025-03896-4,2026,Integrating large language models (LLMs) into neuro-oncologic radiology: a retrospective feasibility assessment of GPT-4o for brain tumor diagnosis.,Neuroradiology,exclude,0.85,fulltext_screening_round2,,"wrong_outcome: Evaluates GPT-4o's diagnostic accuracy for brain tumor classification from images/reports, not its use as a judge of AI/ML MRI reconstruction fidelity or safety.",,,FALSE,"{""Dat Mai_fulltext_round2"": ""exclude""}","[""this study aimed to retrospectively evaluate the diagnostic performance and reliability of GPT-4o ... for brain tumor diagnosis"", ""GPT-4o's diagnostic accuracy was assessed under three predefined input methods""]",C:/Users/V133280/RMIT University/Thai Pham - StrokeVault/Brain MRI Reconstruction Safety Review - Broad\Full Text Screening\PDF-Missing\2026 - Integrating large language models (LLMs) into neuro-oncologic radiology a retrospective feasibility assessment of GPT-4o - PMID 41549106.pdf,
2026-08-07T06:24:12.085662+00:00,42419349,10.1088/2057-1976/ae87ac,2026,Machine learning-driven correction of handgrip strength: a novel biomarker for neurological and health outcomes in the UK Biobank.,Biomedical physics & engineering express,exclude,0.95,fulltext_screening_round2,,out_of_scope: Develops an ML-corrected handgrip-strength biomarker correlated with brain gray-matter volume; no MRI reconstruction method or fidelity/safety evaluation is involved.,,,FALSE,"{""Dat Mai_fulltext_round2"": ""exclude""}","[""sex-specific ML models were developed to predict HGS based on three anthropometric variables and age"", ""The neural basis of true HGS and ΔHGS was investigated by correlating them with regional gray matter volume""]",C:/Users/V133280/RMIT University/Thai Pham - StrokeVault/Brain MRI Reconstruction Safety Review - Broad\Full Text Screening\PDF-Missing\2026 - Machine learning-driven correction of handgrip strength a novel biomarker for neurological and health outcomes in the UK - PMID 42419349.pdf,
2026-08-07T06:24:12.085662+00:00,,10.1007/s10278-026-01889-0,2026,SwinPix: A Swin Transformer-based Pix2Pix Framework for Low-Dose PET Denoising Using Multi-level Inputs Toward Standard-Dose Quality,Journal of Imaging Informatics in Medicine,exclude,0.95,fulltext_screening_round2,,"wrong_intervention_or_index: The paper is a deep-learning PET denoising/reconstruction method (low-dose to standard-dose PET) evaluated with SSIM/PSNR/SUV bias, not an AI/ML-based MRI reconstruction or an MRI fidelity/safety evaluation method, and has no transfer to brain MRI.",,,FALSE,"{""Dat Mai_fulltext_round2"": ""exclude""}","[""This study introduces SwinPix, a novel network architecture designed to explore the effectiveness of multi-level low-dose (LD) PET inputs as prior knowledge for standard-dose (SD) PET image prediction."", ""This study exploited PET/CT brain images of 219 patients presenting with head and neck malignant lesions"", ""SwinPix offers a hybrid transformer-based solution for LD PET reconstruction.""]",C:/Users/V133280/RMIT University/Thai Pham - StrokeVault/Brain MRI Reconstruction Safety Review - Broad\Full Text Screening\PDF-Missing\2026 - SwinPix A Swin Transformer-based Pix2Pix Framework for Low-Dose PET Denoising Using Multi-level Inputs Toward Standard-D - SPRINGER 10.1007_s10278-026-01889-0.pdf,
2026-08-07T06:43:48.781773+00:00,9585719,10.1109/access.2021.3123119,2021,Self-Organized Maps and High-Frequency Image Detail for MRI Image Enhancement,IEEE Access,exclude,0.8,fulltext_screening_round2,,"wrong_intervention_or_index: Proposes a new SOM+KNN super-resolution algorithm trained/evaluated mainly on natural-image benchmarks (Div2k, SET5, SET14, BSDS100, URBAN100) using PSNR/SSIM against other SR methods, with no focus on assessing hallucination, distortion, or diagnostic-fidelity safety of brain MRI reconstruction.",,,FALSE,"{""Dat Mai_fulltext_round2"": ""exclude""}","[""trained, tested, and evaluated by the Div2k dataset and compared with other traditional and state-of-the-art image enhancement methods on various datasets, such as SET5, SET14, BSDS100, and URBAN100"", ""peak signal-to-noise ratio (PSNR) and structural similarity index (SSIM), to compare image superresolution algorithms""]",C:/Users/V133280/RMIT University/Thai Pham - StrokeVault/Brain MRI Reconstruction Safety Review - Broad\Full Text Screening\PDF-Missing\2021 - Self-Organized Maps and High-Frequency Image Detail for MRI Image Enhancement - IEEEXPLORE 9585719.pdf,
2026-08-07T06:43:48.781773+00:00,38880310,10.1016/j.neuroimage.2024.120684,2024,Discovering the effective connectome of the brain with dynamic Bayesian DAG learning.,NeuroImage,exclude,0.95,fulltext_screening_round2,,"out_of_scope: Paper proposes a Bayesian dynamic DAG causal-discovery method (BDyMA) for extracting the brain's effective connectome from fMRI/DTI data; it is about causal connectivity discovery, not about assessing the safety or fidelity of AI/ML-based MRI image reconstruction.",,,FALSE,"{""Dat Mai_fulltext_round2"": ""exclude""}","[""we introduce Bayesian Dynamic DAG learning with M-matrices Acyclicity characterization (BDyMA), that addresses both of the mentioned challenges"", ""Understanding the complex mechanisms of the brain can be unraveled by extracting the Dynamic Effective Connectome (DEC).""]",C:/Users/V133280/RMIT University/Thai Pham - StrokeVault/Brain MRI Reconstruction Safety Review - Broad\Full Text Screening\PDF-Missing\2024 - Discovering the effective connectome of the brain with dynamic Bayesian DAG learning. - PMID 38880310.pdf,
2026-08-07T06:43:48.781773+00:00,39173963,10.1016/j.mri.2024.110220,2024,Dynamic contrast enhanced MRI of the head and neck region using a VIBE sequence with Cartesian undersampling and compressed sensing.,Magnetic resonance imaging,exclude,0.9,fulltext_screening_round2,,"wrong_population: Clinical diagnostic-performance study of a classical (non-AI/ML) compressed-sensing Cartesian VIBE sequence for head-and-neck (non-brain) DCE-MRI, assessed with reader Likert scores and SNR/CNR, with no brain-MRI transfer or AI/ML reconstruction-fidelity contribution.",,,FALSE,"{""Dat Mai_fulltext_round2"": ""exclude""}","[""The aim of the study was to assess the diagnostic value of a volume-interpolated 3D T1-weighted spoiled gradient-echo sequence with variable density Cartesian undersampling and compressed sensing (CS) for head and neck MRI."", ""Three experienced readers independently evaluated image quality and lesion conspicuity on a 5-point Likert scale""]",C:/Users/V133280/RMIT University/Thai Pham - StrokeVault/Brain MRI Reconstruction Safety Review - Broad\Full Text Screening\PDF-Missing\2024 - Dynamic contrast enhanced MRI of the head and neck region using a VIBE sequence with Cartesian undersampling and compres - PMID 39173963.pdf,
2026-08-07T06:43:48.781773+00:00,10614315,10.1109/access.2024.3430968,2024,Improving MRI Resolution: A Cycle Consistent Generative Adversarial Network-Based Approach for 3T to 7T Translation,IEEE Access,exclude,0.75,fulltext_screening_round2,,"wrong_intervention_or_index: Paper develops and benchmarks a CycleGAN model for 3T-to-7T brain MRI translation using standard SSIM/PSNR/NMSE/NMAE image-quality metrics; it is a reconstruction/synthesis method paper, not a contribution to assessing hallucination, distortion, or safety of AI reconstruction.",,,FALSE,"{""Dat Mai_fulltext_round2"": ""exclude""}","[""we have adopted a cycle consistent generative adversarial network (CycleGAN)-based approach for 3T MRI to 7T MRI translation"", ""structural similarity index measure (SSIM) of 83.80%, peak SNR (PSNR) of 26.25, normalized mean squared error (NMSE) of 0.0088 and normalized mean absolute error (NMAE) of 0.0630""]",C:/Users/V133280/RMIT University/Thai Pham - StrokeVault/Brain MRI Reconstruction Safety Review - Broad\Full Text Screening\PDF-Missing\2024 - Improving MRI Resolution A Cycle Consistent Generative Adversarial Network-Based Approach for 3T to 7T Translation - IEEEXPLORE 10614315.pdf,
2026-08-07T06:43:48.781773+00:00,38016230,10.1016/j.neunet.2023.11.024,2024,Mental image reconstruction from human brain activity: Neural decoding of mental imagery via deep neural network-based Bayesian estimation.,Neural networks : the official journal of the International Neural Network Society,exclude,0.92,fulltext_screening_round2,,"out_of_scope: ""Reconstruction"" here refers to decoding/visualizing mental imagery from fMRI brain-activity patterns via a Bayesian/CLIP framework, not to reconstructing MR images from acquired scanner data; it does not address safety or fidelity evaluation of AI/ML-based MRI image reconstruction.",,,FALSE,"{""Dat Mai_fulltext_round2"": ""exclude""}","[""Visual images observed by humans can be reconstructed from their brain activity."", ""we extended the previous method to a Bayesian estimation framework and introduced the assistance of semantic information into it.""]",C:/Users/V133280/RMIT University/Thai Pham - StrokeVault/Brain MRI Reconstruction Safety Review - Broad\Full Text Screening\PDF-Missing\2024 - Mental image reconstruction from human brain activity Neural decoding of mental imagery via deep neural network-based Ba - PMID 38016230.pdf,
2026-08-07T06:43:48.781773+00:00,39236561,10.1016/j.cmpb.2024.108399,2024,Myo-regressor Deep Informed Neural NetwOrk (Myo-DINO) for fast MR parameters mapping in neuromuscular disorders.,Computer methods and programs in biomedicine,exclude,0.85,fulltext_screening_round2,,"wrong_population: Physics-informed deep-learning framework for fat-fraction/water-T2/B1 mapping in muscle MRI of neuromuscular-disorder patients; imaging target is skeletal muscle, not brain, with no stated transfer to brain MRI reconstruction fidelity/safety evaluation.",,,FALSE,"{""Dat Mai_fulltext_round2"": ""exclude""}","[""We developed a Physics Informed Neural Network called Myo-Regressor Deep Informed Neural NetwOrk (Myo-DINO) for efficient and explainable Fat Fraction (FF), water-T2 (wT2) and B1 mapping from a cohort of NMDs."", ""Neuromuscular disorders (NMDs) are hereditary degenerative disorders of skeletal muscles""]",C:/Users/V133280/RMIT University/Thai Pham - StrokeVault/Brain MRI Reconstruction Safety Review - Broad\Full Text Screening\PDF-Missing\2024 - Myo-regressor Deep Informed Neural NetwOrk (Myo-DINO) for fast MR parameters mapping in neuromuscular disorders. - PMID 39236561.pdf,
2026-08-07T06:43:48.781773+00:00,40876083,10.1016/j.cmpb.2025.109034,2025,AIBSD: Deep learning approach to address spatial systematic errors in diffusion tensor imaging.,Computer methods and programs in biomedicine,exclude,0.72,fulltext_screening_round2+Thu_adjudication,,"wrong_intervention_or_index: Resolves the intervention_unclear flag toward exclude: AIBSD is a CNN that predicts spatially corrected b-matrices to remove acquisition-physics systematic errors in DTI metric estimation - a calibration/correction method, not an AI/ML anatomical image reconstruction and not a methodology for evaluating reconstruction safety or fidelity. Its validation is routine agreement analysis (Lin's CCC) against the BSD-DTI reference standard, with no evaluation of hallucination, omitted-pathology, or anatomical-distortion failure modes.",,,FALSE,"{""Dat Mai_fulltext_round2"": ""flagged"", ""Thu_adjudicator"": ""exclude""}","[""develop and validate a deep learning-based method, AIBSD, to generate spatially corrected b-matrices for DTI, eliminating systematic errors"", ""Agreement between methods was quantified using Lin's concordance correlation coefficient"", ""AIBSD effectively eliminates spatial systematic errors in DTI by generating corrected b-matrices directly from in vivo data""]",C:/Users/V133280/RMIT University/Thai Pham - StrokeVault/Brain MRI Reconstruction Safety Review - Broad\Full Text Screening\PDF-Missing\2025 - AIBSD Deep learning approach to address spatial systematic errors in diffusion tensor imaging. - PMID 40876083.pdf,
2026-08-07T06:43:48.781773+00:00,40057290,10.1016/j.neuroimage.2025.121123,2025,Augmenting brain-computer interfaces with ART: An artifact removal transformer for reconstructing multichannel EEG signals.,NeuroImage,exclude,0.93,fulltext_screening_round2,,"out_of_scope: This paper is about a transformer-based artifact-removal/denoising model for multichannel EEG signals in brain-computer interfaces, an entirely different modality from MRI, with no MRI reconstruction fidelity/safety content.",,,FALSE,"{""Dat Mai_fulltext_round2"": ""exclude""}","[""This study presents the Artifact Removal Transformer (ART), an innovative EEG denoising model employing transformer architecture"", ""Electroencephalography (EEG) is a non-invasive neurophysiological method that records electrical activity in the brain through sensors on the scalp.""]",C:/Users/V133280/RMIT University/Thai Pham - StrokeVault/Brain MRI Reconstruction Safety Review - Broad\Full Text Screening\PDF-Missing\2025 - Augmenting brain-computer interfaces with ART An artifact removal transformer for reconstructing multichannel EEG signal - PMID 40057290.pdf,
2026-08-07T06:43:48.781773+00:00,40023963,10.1016/j.cmpb.2025.108684,2025,AutoDPS: An unsupervised diffusion model based method for multiple degradation removal in MRI.,Computer methods and programs in biomedicine,exclude,0.65,fulltext_screening_round2,,"wrong_intervention_or_index: Proposes an unsupervised diffusion-posterior-sampling method to remove motion and undersampling corruption from brain MRI, validated by PSNR improvement over baselines; the contribution is a corruption-removal reconstruction algorithm rather than a method for evaluating reconstruction safety/fidelity.",,,FALSE,"{""Dat Mai_fulltext_round2"": ""exclude""}","[""we propose AutoDPS, an unsupervised method for corruption removal in brain MRI based on Diffusion Posterior Sampling."", ""our method AutoDPS has shown ~1.63 dB of improvement in PSNR over baselines for realistic 3D motion restoration""]",C:/Users/V133280/RMIT University/Thai Pham - StrokeVault/Brain MRI Reconstruction Safety Review - Broad\Full Text Screening\PDF-Missing\2025 - AutoDPS An unsupervised diffusion model based method for multiple degradation removal in MRI. - PMID 40023963.pdf,
2026-08-07T06:43:48.781773+00:00,,10.1109/access.2025.3582273,2025,Autoencoder-Driven Fiducial Landmark Identification in 3D Brain MRI for Neuroimaging Alignment,IEEE ACCESS,exclude,0.9,fulltext_screening_round2,,out_of_scope: Uses per-slice autoencoder reconstruction error only as a signal for localizing anatomical fiducial landmarks (LPA/RPA/nasion) for MEG-MRI co-registration; it does not evaluate the safety or fidelity of an MRI reconstruction method.,,,FALSE,"{""Dat Mai_fulltext_round2"": ""exclude""}","[""A tailored autoencoder architecture is then trained to reconstruct MRI slices while learning the spatial characteristics of MRI slices at fiducial points"", ""Fiducial localization is determined based on the slice with the lowest reconstruction error, ensuring precise identification.""]",C:/Users/V133280/RMIT University/Thai Pham - StrokeVault/Brain MRI Reconstruction Safety Review - Broad\Full Text Screening\PDF-Missing\2025 - Autoencoder-Driven Fiducial Landmark Identification in 3D Brain MRI for Neuroimaging Alignment - WEBOFSCIENCE WOS_001518758800013.pdf,
2026-08-07T06:43:48.781773+00:00,39929407,10.1016/j.neuroimage.2025.121080,2025,DeepReducer: A linear transformer-based model for MEG denoising.,NeuroImage,exclude,0.93,fulltext_screening_round2,,"out_of_scope: Linear-transformer denoising model for MEG event-related fields, aimed at reducing required trial counts; wrong modality (MEG, not MRI) with no MRI reconstruction fidelity content.",,,FALSE,"{""Dat Mai_fulltext_round2"": ""exclude""}","[""we introduce DeepReducer, a linear transformer-based deep learning model designed to reliably and efficiently denoise ERFs"", ""Magnetoencephalography (MEG) is a powerful, non-invasive neuroimaging technique that captures the magnetic fields generated by neuronal activity""]",C:/Users/V133280/RMIT University/Thai Pham - StrokeVault/Brain MRI Reconstruction Safety Review - Broad\Full Text Screening\PDF-Missing\2025 - DeepReducer A linear transformer-based model for MEG denoising. - PMID 39929407.pdf,
2026-08-07T06:43:48.781773+00:00,40436128,10.1016/j.neuroimage.2025.121297,2025,Diffusion based multi-domain neuroimaging harmonization method with preservation of anatomical details.,NeuroImage,include,0.7,fulltext_screening_round2,"on_topic_recon_safety_eval: Proposes a diffusion-based multi-domain harmonization method for brain T1-weighted MRI explicitly designed to avoid the anatomical distortion/artifact problems of prior GAN-based generative harmonization, evaluating anatomy preservation via FID score and downstream perivascular-space segmentation consistency.",,,,FALSE,"{""Dat Mai_fulltext_round2"": ""include""}","[""GAN-harmonized images suffer from artifacts or anatomical distortions."", ""the learned domain invariant anatomical condition reinforces the model to accurately preserve the anatomical details while differentiating batch differences"", ""yielding harmonization results with consistent anatomy preservation and superior FID score compared to the GAN-based methods""]",C:/Users/V133280/RMIT University/Thai Pham - StrokeVault/Brain MRI Reconstruction Safety Review - Broad\Full Text Screening\PDF-Missing\2025 - Diffusion based multi-domain neuroimaging harmonization method with preservation of anatomical details. - PMID 40436128.pdf,
2026-08-07T06:43:48.781773+00:00,40915097,10.1016/j.cmpb.2025.109045,2025,Enhancing reconstruction-based out-of-distribution detection in brain MRI with model and metric ensembles.,Computer methods and programs in biomedicine,include,0.75,fulltext_screening_round2,"on_topic_recon_safety_eval: Core contribution is a methodological study of which reconstruction fidelity metrics (LPIPS, SSIM components) and model/metric ensembles best detect synthetic local and global artifacts via a reconstruction-based autoencoder in brain MRI, i.e. an automated evaluation baseline for reconstruction/image fidelity and artifact detection.",,,,FALSE,"{""Dat Mai_fulltext_round2"": ""include""}","[""we investigated the effectiveness of a reconstruction-based autoencoder for unsupervised detection of synthetic local and global artifacts in brain MRI."", ""the learned perceptual image patch similarity (LPIPS) and the contrast component of structural similarity index measure (SSIM) consistently outperformed others in detecting homogeneous circular anomalies""]",C:/Users/V133280/RMIT University/Thai Pham - StrokeVault/Brain MRI Reconstruction Safety Review - Broad\Full Text Screening\PDF-Missing\2025 - Enhancing reconstruction-based out-of-distribution detection in brain MRI with model and metric ensembles. - PMID 40915097.pdf,
2026-08-07T06:43:48.781773+00:00,40633400,10.1016/j.cmpb.2025.108922,2025,From segmentation to explanation: Generating textual reports from MRI with LLMs.,Computer methods and programs in biomedicine,exclude,0.75,fulltext_screening_round2,,"wrong_intervention_or_index: Proposes an LLM-based pipeline (with anti-hallucination JSON constraints) that turns brain-tumor/MS segmentation outputs into human-readable text reports; it targets explainability of segmentation via generated text, not the safety or fidelity evaluation of AI/ML-based MRI image reconstruction.",,,FALSE,"{""Dat Mai_fulltext_round2"": ""exclude""}","[""integrating state-of-the-art semantic segmentation models with atlas-based mapping and Large Language Models (LLMs) to produce comprehensive, human-readable medical reports"", ""Our anti-hallucination design, which combines structured JSON with prompt constraints, is a critical innovation compared to most naive LLM report generation methods""]",C:/Users/V133280/RMIT University/Thai Pham - StrokeVault/Brain MRI Reconstruction Safety Review - Broad\Full Text Screening\PDF-Missing\2025 - From segmentation to explanation Generating textual reports from MRI with LLMs. - PMID 40633400.pdf,
2026-08-07T06:43:48.781773+00:00,39847946,10.1016/j.compbiomed.2025.109660,2025,Guided reconstruction with conditioned diffusion models for unsupervised anomaly detection in brain MRIs.,Computers in biology and medicine,include,0.85,fulltext_screening_round2,"on_topic_recon_safety_eval: Directly addresses reconstruction-fidelity failure modes of generative brain MRI reconstruction, i.e., undesired replication (omission-type false negative) versus faithful reconstruction of healthy anatomy versus false positives from imperfect reconstruction, proposing a conditioned-DDPM method and evaluating segmentation/Dice performance across multiple pathology datasets as a reconstruction-fidelity evaluation baseline.",,,,FALSE,"{""Dat Mai_fulltext_round2"": ""include""}","[""a significant challenge is to balance the accurate reconstruction of healthy anatomy and the undesired replication of abnormal structures"", ""GMs that generate highly accurate reconstructions tend to perform a 'copy task', resulting in unhealthy structures still reflected in the pseudo-healthy reconstructions"", ""the Dice score improved by 11.9%, 20.0%, and 44.6%, for the BraTS, ATLAS and MSLUB data sets""]",C:/Users/V133280/RMIT University/Thai Pham - StrokeVault/Brain MRI Reconstruction Safety Review - Broad\Full Text Screening\PDF-Missing\2025 - Guided reconstruction with conditioned diffusion models for unsupervised anomaly detection in brain MRIs. - PMID 39847946.pdf,
2026-08-07T06:43:48.781773+00:00,40653282,10.1016/j.neuroimage.2025.121369,2025,Modelling the effect of cardiac and respiratory fluctuations on the central autonomic network in a novel test-retest dataset.,NeuroImage,exclude,0.93,fulltext_screening_round2,,"wrong_intervention_or_index: The study evaluates physiological response function (PRF)-based denoising of fMRI nuisance signals and its effect on test-retest reliability of connectivity, not AI/ML-based MRI image reconstruction or its fidelity/safety.",,,FALSE,"{""Dat Mai_fulltext_round2"": ""exclude""}","[""The estimation of physiological response functions (PRFs) provides a tool to interrogate and minimize the effects of these noise processes on fMRI connectivity."", ""we evaluate the effect of denoising on the test-retest reliability of connectivity""]",C:/Users/V133280/RMIT University/Thai Pham - StrokeVault/Brain MRI Reconstruction Safety Review - Broad\Full Text Screening\PDF-Missing\2025 - Modelling the effect of cardiac and respiratory fluctuations on the central autonomic network in a novel test-retest dat - PMID 40653282.pdf,
2026-08-07T06:43:48.781773+00:00,40829547,10.1016/j.media.2025.103762,2025,Pixel-responsive optimization beamforming method for ultrasound transcranial imaging.,Medical image analysis,exclude,0.95,fulltext_screening_round2,,"out_of_scope: This is a classical (non-AI/ML) beamforming method for transcranial ultrasound imaging, not MRI, so it falls outside the review's brain MRI reconstruction scope.",,,FALSE,"{""Dat Mai_fulltext_round2"": ""exclude""}","[""we propose a Pixel-Responsive Optimization (PRO) Beamforming Method"", ""Transcranial ultrasound imaging is a non-invasive technique that employs ultrasonic waves to visualize the brain through the skull""]",C:/Users/V133280/RMIT University/Thai Pham - StrokeVault/Brain MRI Reconstruction Safety Review - Broad\Full Text Screening\PDF-Missing\2025 - Pixel-responsive optimization beamforming method for ultrasound transcranial imaging. - PMID 40829547.pdf,
2026-08-07T06:43:48.781773+00:00,40499302,10.1016/j.neunet.2025.107515,2025,Spurious reconstruction from brain activity.,Neural networks : the official journal of the International Neural Network Society,exclude,0.72,fulltext_screening_round2,,"wrong_intervention_or_index: The paper studies brain-decoding-based reconstruction of perceived visual stimuli from fMRI activity using text-to-image diffusion models, not the safety/fidelity of AI/ML MRI image reconstruction itself (the reconstructed output is a natural image, not the MRI scan).",,,FALSE,"{""Dat Mai_fulltext_round2"": ""exclude""}","[""Our case study of recent text-guided reconstruction methods, which leverage a large-scale dataset (Natural Scenes Dataset, NSD) and text-to-image diffusion models, reveals critical limitations in their generalizability"", ""the apparent realism in current text-guided reconstructions stems from a combination of classification into trained categories and inauthentic image generation (hallucination) through diffusion models""]",C:/Users/V133280/RMIT University/Thai Pham - StrokeVault/Brain MRI Reconstruction Safety Review - Broad\Full Text Screening\PDF-Missing\2025 - Spurious reconstruction from brain activity. - PMID 40499302.pdf,
2026-08-07T06:43:48.781773+00:00,41534273,10.1016/j.ejrad.2026.112659,2026,A comprehensive quantitative and qualitative assessment of TGSE-BLADE DWI in postoperative imaging following intracranial tumor resection.,European journal of radiology,exclude,0.95,fulltext_screening_round2,,"wrong_intervention_or_index: This compares two classical (non-AI/ML) DWI pulse sequences (RESOLVE vs TGSE-BLADE) for reducing geometric distortion/artifacts, with no deep-learning or AI/ML reconstruction component.",,,FALSE,"{""Dat Mai_fulltext_round2"": ""exclude""}","[""This study compares RESOLVE DWI with TGSE-BLADE DWI within early postoperative scans to improve diagnostic confidence in identifying ischemic changes."", ""TGSE-BLADE DWI significantly minimizes artifacts and geometric distortions in intracranial postoperative imaging""]",C:/Users/V133280/RMIT University/Thai Pham - StrokeVault/Brain MRI Reconstruction Safety Review - Broad\Full Text Screening\PDF-Missing\2026 - A comprehensive quantitative and qualitative assessment of TGSE-BLADE DWI in postoperative imaging following intracrania - PMID 41534273.pdf,
2026-08-07T06:43:48.781773+00:00,42002089,10.1016/j.mri.2026.110694,2026,Advancing high-resolution 7 T diffusion MRI: Evaluating phase-encoding correction strategies for distortion correction from basic to four-way acquisitions.,Magnetic resonance imaging,exclude,0.95,fulltext_screening_round2,,"wrong_intervention_or_index: This is a classical acquisition/distortion-correction study using reversed phase-encoding schemes and standard algorithms (topup, DR-BUDDI, HySCO), with no AI/ML reconstruction component.",,,FALSE,"{""Dat Mai_fulltext_round2"": ""exclude""}","[""we implemented nine corrected acquisition strategies"", ""algorithms (such as FSLs topup [4,5], DR BUDDI within Tortoise [6,7], or HySCO within the ACID toolbox [8]) to estimate the true displacement field""]",C:/Users/V133280/RMIT University/Thai Pham - StrokeVault/Brain MRI Reconstruction Safety Review - Broad\Full Text Screening\PDF-Missing\2026 - Advancing high-resolution 7 T diffusion MRI Evaluating phase-encoding correction strategies for distortion correction fr - PMID 42002089.pdf,
2026-08-07T06:43:48.781773+00:00,42091035,10.1016/j.media.2026.104114,2026,BundleWarp: Enhancing white matter tractometry and morphometry with precise neuronal mapping using streamline-based nonlinear registration.,Medical image analysis,exclude,0.9,fulltext_screening_round2,,"wrong_intervention_or_index: BundleWarp is a streamline-based nonlinear registration/deformation method for tractometry group analysis, not an AI/ML MRI image reconstruction method, and does not evaluate reconstruction safety/fidelity.",,,FALSE,"{""Dat Mai_fulltext_round2"": ""exclude""}","[""We introduce BundleWarp, a streamline-based nonlinear deformable registration method designed specifically for white matter tracts."", ""It is formulated as a probability density estimation problem with motion coherence penalties""]",C:/Users/V133280/RMIT University/Thai Pham - StrokeVault/Brain MRI Reconstruction Safety Review - Broad\Full Text Screening\PDF-Missing\2026 - BundleWarp Enhancing white matter tractometry and morphometry with precise neuronal mapping using streamline-based nonli - PMID 42091035.pdf,
2026-08-07T06:43:48.781773+00:00,42235657,10.1016/j.neuroimage.2026.122031,2026,Dual-polarity reconstruction for 3D multi-shot EPI improves image quality in high-resolution fMRI.,NeuroImage,exclude,0.75,fulltext_screening_round2,,wrong_intervention_or_index: This proposes a classical GRAPPA-based dual-polarity parallel-imaging reconstruction (msh-DPG) to correct Nyquist ghost/ripple artifacts in EPI; it is not a deep-learning/AI-ML reconstruction method and its evaluation is standard artifact/tSNR benchmarking rather than a fidelity/safety-evaluation methodology contribution.,,,FALSE,"{""Dat Mai_fulltext_round2"": ""exclude""}","[""the remaining missing samples are subsequently reconstructed with conventional GRAPPA"", ""Dual-polarity GRAPPA (DPG) is a robust strategy for correcting polarity-related artifacts""]",C:/Users/V133280/RMIT University/Thai Pham - StrokeVault/Brain MRI Reconstruction Safety Review - Broad\Full Text Screening\PDF-Missing\2026 - Dual-polarity reconstruction for 3D multi-shot EPI improves image quality in high-resolution fMRI. - PMID 42235657.pdf,
2026-08-07T06:43:48.781773+00:00,42167706,10.1016/j.neuroimage.2026.122013,2026,Effects of different preprocessing factors on radiomics-based morphological brain networks.,NeuroImage,exclude,0.93,fulltext_screening_round2,,out_of_scope: This examines how image type and radiomic preprocessing filters affect derived morphological brain network reliability; it does not address AI/ML MRI reconstruction or its safety/fidelity evaluation.,,,FALSE,"{""Dat Mai_fulltext_round2"": ""exclude""}","[""how different preprocessing factors during the extraction of radiomic features affect the IMBNs remains largely unexplored"", ""we compared the topological organization, test-retest (TRT) reliability, and disease susceptibility across IMBNs""]",C:/Users/V133280/RMIT University/Thai Pham - StrokeVault/Brain MRI Reconstruction Safety Review - Broad\Full Text Screening\PDF-Missing\2026 - Effects of different preprocessing factors on radiomics-based morphological brain networks. - PMID 42167706.pdf,
2026-08-07T06:43:48.781773+00:00,41512942,10.1016/j.neuroimage.2026.121684,2026,Improved Simultaneous Multislice EPI Reconstruction for Diffusion MRI using regularized iterative phase error-corrected SENSE.,NeuroImage,exclude,0.85,fulltext_screening_round2,,wrong_intervention_or_index: This proposes a classical iterative parallel-imaging reconstruction (iPEC-SENSE with wavelet regularization) for Nyquist ghost correction in SMS-EPI diffusion MRI; it is not deep-learning/AI-based and does not contribute a fidelity/safety-evaluation methodology.,,,FALSE,"{""Dat Mai_fulltext_round2"": ""exclude""}","[""We propose an iterative reconstruction solution that integrates phase error-corrected SENSE (iPEC-SENSE) with wavelet regularization."", ""This method addresses the noise amplification and artifact issues found in existing PEC-SENSE reconstructions.""]",C:/Users/V133280/RMIT University/Thai Pham - StrokeVault/Brain MRI Reconstruction Safety Review - Broad\Full Text Screening\PDF-Missing\2026 - Improved Simultaneous Multislice EPI Reconstruction for Diffusion MRI using regularized iterative phase error-corrected - PMID 41512942.pdf,
2026-08-07T06:43:48.781773+00:00,41794343,10.1016/j.mri.2026.110656,2026,Improved image quality and reduced acquisition time in brain MRI using deep learning-based reconstruction: A quantitative and subjective assessment compared to standard MPRAGE in 0.55 T MRI.,Magnetic resonance imaging,include,0.85,fulltext_screening_round2,"on_topic_recon_safety_eval: This directly evaluates a deep-learning-based (variational-network) brain MRI reconstruction against standard MPRAGE using quantitative image-quality metrics (SNR/CNR) and blinded radiologist Likert-scale ratings of anatomical detail and artifact burden, providing a human-evaluation fidelity baseline for AI/ML reconstruction.",,,,FALSE,"{""Dat Mai_fulltext_round2"": ""include""}","[""To assess the impact of deep learning (DL)-based image reconstruction on quantitative and subjective image quality in brain MRI at 0.55 T"", ""Three blinded radiologists independently evaluated image quality using a 5-point Likert scale based on anatomical detail, gray-white matter differentiation, vascular visibility, artifact burden, and overall diagnostic quality.""]",C:/Users/V133280/RMIT University/Thai Pham - StrokeVault/Brain MRI Reconstruction Safety Review - Broad\Full Text Screening\PDF-Missing\2026 - Improved image quality and reduced acquisition time in brain MRI using deep learning-based reconstruction A quantitative - PMID 41794343.pdf,
2026-08-07T06:43:48.781773+00:00,41056815,10.1016/j.media.2025.103788,2026,Individualized mapping of aberrant cortical thickness via stochastic cortical self-reconstruction.,Medical image analysis,exclude,0.68,fulltext_screening_round2,,wrong_intervention_or_index: SCSR uses deep learning to reconstruct derived cortical-thickness maps (not the MRI image itself) for normative anomaly scoring; it is a reference/normative modeling contribution rather than an evaluation of AI/ML MRI image reconstruction fidelity/safety.,,,TRUE,"{""Dat Mai_fulltext_round2"": ""exclude""}","[""we developed the Stochastic Cortical Self-Reconstruction (SCSR), a novel method that leverages deep learning to reconstruct cortical thickness maps at the vertex level"", ""Once trained, SCSR repeatedly reconstructs the cortex of a test scan with varied stochastic sampling patterns""]",C:/Users/V133280/RMIT University/Thai Pham - StrokeVault/Brain MRI Reconstruction Safety Review - Broad\Full Text Screening\PDF-Missing\2026 - Individualized mapping of aberrant cortical thickness via stochastic cortical self-reconstruction. - PMID 41056815.pdf,
2026-08-07T06:43:48.781773+00:00,40945172,10.1016/j.media.2025.103763,2026,IterMask3D: Unsupervised anomaly detection and segmentation with test-time iterative mask refinement in 3D brain MRI.,Medical image analysis,include,0.6,fulltext_screening_round2,"on_topic_recon_safety_eval: This proposes a deep-learning corrupt-and-reconstruct method for 3D brain MRI and explicitly analyzes the reconstruction-fidelity trade-off between missed true anomalies (omitted pathology) and false-positive reconstruction errors in normal tissue, including detection of real-world imaging artifacts.",,,,TRUE,"{""Dat Mai_fulltext_round2"": ""include""}","[""corrupting an input image inevitably causes information loss even in normal regions, leading to suboptimal reconstruction and an increased risk of false positives"", ""we test our model on synthetic and real-world artifacts, as well as on tumor and stroke as pathologies across multiple MRI sequences""]",C:/Users/V133280/RMIT University/Thai Pham - StrokeVault/Brain MRI Reconstruction Safety Review - Broad\Full Text Screening\PDF-Missing\2026 - IterMask3D Unsupervised anomaly detection and segmentation with test-time iterative mask refinement in 3D brain MRI. - PMID 40945172.pdf,
2026-08-07T06:43:48.781773+00:00,42250836,10.1016/j.neuroimage.2026.122038,2026,Stabilizing and cleaning functional connectivity measures via native eigenspace denoising of resting state fMRI data.,NeuroImage,exclude,0.9,fulltext_screening_round2,,"wrong_intervention_or_index: This proposes an SVD-based eigenspace denoising method for resting-state fMRI functional-connectivity time series; it is a classical signal-processing denoising technique for motion/physiological noise, not an AI/ML MRI image reconstruction fidelity/safety method.",,,FALSE,"{""Dat Mai_fulltext_round2"": ""exclude""}","[""We propose an automated denoising method that performs data-driven noise estimation and suppression for rs-fMRI."", ""a singular value decomposition (SVD) is applied to transform the data into eigenspace""]",C:/Users/V133280/RMIT University/Thai Pham - StrokeVault/Brain MRI Reconstruction Safety Review - Broad\Full Text Screening\PDF-Missing\2026 - Stabilizing and cleaning functional connectivity measures via native eigenspace denoising of resting state fMRI data. - PMID 42250836.pdf,
2026-08-07T06:43:48.781773+00:00,,10.1016/j.wneu.2025.124740,2026,Synthetic Imaging Methods: Ready for the Neurosurgical Operating Room?,World Neurosurgery,background_only,0.8,fulltext_screening_round2,,,,"review_for_background: This is a News/commentary piece (no original methodology) on AI-generated synthetic imaging (e.g., X-ray-to-CT, ultrasound tomography) that explicitly raises hallucination risk and the lack of a validation framework for synthetic image fidelity, useful as background but not brain-MRI-specific or a technical contribution.",FALSE,"{""Dat Mai_fulltext_round2"": ""background_only""}","[""whether they are partially hallucinated, hallucinations being a key problem in any generative learning method"", ""no accepted framework exists for rating clinical-grade synthetic images""]",C:/Users/V133280/RMIT University/Thai Pham - StrokeVault/Brain MRI Reconstruction Safety Review - Broad\Full Text Screening\PDF-Missing\2026 - Synthetic Imaging Methods Ready for the Neurosurgical Operating Room - SCOPUS 2-s2.0-105027696829.pdf,
2026-08-07T07:40:17.505568+00:00,30884007,,2019,Data-driven synthetic MRI FLAIR artifact correction via deep neural network.,,include,0.85,fulltext_screening_round2,"on_topic_recon_safety_eval: Proposes a deep-learning method to correct artifacts in synthetic (reconstructed) brain FLAIR images and evaluates reconstruction fidelity via quantitative metrics (NRMSE, SSIM) plus blinded neuroradiologist scoring of image quality and artifacts.",,,,FALSE,"{""Dat Mai_fulltext_round2"": ""include""}","[""a deep learning (DL)-based synthetic FLAIR method was developed, which does not require analytical modeling of the signal"", ""NRMSE improved from 4.2% to 2.9% (P < 0.0001) and SSIM improved from 0.85 to 0.93 (P < 0.0001)"", ""three neuroradiologists scored the three FLAIR datasets blindly, evaluat- ing image quality and artifacts""]",C:/Users/V133280/RMIT University/Thai Pham - StrokeVault/Brain MRI Reconstruction Safety Review - Broad\Full Text Screening\PDF-Missing\2019 - Data-driven synthetic MRI FLAIR artifact correction via deep neural network. - PMID 30884007.pdf,
2026-08-07T07:40:17.505568+00:00,,,2024,Automatic Reconstruction of Deep Brain Stimulation Lead Trajectories From CT Images Using Tracking and Morphological Ana,,exclude,0.92,fulltext_screening_round2,,"wrong_intervention_or_index: Presents a classical, non-AI/ML thresholding and mean-curvature/morphological algorithm to reconstruct physical DBS lead trajectories from CT images for MRI-safety and surgical planning, with no AI/ML-based MRI image reconstruction and no fidelity/hallucination evaluation contribution.",,,FALSE,"{""Dat Mai_fulltext_round2"": ""exclude""}","[""This paper presents a novel fully automated framework for reconstructing DBS lead trajectories from postoperative CT images."", ""Mean curvature analysis of multi-layer CT number isosurfaces was intro- duced to effectively address lead fusion"", ""successfully and automatically reconstructing complex bilateral trajectories for 13 patient cases in less than 10 minutes with errors less than 1 mm""]",C:/Users/V133280/RMIT University/Thai Pham - StrokeVault/Brain MRI Reconstruction Safety Review - Broad\Full Text Screening\PDF-Missing\2024 - Automatic Reconstruction of Deep Brain Stimulation Lead Trajectories From CT Images Using Tracking and Morphological Ana - IEEEXPLORE 10746541.pdf,
2026-08-07T07:48:07.498089+00:00,21751176,10.5603/nmr.2011.00013,2011,PET/MR: the molecular imaging dream team.,Nuclear medicine review. Central & Eastern Europe,exclude,0.9,fulltext_screening_round2,,"out_of_scope: Vendor commentary on a hybrid PET/MR scanner's system design, attenuation-correction hardware, and NEMA performance; contains no AI/ML-based MRI reconstruction method and no fidelity/safety evaluation contribution.",,,FALSE,"{""Dat Mai_fulltext_round2"": ""exclude""}","[""PET images obtained from the PET/MR system, reconstructed with default reconstruction method, portrayed good image fidelity qualitatively comparable to PET/CT."", ""This article was provided by Philips Healthcare.""]",C:/Users/V133280/RMIT University/Thai Pham - StrokeVault/Brain MRI Reconstruction Safety Review - Broad\Full Text Screening\PDF-Missing\2011 - PET MR the molecular imaging dream team. - PMID 21751176.pdf,
2026-08-07T07:48:07.498089+00:00,22311115,10.1007/s00062-012-0131-8,2012,Quantitative magnetic resonance angiography.,Clinical neuroradiology,exclude,0.85,fulltext_screening_round2,,"out_of_scope: Extracted full text is a classical, non-AI/ML review of MR angiography physics and pulse-sequence development (time-of-flight and phase-contrast methods), with no AI/ML reconstruction or fidelity-evaluation contribution.",,,FALSE,"{""Dat Mai_fulltext_round2"": ""exclude""}","[""This review article is intended to outline the scientific and technical development of MRA from its basis in the earliest in vitro nuclear magnetic resonance (NMR) experiments"", ""Review article""]",C:/Users/V133280/RMIT University/Thai Pham - StrokeVault/Brain MRI Reconstruction Safety Review - Broad\Full Text Screening\PDF-Missing\2012 - Quantitative magnetic resonance angiography. - PMID 22311115.pdf,
2026-08-07T07:48:07.498089+00:00,26405887,10.3233/bme-151425,2015,Automatic brain MR image denoising based on texture feature-based artificial neural networks.,Bio-medical materials and engineering,exclude,0.7,fulltext_screening_round2,,"wrong_outcome: Proposes an ANN to automate bilateral-filter parameter selection for brain MRI denoising, validated only with standard PSNR versus manual tuning; the paper's contribution is the denoising method itself, not a fidelity/safety evaluation methodology or a characterization of hallucination/omission/distortion failure modes.",,,FALSE,"{""Dat Mai_fulltext_round2"": ""exclude""}","[""an artificial neural network associated with image texture feature analysis is proposed to establish a predictable parameter model and automate the denoising procedure"", ""The higher the PSNR values the better the restoration results.""]",C:/Users/V133280/RMIT University/Thai Pham - StrokeVault/Brain MRI Reconstruction Safety Review - Broad\Full Text Screening\PDF-Missing\2015 - Automatic brain MR image denoising based on texture feature-based artificial neural networks. - PMID 26405887.pdf,
2026-08-07T07:48:07.498089+00:00,26405902,10.3233/bme-151438,2015,Sparse coded image super-resolution using K-SVD trained dictionary based on regularized orthogonal matching pursuit.,Bio-medical materials and engineering,exclude,0.7,fulltext_screening_round2,,"wrong_outcome: Presents a K-SVD dictionary-learning super-resolution reconstruction algorithm for brain MRI; its contribution is the reconstruction technique itself with comparative quality results against other SR schemes, not a methodology for assessing reconstruction safety/fidelity or failure modes.",,,FALSE,"{""Dat Mai_fulltext_round2"": ""exclude""}","[""we propose an efficient sparse coded image SR reconstruction technique using a trained dictionary"", ""Experimental results demonstrate that the super-resolution reconstruction quality of the proposed scheme is comparatively better than other state-of-the-art schemes.""]",C:/Users/V133280/RMIT University/Thai Pham - StrokeVault/Brain MRI Reconstruction Safety Review - Broad\Full Text Screening\PDF-Missing\2015 - Sparse coded image super-resolution using K-SVD trained dictionary based on regularized orthogonal matching pursuit. - PMID 26405902.pdf,
2026-08-07T07:48:07.498089+00:00,27604560,10.1117/1.jbo.21.9.094002,2016,Neural networks improve brain cancer detection with Raman spectroscopy in the presence of operating room light artifacts.,Journal of biomedical optics,exclude,0.93,fulltext_screening_round2,,"wrong_intervention_or_index: Uses an artificial neural network to classify intraoperative Raman spectroscopy signals as cancer versus normal brain tissue despite light artifacts; this is optical spectroscopy tissue classification, not AI/ML-based MRI image reconstruction or an evaluation of its fidelity/safety.",,,FALSE,"{""Dat Mai_fulltext_round2"": ""exclude""}","[""we have used supervised machine learning with artificial neural networks (ANNs) to accurately distinguish cancer from normal brain tissue in vivo from Raman spectroscopy data""]",C:/Users/V133280/RMIT University/Thai Pham - StrokeVault/Brain MRI Reconstruction Safety Review - Broad\Full Text Screening\PDF-Missing\2016 - Neural networks improve brain cancer detection with Raman spectroscopy in the presence of operating room light artifacts - PMID 27604560.pdf,
2026-08-07T07:48:07.498089+00:00,30125713,10.1016/j.neuroimage.2018.08.032,2018,MultiNet PyGRAPPA: Multiple neural networks for reconstructing variable density GRAPPA (a 1H FID MRSI study).,NeuroImage,exclude,0.65,fulltext_screening_round2,,"wrong_outcome: Introduces a neural-network-based GRAPPA reconstruction to accelerate brain MR spectroscopic imaging; the paper's contribution is the accelerated reconstruction method itself, with absence of lipid-aliasing artifact reported as a standard validation result rather than a dedicated fidelity/safety evaluation methodology.",,,TRUE,"{""Dat Mai_fulltext_round2"": ""exclude""}","[""An improved reconstruction method (MultiNet) is introduced that uses machine learning, specifically neural networks, to reconstruct accelerated data."", ""there is no significant residual lipid aliasing artifact in the images when the proposed MultiNet method is used""]",C:/Users/V133280/RMIT University/Thai Pham - StrokeVault/Brain MRI Reconstruction Safety Review - Broad\Full Text Screening\PDF-Missing\2018 - MultiNet PyGRAPPA Multiple neural networks for reconstructing variable density GRAPPA (a 1H FID MRSI study). - PMID 30125713.pdf,
2026-08-07T07:48:07.498089+00:00,29498093,10.1002/mrm.27143,2018,Phase-encoded xSPEN: A novel high-resolution volumetric alternative to RARE MRI.,Magnetic resonance in medicine,exclude,0.88,fulltext_screening_round2,,"out_of_scope: Describes a novel spatiotemporal-encoding (xSPEN) pulse sequence and its Fourier-based image reconstruction for brain imaging; this is a classical, non-AI/ML acquisition/reconstruction technique with no fidelity/safety evaluation contribution.",,,FALSE,"{""Dat Mai_fulltext_round2"": ""exclude""}","[""A reconstruction scheme converting this information into high resolution 3D images with fully multiplexed volumetric coverage is introduced and exemplified.""]",C:/Users/V133280/RMIT University/Thai Pham - StrokeVault/Brain MRI Reconstruction Safety Review - Broad\Full Text Screening\PDF-Missing\2018 - Phase-encoded xSPEN A novel high-resolution volumetric alternative to RARE MRI. - PMID 29498093.pdf,
2026-08-07T07:48:07.498089+00:00,28736917,10.1002/mrm.26836,2018,True constructive interference in the steady state (trueCISS).,Magnetic resonance in medicine,exclude,0.68,fulltext_screening_round2,,"out_of_scope: Proposes a compressed-sensing plus dictionary-based-fitting bSSFP reconstruction method to remove banding artifacts in whole-brain imaging; the paper centers on the reconstruction technique itself, not on a methodology for assessing reconstruction safety/fidelity.",,,TRUE,"{""Dat Mai_fulltext_round2"": ""exclude""}","[""a novel time-efficient method, termed true constructive interference in the steady state (trueCISS), that not only solves the problem of banding artifacts for balanced steady-state free precession (bSSFP) but also provides its genuine, that is, true, on-resonant signal""]",C:/Users/V133280/RMIT University/Thai Pham - StrokeVault/Brain MRI Reconstruction Safety Review - Broad\Full Text Screening\PDF-Missing\2018 - True constructive interference in the steady state (trueCISS). - PMID 28736917.pdf,
2026-08-07T07:48:07.498089+00:00,,10.1007/s00415-019-09509-4,2019,MRI quality control for the Italian Neuroimaging Network Initiative: moving towards big data in multiple sclerosis,Journal of Neurology,exclude,0.85,fulltext_screening_round2,,"wrong_intervention_or_index: Implements quantitative quality-control measures (head positioning, bias field, tissue contrast, artefacts) for multicenter raw brain MRI acquisitions in an MS repository; it does not involve or evaluate any AI/ML-based MRI reconstruction method.",,,FALSE,"{""Dat Mai_fulltext_round2"": ""exclude""}","[""This study aimed to implement quantitative measures for characterizing the standardization and quality of MRI collected within INNI."", ""The well-established N4 method from ANTs toolbox [1, 41] was applied to estimate and correct the bias field""]",C:/Users/V133280/RMIT University/Thai Pham - StrokeVault/Brain MRI Reconstruction Safety Review - Broad\Full Text Screening\PDF-Missing\2019 - MRI quality control for the Italian Neuroimaging Network Initiative moving towards big data in multiple sclerosis - SPRINGER 10.1007_s00415-019-09509-4.pdf,
2026-08-07T07:48:07.498089+00:00,30659308,10.1007/s00261-018-01886-0,2019,Magnetic resonance cholangiopancreatography using optimized integrated combination with parallel imaging and compressed sensing technique.,Abdominal radiology (New York),exclude,0.9,fulltext_screening_round2,,"wrong_population: Evaluates a classical parallel-imaging plus compressed-sensing reconstruction (Compressed SENSE) for hepatobiliary/pancreatic-duct MRCP, not brain MRI; the technique is not AI/ML-based and no transfer to brain MRI is discussed.",,,FALSE,"{""Dat Mai_fulltext_round2"": ""exclude""}","[""To assess the combined parallel imaging (PI) and optimized integrated compressed sensing technique (prototype Compressed SENSE) for magnetic resonance cholangiopancreatography (MRCP) compared with conventional MRCP.""]",C:/Users/V133280/RMIT University/Thai Pham - StrokeVault/Brain MRI Reconstruction Safety Review - Broad\Full Text Screening\PDF-Missing\2019 - Magnetic resonance cholangiopancreatography using optimized integrated combination with parallel imaging and compressed - PMID 30659308.pdf,
2026-08-07T07:48:07.498089+00:00,30257041,10.1002/mrm.27470,2019,Three-dimensional diffusion imaging with spiral encoded navigators from stimulated echoes (3D-DISPENSE).,Magnetic resonance in medicine,exclude,0.85,fulltext_screening_round2,,out_of_scope: Introduces a navigator-based motion-correction pulse sequence and classical iterative reconstruction for 3D brain diffusion imaging; this is a non-AI/ML acquisition/reconstruction technique with no dedicated fidelity/safety evaluation methodology.,,,FALSE,"{""Dat Mai_fulltext_round2"": ""exclude""}","[""Phase information from the navigators was included in an iterative image reconstruction algorithm to correct for intershot phase incoherence caused by motion."", ""Three-dimensional DISPENSE corrects motion-induced phase-incoherence artifacts in 3D multishot diffusion imaging and produces high-quality 3D DWI and DTI.""]",C:/Users/V133280/RMIT University/Thai Pham - StrokeVault/Brain MRI Reconstruction Safety Review - Broad\Full Text Screening\PDF-Missing\2019 - Three-dimensional diffusion imaging with spiral encoded navigators from stimulated echoes (3D-DISPENSE). - PMID 30257041.pdf,
2026-08-07T07:48:07.498089+00:00,32890675,10.1016/j.mri.2020.08.025,2020,Diagnostic quality assessment of IR-prepared 3D magnetic resonance neuroimaging accelerated using compressed sensing and k-space sampling order optimization.,Magnetic resonance imaging,include,0.68,fulltext_screening_round2,"on_topic_recon_safety_eval: Blinded multi-radiologist diagnostic-quality/artefact scoring study with Bland-Altman analysis directly evaluating the fidelity and clinical diagnostic safety of compressed-sensing-accelerated 3D brain neuroimaging, providing a human-evaluation baseline for reconstruction fidelity of the kind automated M-LLM judges would be compared against.",,,,TRUE,"{""Dat Mai_fulltext_round2"": ""include""}","[""To evaluate the clinical diagnostic efficacy of accelerated 3D magnetic resonance (MR) neuroimaging by radiological assessment for image quality and artefacts."", ""Independent radiological diagnostic quality assessments of accelerated 3D MR brain datasets were carried out by four experienced neuro-radiologists"", ""Marshall et al. [24] reported that CS accelerated T1 weighted images showed reduced contrast and degraded image quality""]",C:/Users/V133280/RMIT University/Thai Pham - StrokeVault/Brain MRI Reconstruction Safety Review - Broad\Full Text Screening\PDF-Missing\2020 - Diagnostic quality assessment of IR-prepared 3D magnetic resonance neuroimaging accelerated using compressed sensing and - PMID 32890675.pdf,
2026-08-07T07:48:07.498089+00:00,33523003,10.3233/jad-201092,2021,Machine Learning for the Prediction of Amyloid Positivity in Amnestic Mild Cognitive Impairment.,Journal of Alzheimer's disease : JAD,exclude,0.93,fulltext_screening_round2,,"wrong_intervention_or_index: Develops ML classifiers combining clinical, neuropsychological, and MRI-derived features to predict amyloid-PET positivity in aMCI; this is a diagnostic/prognostic prediction model, not an AI/ML MRI reconstruction method or an evaluation of reconstruction fidelity/safety.",,,FALSE,"{""Dat Mai_fulltext_round2"": ""exclude""}","[""We therefore aimed to develop and validate prediction models of Aβ positivity for aMCI using optimal interpretable machine learning (ML) approaches utilizing multimodal markers.""]",C:/Users/V133280/RMIT University/Thai Pham - StrokeVault/Brain MRI Reconstruction Safety Review - Broad\Full Text Screening\PDF-Missing\2021 - Machine Learning for the Prediction of Amyloid Positivity in Amnestic Mild Cognitive Impairment. - PMID 33523003.pdf,
2026-08-07T07:48:07.498089+00:00,,10.1109/isbi52829.2022.9761524,2022,ANOMALY DETECTION VIA CONTEXT AND LOCAL FEATURE MATCHING,2022 IEEE INTERNATIONAL SYMPOSIUM ON BIOMEDICAL IMAGING (IEEE ISBI 2022),exclude,0.72,fulltext_screening_round2,,"wrong_intervention_or_index: Proposes a self-supervised discriminative unsupervised-anomaly-detection method for brain tumor segmentation that outperforms autoencoder reconstruction-error baselines; this targets pathology/anomaly detection in already-reconstructed images, not the fidelity/safety evaluation of an AI/ML MRI acquisition-reconstruction pipeline.",,,TRUE,"{""Dat Mai_fulltext_round2"": ""exclude""}","[""We instead propose a discriminative method based on a deep learning self-supervised pixel-level classification task."", ""We evaluate our method on a surrogate task of tumor segmentation in brain MRI data and show significant performance improvements over baselines.""]",C:/Users/V133280/RMIT University/Thai Pham - StrokeVault/Brain MRI Reconstruction Safety Review - Broad\Full Text Screening\PDF-Missing\2022 - ANOMALY DETECTION VIA CONTEXT AND LOCAL FEATURE MATCHING - WEBOFSCIENCE WOS_000836243800125.pdf,
2026-08-07T07:48:07.498089+00:00,35780607,10.1016/j.ejrad.2022.110414,2022,Bone visualization of the cervical spine with deep learning-based synthetic CT compared to conventional CT: A single-center noninferiority study on image quality.,European journal of radiology,exclude,0.8,fulltext_screening_round2+Thu_adjudication,,"wrong_population: Resolves the population flag to exclude: although the DL-based sCT is evaluated with a rigorous blinded multi-reader noninferiority design and even documents genuine failure modes (omitted intraspinal bone apposition, pneumatocysts falsely rendered as dense lesions), the anatomy is cervical-spine bone with a CT bone-contrast target, the evaluation criteria are CT bone-quality guidelines for vertebral structures, and prior validation covers only pelvis, sacroiliac joints, lumbar spine, and hip. No brain-MRI applicability is demonstrated or claimed, which the adjudication guidance requires for this exact non-brain bone-sCT scenario.",,,FALSE,"{""Dat Mai_fulltext_round2"": ""flagged"", ""Thu_adjudicator"": ""exclude""}","[""This deep learning-based sCT was noninferior to conventional CT for the general visualization of bony structures of the cervical spine"", ""previously validated for radiotherapy, orthopaedic and neurosurgical treatment planning purposes in the pelvis, sacroiliac joints, lumbar spine, and hip"", ""inadequate reproduction of extensive ankylosis with vacuum phenomenon and no reproduction of intraspinal bone apposition""]",C:/Users/V133280/RMIT University/Thai Pham - StrokeVault/Brain MRI Reconstruction Safety Review - Broad\Full Text Screening\PDF-Missing\2022 - Bone visualization of the cervical spine with deep learning-based synthetic CT compared to conventional CT A single-cent - PMID 35780607.pdf,
2026-08-07T07:48:07.498089+00:00,37604079,10.1016/j.neunet.2023.08.004,2023,Sinogram upsampling using Primal-Dual UNet for undersampled CT and radial MRI reconstruction.,Neural networks : the official journal of the International Neural Network Society,include,0.6,fulltext_screening_round2,"on_topic_recon_safety_eval: Introduces a deep-learning (Primal-Dual UNet) reconstruction method for undersampled CT/radial MRI and quantitatively evaluates fidelity (SSIM) specifically on brain MRI data, serving as an automated fidelity-evaluation baseline.",,,,TRUE,"{""Dat Mai_fulltext_round2"": ""include""}","[""the proposed model resulted in 0.903±0.019 and 0.957±0.023 average SSIM while reconstructing undersampled brain and abdominal MRI data with an acceleration factor of 16"", ""generalises better than the baselines in presence of a needle"", ""This paper introduces Primal-Dual UNet, which improves the Primal-Dual network in terms of accuracy and reconstruction speed""]",C:/Users/V133280/RMIT University/Thai Pham - StrokeVault/Brain MRI Reconstruction Safety Review - Broad\Full Text Screening\PDF-Missing\2023 - Sinogram upsampling using Primal-Dual UNet for undersampled CT and radial MRI reconstruction. - PMID 37604079.pdf,
2026-08-07T07:48:07.498089+00:00,37855725,10.1097/rli.0000000000001039,2024,7 T MRI of the Cervical Neuroforamen: Assessment of Nerve Root Compression and Dorsal Root Ganglia in Patients With Radiculopathy.,Investigative radiology,exclude,0.95,fulltext_screening_round2,,wrong_intervention_or_index: Compares conventional (non-AI/ML) 7T vs 3T DESS MRI sequences for cervical nerve root imaging with Likert-scale diagnostic ratings; no AI/ML reconstruction and not brain imaging.,,,FALSE,"{""Dat Mai_fulltext_round2"": ""exclude""}","[""The aim of this study was to assess the diagnostic value of 3-dimensional dual-echo steady-state (DESS) magnetic resonance imaging (MRI) of the cervical spine at 7 T compared with 3 T"", ""Image artifacts including blurring, streaking, and shading due tovoluntary or involuntary movement were graded with a 4-point Likert scale""]",C:/Users/V133280/RMIT University/Thai Pham - StrokeVault/Brain MRI Reconstruction Safety Review - Broad\Full Text Screening\PDF-Missing\2024 - 7 T MRI of the Cervical Neuroforamen Assessment of Nerve Root Compression and Dorsal Root Ganglia in Patients With Radic - PMID 37855725.pdf,
2026-08-07T07:48:07.498089+00:00,,10.1038/s41591-024-03306-x,2024,Hypothalamic deep brain stimulation augments walking after spinal cord injury,Nature Medicine,exclude,0.97,fulltext_screening_round2,,out_of_scope: Reports a deep brain stimulation therapy study for gait recovery after spinal cord injury in animals and a human pilot; no MRI reconstruction or fidelity-evaluation methodology is involved.,,,FALSE,"{""Dat Mai_fulltext_round2"": ""exclude""}","[""we aimed to identify brain regions that steer the recovery of walking after incomplete SCI"", ""A pilot clinical study showed that DBSLH immediately improved walking in two participants with incomplete SCI""]",C:/Users/V133280/RMIT University/Thai Pham - StrokeVault/Brain MRI Reconstruction Safety Review - Broad\Full Text Screening\PDF-Missing\2024 - Hypothalamic deep brain stimulation augments walking after spinal cord injury - SPRINGER 10.1038_s41591-024-03306-x.pdf,
2026-08-07T07:48:07.498089+00:00,37989922,10.1007/s10334-023-01129-4,2024,Improvement of image quality in diffusion-weighted imaging with model-based deep learning reconstruction for evaluations of the head and neck.,"Magma (New York, N.Y.)",exclude,0.75,fulltext_screening_round2+Thu_adjudication,,"wrong_outcome: Resolves the flag to exclude on the evaluation pillar rather than anatomy: while Adaptive-CS-Net is a genuine model-based DL reconstruction and EPI-DWI distortion issues could transfer to brain, the study's assessment is routine clinical image-quality reporting - five-point Likert scores for overall quality, conspicuity and artifacts plus SNR/CNR/ADC comparisons - with no fidelity/safety framing, no hallucination or missed-pathology stress testing, and no methodological contribution to reconstruction-safety evaluation. It is a head/neck clinical feasibility study of a vendor reconstruction, matching the routine-metrics-only exclusion pattern.",,,FALSE,"{""Dat Mai_fulltext_round2"": ""flagged"", ""Thu_adjudicator"": ""exclude""}","[""DL-based image reconstruction with the model-based technique effectively provided sufficient image quality in head/neck DWI."", ""we visually evaluated the overall image quality, soft tissue conspicuity, degree of artifact(s), and lesion conspicuity based on a five-point system"", ""We then calculated the contrast-to-noise ratio (CNR) between the lesion and the adjacent muscle""]",C:/Users/V133280/RMIT University/Thai Pham - StrokeVault/Brain MRI Reconstruction Safety Review - Broad\Full Text Screening\PDF-Missing\2024 - Improvement of image quality in diffusion-weighted imaging with model-based deep learning reconstruction for evaluations - PMID 37989922.pdf,
2026-08-07T07:48:07.498089+00:00,39212499,10.1097/rli.0000000000001113,2025,7 T Lumbosacral Plexus Neurography: Feasibility and Comparison of Spinal Nerve Visualization With 3 T MRI.,Investigative radiology,exclude,0.95,fulltext_screening_round2,,wrong_intervention_or_index: Compares nerve visibility and image quality between conventional 7T and 3T MR neurography of the lumbosacral plexus; no AI/ML reconstruction and not brain imaging.,,,FALSE,"{""Dat Mai_fulltext_round2"": ""exclude""}","[""this study investigated the feasibility of 7 T MR neurography by means of comparing the visibility of the spinal nerves and image quality to 3 T MR neurography"", ""7 T MR imaging exhibited significantly increased image artifacts""]",C:/Users/V133280/RMIT University/Thai Pham - StrokeVault/Brain MRI Reconstruction Safety Review - Broad\Full Text Screening\PDF-Missing\2025 - 7 T Lumbosacral Plexus Neurography Feasibility and Comparison of Spinal Nerve Visualization With 3 T MRI. - PMID 39212499.pdf,
2026-08-07T07:48:07.498089+00:00,40335658,10.1007/s00330-025-11644-8,2025,Radiological evaluation and clinical implications of deep learning- and MRI-based synthetic CT for the assessment of cervical spine injuries.,European radiology,exclude,0.8,fulltext_screening_round2,,wrong_population: Clinical diagnostic-accuracy validation of a commercial deep-learning synthetic-CT tool for cervical spine fracture assessment; anatomy is cervical spine (not brain) and the paper explicitly defers the DL methodology to prior publications rather than contributing new reconstruction-fidelity methodology.,,,FALSE,"{""Dat Mai_fulltext_round2"": ""exclude""}","[""We sought to evaluate the diagnostic validity of magnetic resonance imaging (MRI)-based synthetic CT (sCT) compared with conventional computed tomography (CT) for cervical spine injuries"", ""The study's primary aim is to evaluate the performance of sCT in trauma cases, using the commercially available software BoneMRI (v1.6), rather than explaining the fundamental deep learning methodology""]",C:/Users/V133280/RMIT University/Thai Pham - StrokeVault/Brain MRI Reconstruction Safety Review - Broad\Full Text Screening\PDF-Missing\2025 - Radiological evaluation and clinical implications of deep learning- and MRI-based synthetic CT for the assessment of cer - PMID 40335658.pdf,
2026-08-07T07:48:07.498089+00:00,11218217,10.1109/access.2025.3625766,2025,Schizophrenia Segmentation From sMRI Data: A Fusion Approach Using U-Net and Vision Transformer-Based Grad-CAM,IEEE Access,exclude,0.75,fulltext_screening_round2,,"wrong_intervention_or_index: Uses U-Net reconstruction-error as an anomaly-detection signal combined with a ViT/Grad-CAM classifier to segment and diagnose schizophrenia from brain sMRI; this is a diagnostic-classification application, not a safety/fidelity evaluation of an AI/ML MRI acquisition-reconstruction method.",,,FALSE,"{""Dat Mai_fulltext_round2"": ""exclude""}","[""a U-Net is trained solely on healthy subject slices to learn normative anatomical representations without supervision. During inference, schizophrenia slices are fed into the trained U-Net, and reconstruction errors are calculated"", ""Quantitative evaluation of 2DCNN-ViT exposes a solid performance in all anatomical planes with 99.96% accuracy for coronal slices""]",C:/Users/V133280/RMIT University/Thai Pham - StrokeVault/Brain MRI Reconstruction Safety Review - Broad\Full Text Screening\PDF-Missing\2025 - Schizophrenia Segmentation From sMRI Data A Fusion Approach Using U-Net and Vision Transformer-Based Grad-CAM - IEEEXPLORE 11218217.pdf,
2026-08-07T07:48:07.498089+00:00,40639972,10.3174/ajnr.a8728,2025,Slice-to-Volume Reconstruction of Fetal Brain MR Imaging in Clinical Practice.,AJNR. American journal of neuroradiology,include,0.85,fulltext_screening_round2,"on_topic_recon_safety_eval: Develops and clinically evaluates an automated (deep-learning brain-segmentation-assisted) fetal brain MRI slice-to-volume reconstruction pipeline, explicitly rating whether the reconstruction reproduces true pathology and whether it introduces pathology not seen on standard-of-care images -- directly addressing hallucinated/omitted-pathology fidelity in brain MRI reconstruction.",,,,FALSE,"{""Dat Mai_fulltext_round2"": ""include""}","[""Slice-to-volume reconstruction (SVR) is used to generate 3D isotropic high-resolution MR images from multiple 2D stacks to correct for fetal motion"", ""the ability of 3D SVR to reproduce pathology seen on SOC (1 = poor, 5 = excellent), and to assess for pathology on 3D SVR not seen on SOC (1 = no definitely not, 5 = yes clinically significant)"", ""Overall image quality, degree of noise/artifacts, and ability to obtain 2D measurements were all rated significantly higher for SVR compared with SOC""]",C:/Users/V133280/RMIT University/Thai Pham - StrokeVault/Brain MRI Reconstruction Safety Review - Broad\Full Text Screening\PDF-Missing\2025 - Slice-to-Volume Reconstruction of Fetal Brain MR Imaging in Clinical Practice. - PMID 40639972.pdf,
2026-08-07T07:48:07.498089+00:00,41576825,10.1016/j.media.2026.103946,2026,CATERPillar: a flexible framework for generating white matter numerical substrates with incorporated glial cells.,Medical image analysis,exclude,0.9,fulltext_screening_round2,,out_of_scope: Introduces a Monte Carlo diffusion-simulation substrate generator (synthetic axon/glial tissue models) for validating dMRI microstructure models; not an evaluation of AI/ML clinical MRI image reconstruction fidelity or safety.,,,FALSE,"{""Dat Mai_fulltext_round2"": ""exclude""}","[""Monte Carlo diffusion simulations in numerical substrates are valuable for exploring the sensitivity and specificity of the diffusion MRI (dMRI) signal to realistic cell microstructure features"", ""CATERPillar...simulates the mechanics of axonal growth using overlapping spheres as elementary units""]",C:/Users/V133280/RMIT University/Thai Pham - StrokeVault/Brain MRI Reconstruction Safety Review - Broad\Full Text Screening\PDF-Missing\2026 - CATERPillar a flexible framework for generating white matter numerical substrates with incorporated glial cells. - PMID 41576825.pdf,
2026-08-07T07:48:07.498089+00:00,42315816,10.1186/s40658-026-00898-w,2026,Denoising of 4D dynamic PET images using spatiotemporal regularization with integrated temporal restoration (SPRINTER).,EJNMMI physics,exclude,0.85,fulltext_screening_round2,,"out_of_scope: Proposes a deep-learning-based denoising method for 4D dynamic brain PET images; the imaging modality is PET, not MRI, so there is no MRI reconstruction fidelity evaluation.",,,FALSE,"{""Dat Mai_fulltext_round2"": ""exclude""}","[""This study proposes a novel spatiotemporal denoising method (SPRINTER) that integrates anatomical priors, self-supervised adaptive principal component analysis (aPCA), and deep learning to enhance image quality and preserve time activity fidelity"", ""High-quality 4D dynamic PET imaging is often compromised by noise, especially in low-count frames""]",C:/Users/V133280/RMIT University/Thai Pham - StrokeVault/Brain MRI Reconstruction Safety Review - Broad\Full Text Screening\PDF-Missing\2026 - Denoising of 4D dynamic PET images using spatiotemporal regularization with integrated temporal restoration (SPRINTER). - PMID 42315816.pdf,
2026-08-07T07:48:07.498089+00:00,40758495,10.1109/tmi.2025.3595421,2026,Diff-Def: Diffusion-Generated Deformation Fields for Conditional Atlases.,IEEE transactions on medical imaging,include,0.82,fulltext_screening_round2,"on_topic_recon_safety_eval: Uses a latent diffusion model to generate deformation fields for conditional brain-MRI atlas construction, explicitly designed to avoid hallucinations arising from direct image synthesis and quantitatively evaluated for anatomical fidelity -- a counterfactual/generative brain-MRI fidelity contribution relevant to reconstruction-safety evaluation.",,,,FALSE,"{""Dat Mai_fulltext_round2"": ""include""}","[""avoids hallucinations that may arise during direct image synthesis by generating this deformation field and regularising it using a neighbourhood of images"", ""Our method generates highly realistic atlases with smooth transformations and high anatomical fidelity, outperforming existing baselines"", ""We compare our method to several state-of-the-art atlas generation methods using brain MR images from the UK Biobank""]",C:/Users/V133280/RMIT University/Thai Pham - StrokeVault/Brain MRI Reconstruction Safety Review - Broad\Full Text Screening\PDF-Missing\2026 - Diff-Def Diffusion-Generated Deformation Fields for Conditional Atlases. - PMID 40758495.pdf,
2026-08-07T07:48:07.498089+00:00,11433825,10.1109/tmi.2026.3673956,2026,Learning Fourier-Constrained Diffusion Bridges for MRI Reconstruction,IEEE Transactions on Medical Imaging,include,0.9,fulltext_screening_round2,"on_topic_recon_safety_eval: Introduces a novel diffusion-bridge deep-learning method for reconstructing undersampled brain MRI, explicitly framed around improving fidelity to the clean MR image manifold and quantitatively evaluated via PSNR/SSIM on brain MRI, directly on-topic for AI/ML brain reconstruction fidelity.",,,,FALSE,"{""Dat Mai_fulltext_round2"": ""include""}","[""we introduce the first Fourier-constrained diffusion bridge (FDB) for MRI reconstruction in the literature"", ""Demonstrations on brain MRI show that FDB outperforms competing methods by 4.5dB PSNR and 8.3% SSIM in within-domain and by 4.7dB PSNR and 16.4% SSIM in cross-domain reconstructions""]",C:/Users/V133280/RMIT University/Thai Pham - StrokeVault/Brain MRI Reconstruction Safety Review - Broad\Full Text Screening\PDF-Missing\2026 - Learning Fourier-Constrained Diffusion Bridges for MRI Reconstruction - IEEEXPLORE 11433825.pdf,
2026-08-07T07:48:07.498089+00:00,,10.3390/magnetochemistry12010014,2026,Simulation Data-Based Dual Domain Network (Sim-DDNet) for Motion Artifact Reduction in MR Images,MAGNETOCHEMISTRY,include,0.9,fulltext_screening_round2,"on_topic_recon_safety_eval: Proposes a dual-domain deep-learning network for motion-artifact reduction in brain MRI, explicitly evaluating and reducing 'hallucination of non-existent structures' alongside ghost/streak artifacts as a core fidelity outcome versus U-Net/U-Net++ baselines.",,,,FALSE,"{""Dat Mai_fulltext_round2"": ""include""}","[""We propose Sim-DDNet, a simulation-data-based dual-domain network that combines k-space-based motion simulation with a joint image-k-space reconstruction architecture"", ""consistently outperforming U-Net and U-Net++ across all three metrics while producing less blurring, fewer residual ghost/streak artifacts, and reduced hallucination of non-existent structures""]",C:/Users/V133280/RMIT University/Thai Pham - StrokeVault/Brain MRI Reconstruction Safety Review - Broad\Full Text Screening\PDF-Missing\2026 - Simulation Data-Based Dual Domain Network (Sim-DDNet) for Motion Artifact Reduction in MR Images - WEBOFSCIENCE WOS_001670889700001.pdf,
2026-08-07T07:48:07.498089+00:00,11603351,10.1109/access.2026.3712275,2026,Technical Feasibility of an Efficient Deep Learning-Based Super-Resolution Method for 3D MR Angiography,IEEE Access,include,0.78,fulltext_screening_round2,"on_topic_recon_safety_eval: Presents a CNN-based deep-learning super-resolution reconstruction method for whole-brain 3D TOF-MR angiography, explicitly discussing the risk of GAN-based methods fabricating spurious vessels and quantitatively evaluating vascular fidelity/vessel preservation as an automated fidelity-evaluation baseline.",,,,FALSE,"{""Dat Mai_fulltext_round2"": ""include""}","[""we examined the feasibility of an efficient CNN-based SR framework to accelerate 3D TOF-MRA acquisition while preserving vascular details"", ""they can generate spurious anatomical structures, such as fake blood vessels, which may lead to misdiagnosis"", ""over 85% and 82% of the vessels observed in reference images retained at 2× and 4× acceleration, respectively""]",C:/Users/V133280/RMIT University/Thai Pham - StrokeVault/Brain MRI Reconstruction Safety Review - Broad\Full Text Screening\PDF-Missing\2026 - Technical Feasibility of an Efficient Deep Learning-Based Super-Resolution Method for 3D MR Angiography - IEEEXPLORE 11603351.pdf,
2026-08-07T07:48:07.498089+00:00,42174805,10.3233/shti260128,2026,ViTMARE - A Vision Transformer Pipeline for Anomaly Detection in 3D Brain MRI.,Studies in health technology and informatics,exclude,0.7,fulltext_screening_round2,,wrong_intervention_or_index: Proposes a Vision-Transformer masked-autoencoder anomaly-detection pipeline for 3D brain MRI that uses reconstruction error to flag out-of-distribution scans/lesions; this is a diagnostic anomaly-detection application rather than a safety/fidelity evaluation of an AI/ML MRI acceleration-reconstruction method.,,,TRUE,"{""Dat Mai_fulltext_round2"": ""exclude""}","[""we introduce ViTMARE (Vision Transformer Masked Autoencoder Reconstruction Error), a volumetric anomaly-detection pipeline for 3D brain MRI"", ""regions deviating from this learned distribution, such as lesions or acquisition artifacts, yield higher reconstruction errors, which serve as direct indicators of abnormality""]",C:/Users/V133280/RMIT University/Thai Pham - StrokeVault/Brain MRI Reconstruction Safety Review - Broad\Full Text Screening\PDF-Missing\2026 - ViTMARE - A Vision Transformer Pipeline for Anomaly Detection in 3D Brain MRI. - PMID 42174805.pdf,
2026-08-07T08:03:55.452421+00:00,,10.1007/s11571-025-10320-3,2025,Current status and challenges in electroencephalography (EEG)-based driver fatigue detection: a comprehensive survey,Cognitive Neurodynamics,exclude,0.98,fulltext_screening_round2,,"out_of_scope: This is a PRISMA survey of EEG-based driver fatigue/drowsiness detection using ML/DL classifiers; it concerns EEG signal classification for driver monitoring, not AI/ML-based MRI reconstruction or its safety/fidelity evaluation.",,,FALSE,"{""Dat Mai_fulltext_round2"": ""exclude""}","[""Electroencephalography (EEG) has emerged as a widely used method for detecting driver fatigue due to its ability to capture brain activity patterns."", ""Applications of Machine Learning (ML) in EEG-based fatigue evaluation are carefully reviewed"", ""This survey highlights the advantages, limitations, and future prospects of EEG-based driver fatigue detection""]",C:/Users/V133280/RMIT University/Thai Pham - StrokeVault/Brain MRI Reconstruction Safety Review - Broad\Full Text Screening\PDF-Missing\2025 - Current status and challenges in electroencephalography (EEG)-based driver fatigue detection a comprehensive survey - SPRINGER 10.1007_s11571-025-10320-3.pdf,
2026-08-07T08:03:55.452421+00:00,,10.1007/s13534-026-00551-6,2026,Anomaly detection in brain MRI: a comprehensive review,Biomedical Engineering Letters,background_only,0.75,fulltext_screening_round2,,,,"review_for_background: An on-topic narrative review mapping brain MRI anomaly detection (including reconstruction-based deep learning paradigms) that discusses evaluation challenges like false positives and interpretability, but is itself a survey rather than a primary methodological contribution to reconstruction-fidelity evaluation.",FALSE,"{""Dat Mai_fulltext_round2"": ""background_only""}","[""We organize deep-learning work into three paradigms—reconstruction, generative, and self-supervised—highlighting their core assumptions, advantages, and caveats."", ""Even with recent advances, critical challenges persist—including high false positive rates, unclear definitions of abnormality, limited interpretability, and vulnerability to domain shifts."", ""In this review, we map the field of brain MRI anomaly detection across traditional statistics, classical machine learning (ML), and contemporary deep learning.""]",C:/Users/V133280/RMIT University/Thai Pham - StrokeVault/Brain MRI Reconstruction Safety Review - Broad\Full Text Screening\PDF-Missing\2026 - Anomaly detection in brain MRI a comprehensive review - SPRINGER 10.1007_s13534-026-00551-6.pdf,
