study_key,pmid,doi,year,journal,title,study_design,method_family,evaluation,failure_modes,field_strength,field_strength_evidence,pulse_sequences,reference_standard,public_dataset_or_benchmark,code_available,full_text_basis,source_record
S001,9419562,10.1016/s1076-6332(05)80184-9,1995,Academic radiology,Detection of degradation of magnetic resonance (MR) images: comparison of an automated MR image-quality analysis system with trained human observers,Diagnostic accuracy / reader study,,Observer / reader study,Geometric / anatomical distortion,not reported,,,Not stated,,not stated,abstract + MeSH only,1995 - Detection of degradation of magnetic resonance (MR) images comparison of an automated MR image-quality analysis system w - PMID 9419562.md
S002,,10.1109/42.387716,1995,IEEE Transactions on Medical Imaging,Using an image database to constrain the acquisition and reconstruction of MR images of the human head,Algorithmic / methodological reconstruction study,Compressed sensing / parallel imaging,,Artifacts (aliasing/ghosting/Gibbs),1.5T,"to 64 x 64 images of the human head. First, a commercially available 1.5-T scanner (Signa, GE Medical Systems, Milwaukee, WI) was used to colle",T1w,Expert reader consensus,,not stated,full text,1995 - Using an image database to constrain the acquisition and reconstruction of MR images of the human head - IEEEXPLORE 387716.md
S003,,10.1109/isspit.2005.1577201,2005,"Proceedings of the Fifth IEEE International Symposium on Signal Processing and Information Technology, 2005.",Quality evaluation of fast morphing interpolation model for 3D volume reconstruction,Algorithmic / methodological reconstruction study,,,Robustness / distribution shift,not reported,,,Expert reader consensus,,not stated,full text,2005 - Quality evaluation of fast morphing interpolation model for 3D volume reconstruction - IEEEXPLORE 1577201.md
S004,17117780,10.1109/tmi.2006.881374,2006,IEEE transactions on medical imaging,Using human and model performance to compare MRI reconstructions,Diagnostic accuracy / reader study,Denoising,Observer / reader study,,not reported,,,Not stated,,not stated,abstract + MeSH only,2006 - Using human and model performance to compare MRI reconstructions. - PMID 17117780.md
S005,23218792,10.1016/j.mri.2012.09.009,2013,Magnetic resonance imaging,A new perceptual difference model for diagnostically relevant quantitative image quality evaluation: a preliminary study,Diagnostic accuracy / reader study,Compressed sensing / parallel imaging,Perceptual / learned metrics;Observer / reader study;Uncertainty estimation,Artifacts (aliasing/ghosting/Gibbs),7T,"nce angiography (MRA) images more than noise and blurring effects. In 7T brain imaging, aliasing artifacts are more dangerous than other artif",T2w,Fully sampled acquisition,,not stated,full text,2013 - A new perceptual difference model for diagnostically relevant quantitative image quality evaluation a preliminary study. - PMID 23218792.md
S006,25143262,10.1002/jmri.24728,2015,Journal of magnetic resonance imaging : JMRI,Artifactual microhemorrhage generated by susceptibility weighted image processing,Diagnostic accuracy / reader study,Compressed sensing / parallel imaging,Observer / reader study;Uncertainty estimation,Artifacts (aliasing/ghosting/Gibbs);Robustness / distribution shift,3T,data from 28 traumatic brain injury (TBI) patients was obtained on a 3 tesla clinical Siemens scanner using both the product 3D gradient echo sequ,FLAIR;SWI,Expert reader consensus,,not stated,full text,2015 - Artifactual microhemorrhage generated by susceptibility weighted image processing. - PMID 25143262.md
S007,26606457,10.1016/j.media.2015.10.012,2015,Medical image analysis,Sparse Reconstruction Challenge for diffusion MRI: Validation on a physical phantom to determine which acquisition scheme and analysis method to use?,Algorithmic / methodological reconstruction study,Generative (GAN/diffusion/VAE);Compressed sensing / parallel imaging,,,3T,wo acquisitions. 3.2. Data The challenge data sets were acquired on a 3T Trio Siemens scanner with an 8-channel knee coil using GRAPPA (Grisw,DWI,Stated ground truth (unspecified),human connectome,not stated,full text,2015 - Sparse Reconstruction Challenge for diffusion MRI Validation on a physical phantom to determine which acquisition scheme - PMID 26606457.md
S008,,10.1109/isbi.2016.7493412,2016,2016 IEEE 13th International Symposium on Biomedical Imaging (ISBI),Compressive sensing based Q-space resampling for handling fast bulk motion in hardi acquisitions,Algorithmic / methodological reconstruction study,Generative (GAN/diffusion/VAE);Motion correction,,Artifacts (aliasing/ghosting/Gibbs);Motion degradation,3T,ng study [16])1. All subjects were scanned using the same scanner (a 3.0T Siemens Magnetom TrioTim scanner) at the same clinical site to avoid,DWI,Not stated,,not stated,full text,2016 - Compressive sensing based Q-space resampling for handling fast bulk motion in hardi acquisitions - IEEEXPLORE 7493412.md
S009,26714794,10.1002/mrm.26080,2016,Magnetic resonance in medicine,Diffusion in realistic biophysical systems can lead to aliasing effects in diffusion spectrum imaging,Algorithmic / methodological reconstruction study,Generative (GAN/diffusion/VAE),,Artifacts (aliasing/ghosting/Gibbs),3T,pus callosum and ventricles. Data acquisition was per- formed using a 3 Tesla (T) GE MR750 clinical MR scanner with a maximum gradient strength of,DWI,Stated ground truth (unspecified),Human Connectome,not stated,full text,2016 - Diffusion in realistic biophysical systems can lead to aliasing effects in diffusion spectrum imaging. - PMID 26714794.md
S010,26140504,10.1002/mrm.25830,2016,Magnetic resonance in medicine,Reverse retrospective motion correction,Algorithmic / methodological reconstruction study,Compressed sensing / parallel imaging;Motion correction,,Artifacts (aliasing/ghosting/Gibbs);Motion degradation;Robustness / distribution shift,3T,"acquisition and prospective feedback Experiments were performed on a 3T Tim Trio (Siemens Healthcare, Erlangen). Data were acquired in N=4 h",T1w;DWI,Expert reader consensus,,not stated,full text,2016 - Reverse retrospective motion correction. - PMID 26140504.md
S011,28945803,10.1371/journal.pone.0184661,2017,PloS one,MRIQC: Advancing the automatic prediction of image quality in MRI from unseen sites,Algorithmic / methodological reconstruction study,,,Artifacts (aliasing/ghosting/Gibbs);Robustness / distribution shift,3T,"-3/1.1, 8, AP 176±15×256±62×256±62 1.00×1.00×1.00 KKI Philips Achieva 3T, 810-3/3.7010-3/0.8, 8, NA 256×200±30×256±30 1.00×1.00×1.00 LEUVEN",T1w;T2w,Not stated,ADNI;UK Biobank,yes,full text,2017 - MRIQC Advancing the automatic prediction of image quality in MRI from unseen sites. - PMID 28945803.md
S012,29769079,10.1186/s12880-018-0256-6,2018,BMC medical imaging,A consistency evaluation of signal-to-noise ratio in the quality assessment of human brain magnetic resonance images,Diagnostic accuracy / reader study,,Observer / reader study,,3T,"- quisition is closely related to the magnetic field strength (1.5 T, 3 T, etc), imaging protocol (T1, T2, etc), field of view (FOV), reconstru",T2w;SWI,Expert reader consensus,,not stated,full text,2018 - A consistency evaluation of signal-to-noise ratio in the quality assessment of human brain magnetic resonance images. - PMID 29769079.md
S013,29520831,10.1002/mrm.27166,2018,Magnetic resonance in medicine,A convolutional neural network to filter artifacts in spectroscopic MRI,Algorithmic / methodological reconstruction study,,,Artifacts (aliasing/ghosting/Gibbs),3T,(23) who received post-surgical scans. All scans were conducted in a 3T MRI scanner with a 32-channel head coil (Siemens Medical) and were ob,T1w,Stated ground truth (unspecified),,not stated,full text,2018 - A convolutional neural network to filter artifacts in spectroscopic MRI. - PMID 29520831.md
S014,,10.1109/prni.2018.8423948,2018,2018 International Workshop on Pattern Recognition in Neuroimaging (PRNI),Automatic detection of motion artifacts on MRI using Deep CNN,Algorithmic / methodological reconstruction study,Motion correction,,Artifacts (aliasing/ghosting/Gibbs);Motion degradation,3T,"c- ture is ﬁnetuned to each MRI axis. The MRI data were acquired on a 3T Phillips Achieva scan- ner from healthy volunteers, using a T1-weight",T1w,Not stated,,not stated,full text,2018 - Automatic detection of motion artifacts on MRI using Deep CNN - IEEEXPLORE 8423948.md
S015,29898715,10.1186/s12938-018-0514-4,2018,Biomedical engineering online,Blind blur assessment of MRI images using parallel multiscale difference of Gaussian filters,Algorithmic / methodological reconstruction study,,,Geometric / anatomical distortion,3T,"2013;15(1):55. 5. Rajiah P, Bolen MA. Cardiovascular MR imaging at 3 T: opportunities, challenges, and solutions. Radiographics. 2014;34(6)",T1w;T2w;FLAIR,Expert reader consensus,ADNI;adni,yes,full text,2018 - Blind blur assessment of MRI images using parallel multiscale difference of Gaussian filters. - PMID 29898715.md
S016,29408461,10.1016/j.neuroimage.2018.01.078,2018,NeuroImage,Impacts of simultaneous multislice acquisition on sensitivity and specificity in fMRI,Algorithmic / methodological reconstruction study,Compressed sensing / parallel imaging,,Artifacts (aliasing/ghosting/Gibbs);Hallucination / fidelity / instability,3T,ollected during the pre-pilot phase of the HCP using their customized 3T Siemens scanner with a NOVA medical thirty-two channel head coil. The,,Not stated,HCP;Human Connectome;UK Biobank;human connectome,not stated,full text,2018 - Impacts of simultaneous multislice acquisition on sensitivity and specificity in fMRI. - PMID 29408461.md
S017,30672166,10.3348/kjr.2017.0634,2019,Korean journal of radiology,Accelerated Time-of-Flight Magnetic Resonance Angiography with Sparse Undersampling and Iterative Reconstruction for the Evaluation of Intracranial Arteries,Diagnostic accuracy / reader study,Compressed sensing / parallel imaging,Observer / reader study,Artifacts (aliasing/ghosting/Gibbs),3T,had undergone sparse TOF MRA for intracranial artery evaluation on a 3T MR scanner. Conventional TOF MRA scans were also acquired from 29 pat,T1w;T2w;FLAIR;DWI,Expert reader consensus,,not stated,full text,2019 - Accelerated Time-of-Flight Magnetic Resonance Angiography with Sparse Undersampling and Iterative Reconstruction for the - PMID 30672166.md
S018,31247254,10.1016/j.mri.2019.05.038,2019,Magnetic resonance imaging,Applications of a deep learning method for anti-aliasing and super-resolution in MRI,Algorithmic / methodological reconstruction study,Super-resolution;Motion correction,,Artifacts (aliasing/ghosting/Gibbs);Motion degradation,3T,cquired from multiple sclerosis (MS) subjects using a Philips Achieva 3T scanner with a 2D protocol and the following parameters: 0.828 × 0.8,T1w;T2w;FLAIR,Expert reader consensus,OASIS,not stated,full text,2019 - Applications of a deep learning method for anti-aliasing and super-resolution in MRI. - PMID 31247254.md
S019,30811739,10.1002/jmri.26693,2019,Journal of magnetic resonance imaging : JMRI,Automated image quality evaluation of structural brain MRI using an ensemble of deep learning networks,Algorithmic / methodological reconstruction study,Physics-based / unrolled,,,3T,"ependent testing. SEQUENCE: T1 -weighted MR brain images acquired at 3T. ASSESSMENT: The ABIDE data were separated into training (60%), vali",T1w;T2w;FLAIR;DWI,Expert reader consensus,UK BioBank;UK Biobank,not stated,full text,2019 - Automated image quality evaluation of structural brain MRI using an ensemble of deep learning networks. - PMID 30811739.md
S020,30523142,10.3174/ajnr.a5905,2019,AJNR. American journal of neuroradiology,Compressed Sensing-Sensitivity Encoding (CS-SENSE) Accelerated Brain Imaging: Reduced Scan Time without Reduced Image Quality,Diagnostic accuracy / reader study,Compressed sensing / parallel imaging,Observer / reader study,Artifacts (aliasing/ghosting/Gibbs),not reported,,FLAIR,Expert reader consensus,,not stated,abstract + MeSH only,2019 - Compressed Sensing-Sensitivity Encoding (CS-SENSE) Accelerated Brain Imaging Reduced Scan Time without Reduced Image Qua - PMID 30523142.md
S021,30671618,10.1007/s00234-019-02160-w,2019,Neuroradiology,Evaluation of 3D fat-navigator based retrospective motion correction in the clinical setting of patients with brain tumors,Algorithmic / methodological reconstruction study,Motion correction,,Artifacts (aliasing/ghosting/Gibbs);Motion degradation,7T,"al tracking system for motion-corrected magnetic resonance imaging at 7T. Magn Reson Mater Physics, Biol Med 25:443–453 7. Maclaren J, Armstr",T1w;T2w;FLAIR;SWI,Expert reader consensus,,not stated,full text,2019 - Evaluation of 3D fat-navigator based retrospective motion correction in the clinical setting of patients with brain tumo - PMID 30671618.md
S022,30630834,10.3174/ajnr.a5927,2019,AJNR. American journal of neuroradiology,Improving the Quality of Synthetic FLAIR Images with Deep Learning Using a Conditional Generative Adversarial Network for Pixel-by-Pixel Image Translation,Algorithmic / methodological reconstruction study,Generative (GAN/diffusion/VAE),,Artifacts (aliasing/ghosting/Gibbs),3T,HODS: Forty patients with MS were prospectively included and scanned (3T) to acquire synthetic MR imaging and conventional FLAIR images. Synth,T1w;T2w;FLAIR,Expert reader consensus,,not stated,full text,2019 - Improving the Quality of Synthetic FLAIR Images with Deep Learning Using a Conditional Generative Adversarial Network fo - PMID 30630834.md
S023,31045278,10.1002/mrm.27771,2019,Magnetic resonance in medicine,Network Accelerated Motion Estimation and Reduction (NAMER): Convolutional neural network guided retrospective motion correction using a separable motion model,Algorithmic / methodological reconstruction study,Physics-based / unrolled;Motion correction,,Artifacts (aliasing/ghosting/Gibbs);Motion degradation,not reported,,,Not stated,,not stated,abstract + MeSH only,2019 - Network Accelerated Motion Estimation and Reduction (NAMER) Convolutional neural network guided retrospective motion cor - PMID 31045278.md
S024,30773331,10.1016/j.zemedi.2019.01.001,2019,Zeitschrift fur medizinische Physik,SHARQnet - Sophisticated harmonic artifact reduction in quantitative susceptibility mapping using a deep convolutional neural network,Algorithmic / methodological reconstruction study,,,Artifacts (aliasing/ghosting/Gibbs);Robustness / distribution shift,7T,"Qnet, was trained on simulated background fields and tested on 3T and 7T brain datasets. We show that SHARQnet outperforms current background",,Stated ground truth (unspecified),,yes,full text,2019 - SHARQnet - Sophisticated harmonic artifact reduction in quantitative susceptibility mapping using a deep convolutional n - PMID 30773331.md
S025,31946482,10.1109/embc.2019.8857125,2019,Annual International Conference of the IEEE Engineering in Medicine and Biology Society. IEEE Engineering in Medicine and Biology Society. Annual International Conference,Super-Resolution Diffusion Tensor Imaging using SRCNN: A Feasibility Study,Algorithmic / methodological reconstruction study,Generative (GAN/diffusion/VAE);Super-resolution,,Geometric / anatomical distortion;Robustness / distribution shift,3T,healthy volunteers. The diffusion images were acquired on a Siemens 3T Prisma scanner using a single-shot spin-echo echo- planar imaging wit,DWI,Stated ground truth (unspecified),,yes,full text,2019 - Super-Resolution Diffusion Tensor Imaging using SRCNN A Feasibility Study. - PMID 31946482.md
S026,32054615,10.3174/ajnr.a6436,2020,AJNR. American journal of neuroradiology,Correction of Motion Artifacts Using a Multiscale Fully Convolutional Neural Network,Diagnostic accuracy / reader study,Motion correction,Pixel-wise metrics (PSNR/SSIM/NRMSE);Observer / reader study,Artifacts (aliasing/ghosting/Gibbs);Motion degradation,3T,"). All scans had been per- formed at a single institution on 1 of two 3T MRI scanners (both Ingenia; Philips, Best, the Netherlands) and consi",T2w,Stated ground truth (unspecified),,not stated,full text,2020 - Correction of Motion Artifacts Using a Multiscale Fully Convolutional Neural Network. - PMID 32054615.md
S027,32890675,10.1016/j.mri.2020.08.025,2020,Magnetic resonance imaging,Diagnostic quality assessment of IR-prepared 3D magnetic resonance neuroimaging accelerated using compressed sensing and k-space sampling order optimization,Diagnostic accuracy / reader study,Compressed sensing / parallel imaging,Observer / reader study,Artifacts (aliasing/ghosting/Gibbs),1.5T,Inversion Recovery (IR) prepared 3D Gradient Echo (GRE) sequence on a 1.5 T GE Signa HDx scanner. ASSESSMENT: Independent radiological diagnosti,,Fully sampled acquisition,,not stated,abstract + MeSH only,2020 - Diagnostic quality assessment of IR-prepared 3D magnetic resonance neuroimaging accelerated using compressed sensing and - PMID 32890675.md
S028,32408291,10.1088/1361-6560/ab9356,2020,Physics in medicine and biology,Investigating the challenges and generalizability of deep learning brain conductivity mapping,Algorithmic / methodological reconstruction study,,,Artifacts (aliasing/ghosting/Gibbs);Robustness / distribution shift,3T,id for 2 ### Page 5 Phys. Med. Biol. 65 (2020) 135001 N Hampe et al 3 T MRI) allows for phase-based conductivity mapping: σ = ∆φ+ µ0ω (1) wit,,Stated ground truth (unspecified),,not stated,full text,2020 - Investigating the challenges and generalizability of deep learning brain conductivity mapping. - PMID 32408291.md
S029,32299803,10.3174/ajnr.a6533,2020,AJNR. American journal of neuroradiology,Synthetic MRI of Preterm Infants at Term-Equivalent Age: Evaluation of Diagnostic Image Quality and Automated Brain Volume Segmentation,Algorithmic / methodological reconstruction study,,,Artifacts (aliasing/ghosting/Gibbs);Robustness / distribution shift,3T,"6 1week. MR Imaging Acquisition All examinations were performed on a 3T Ingenia MR imaging scanner (Philips Healthcare, Best, the Netherlands",T1w,Expert reader consensus,,not stated,full text,2020 - Synthetic MRI of Preterm Infants at Term-Equivalent Age Evaluation of Diagnostic Image Quality and Automated Brain Volum - PMID 32299803.md
S030,33592248,10.1016/j.mri.2021.02.002,2021,Magnetic resonance imaging,APIR4EMC: Autocalibrated parallel imaging reconstruction for extended multi-contrast imaging,Algorithmic / methodological reconstruction study,Compressed sensing / parallel imaging,Pixel-wise metrics (PSNR/SSIM/NRMSE);Uncertainty estimation,Artifacts (aliasing/ghosting/Gibbs),3T,"oard approval and informed consent. The images were ac­ quired with a 3T clinical scanner (Discovery MR750, General Electric Medical Systems,",T2w;FLAIR,Fully sampled acquisition,,not stated,full text,2021 - APIR4EMC Autocalibrated parallel imaging reconstruction for extended multi-contrast imaging. - PMID 33592248.md
S031,33858820,10.3174/ajnr.a7091,2021,AJNR. American journal of neuroradiology,Acceleration of Brain TOF-MRA with Compressed Sensitivity Encoding: A Multicenter Clinical Study,Algorithmic / methodological reconstruction study,Compressed sensing / parallel imaging,,Artifacts (aliasing/ghosting/Gibbs),3T,ols Each participant was scanned head-first in the supine position at 3T (Ingenia CX; Philips Healthcare) at 1 of the 5 centers where the MR i,T1w;T2w;FLAIR;DWI;SWI,Expert reader consensus,,not stated,full text,2021 - Acceleration of Brain TOF-MRA with Compressed Sensitivity Encoding A Multicenter Clinical Study. - PMID 33858820.md
S032,34911199,10.1016/j.nicl.2021.102896,2021,NeuroImage. Clinical,Assessing the utility of low resolution brain imaging: treatment of infant hydrocephalus,Algorithmic / methodological reconstruction study,,,,3T,ous Fig. 1. A comparison of the image quality between a high-field (3T) and a low-field (0.05 T) image of the brain of the same volunteer,T1w,Stated ground truth (unspecified),,not stated,full text,2021 - Assessing the utility of low resolution brain imaging treatment of infant hydrocephalus. - PMID 34911199.md
S033,33810289,10.3390/s21072314,2021,"Sensors (Basel, Switzerland)",Correcting Susceptibility Artifacts of MRI Sensors in Brain Scanning: A 3D Anatomy-Guided Deep Learning Approach,Algorithmic / methodological reconstruction study,,,Artifacts (aliasing/ghosting/Gibbs);Geometric / anatomical distortion,3T,"Datasets To evaluate the SAC methods, we used four EPI datasets (fMRI-3T, DWI-3T, fMRI-7T, and DWI-7T), which are the unprocessed data of the",T1w;T2w;DWI,Not stated,HCP;Human Connectome;hcp;human connectome,yes,full text,2021 - Correcting Susceptibility Artifacts of MRI Sensors in Brain Scanning A 3D Anatomy-Guided Deep Learning Approach. - PMID 33810289.md
S034,34824098,10.3174/ajnr.a7358,2021,AJNR. American journal of neuroradiology,"Deep Learning Enables 60% Accelerated Volumetric Brain MRI While Preserving Quantitative Performance: A Prospective, Multicenter, Multireader Trial",Diagnostic accuracy / reader study,,Observer / reader study,Artifacts (aliasing/ghosting/Gibbs),not reported,,,Expert reader consensus,,not stated,abstract + MeSH only,"2021 - Deep Learning Enables 60% Accelerated Volumetric Brain MRI While Preserving Quantitative Performance A Prospective, Mult - PMID 34824098.md"
S035,32963184,10.2463/mrms.tn.2020-0061,2021,Magnetic resonance in medical sciences : MRMS : an official journal of Japan Society of Magnetic Resonance in Medicine,Deep Learning-based Noise Reduction for Fast Volume Diffusion Tensor Imaging: Assessing the Noise Reduction Effect and Reliability of Diffusion Metrics,Algorithmic / methodological reconstruction study,Generative (GAN/diffusion/VAE);Denoising,,,3T,"MRI data acquisition. MRI acquisition All scans were performed on a 3T whole-body scanner (Vantage Galan 3T / ZGO; Canon Medical Systems, T",DWI,Expert reader consensus,,not stated,full text,2021 - Deep Learning-based Noise Reduction for Fast Volume Diffusion Tensor Imaging Assessing the Noise Reduction Effect and Re - PMID 32963184.md
S036,,10.1038/s41598-020-80930-w,2021,Scientific Reports,Deep learning-Based 3D inpainting of brain MR images,Algorithmic / methodological reconstruction study,Compressed sensing / parallel imaging,Perceptual / learned metrics,Hallucination / fidelity / instability,3T,"d 3D MR images of the subjects were obtained using a PET/MRI scanner (3-T, Biograph mMR, Siemens, Knoxville, Tennessee, USA). The imaging para",T1w;FLAIR;SWI,Conventional/standard-of-care acquisition,ADNI,not stated,full text,2021 - Deep learning-Based 3D inpainting of brain MR images - SPRINGER 10.1038_s41598-020-80930-w.md
S037,34455242,10.1016/j.neuroimage.2021.118482,2021,NeuroImage,Deep learning-based parameter estimation in fetal diffusion-weighted MRI,Algorithmic / methodological reconstruction study,Generative (GAN/diffusion/VAE),,Motion degradation;Robustness / distribution shift,3T,"(n = 15), Prisma (n = 3), and Trio (n = 2) scanners. These were all 3T scanners. The scans were acquired at three different sites in Massach",DWI;SWI,Stated ground truth (unspecified),Human Connectome;human connectome,yes,full text,2021 - Deep learning-based parameter estimation in fetal diffusion-weighted MRI. - PMID 34455242.md
S038,33502667,10.1007/s10334-020-00906-9,2021,"Magma (New York, N.Y.)",Effect of MRI acquisition acceleration via compressed sensing and parallel imaging on brain volumetry,Algorithmic / methodological reconstruction study,Compressed sensing / parallel imaging,,,3T,"protocol as specified below. MRI protocol Imaging was performed on a 3 T MRI scanner (Philips Ingenia, Philips, Best, The Netherlands) using",T1w,Expert reader consensus,ADNI,yes,full text,2021 - Effect of MRI acquisition acceleration via compressed sensing and parallel imaging on brain volumetry. - PMID 33502667.md
S039,32783339,10.1002/mrm.28446,2021,Magnetic resonance in medicine,RUN-UP: Accelerated multishot diffusion-weighted MRI reconstruction using an unrolled network with U-Net as priors,Algorithmic / methodological reconstruction study,Physics-based / unrolled;Generative (GAN/diffusion/VAE),,Artifacts (aliasing/ghosting/Gibbs);Robustness / distribution shift,3T,"informed consent from research participants, data were acquired on a 3 T MR750 scanner (GE Healthcare, Waukesha, WI) using a 32-channel head",DWI,Stated ground truth (unspecified),,not stated,full text,2021 - RUN-UP Accelerated multishot diffusion-weighted MRI reconstruction using an unrolled network with U-Net as priors. - PMID 32783339.md
S040,,10.1109/tmi.2021.3075856,2021,IEEE Transactions on Medical Imaging,Results of the 2020 fastMRI Challenge for Machine Learning MR Image Reconstruction,Diagnostic accuracy / reader study,Compressed sensing / parallel imaging,Pixel-wise metrics (PSNR/SSIM/NRMSE);Observer / reader study,,3T,"al for this paper. It includes 6,970 scans (3,001 at 1.5 T, 3,969 at 3 T) collected at NYU Langone Health on Siemens scanners using T1, T1 po",FLAIR,Fully sampled acquisition,fastMRI;fastmri,yes,full text,2021 - Results of the 2020 fastMRI Challenge for Machine Learning MR Image Reconstruction - IEEEXPLORE 9420272.md
S041,33460797,10.1016/j.neuroimage.2021.117756,2021,NeuroImage,Retrospective motion artifact correction of structural MRI images using deep learning improves the quality of cortical surface reconstructions,Algorithmic / methodological reconstruction study,Motion correction,,Artifacts (aliasing/ghosting/Gibbs);Motion degradation,not reported,,T1w,Stated ground truth (unspecified),ADNI;BRATS;BRATs;HCP;Human Connectome;adni,yes,full text,2021 - Retrospective motion artifact correction of structural MRI images using deep learning improves the quality of cortical s - PMID 33460797.md
S042,34698294,10.3390/tomography7040047,2021,"Tomography (Ann Arbor, Mich.)",Simultaneous Multislice Brain MRI T1 Mapping with Improved Low-Rank Modeling,Algorithmic / methodological reconstruction study,,,Artifacts (aliasing/ghosting/Gibbs),3T,"tion and recovery, respectively. The proposed method was validated on 3T MR human brain scans. We successfully demonstrated that the proposed",,Fully sampled acquisition,,not stated,full text,2021 - Simultaneous Multislice Brain MRI T1 Mapping with Improved Low-Rank Modeling. - PMID 34698294.md
S043,33368705,10.1002/nbm.4461,2021,NMR in biomedicine,xQSM: quantitative susceptibility mapping with octave convolutional and noise-regularized neural networks,Algorithmic / methodological reconstruction study,,Pixel-wise metrics (PSNR/SSIM/NRMSE),Robustness / distribution shift,3T,OSMOS map reconstructed from ﬁve head orientations (1 mm isotropic at 3T). (ii) Four local ﬁeld maps of two contrast levels and two noise lev,T1w,Stated ground truth (unspecified),,yes,full text,2021 - xQSM quantitative susceptibility mapping with octave convolutional and noise-regularized neural networks. - PMID 33368705.md
S044,36240989,10.1016/j.neuroimage.2022.119680,2022,NeuroImage,A unified model for reconstruction and R2* mapping of accelerated 7T data using the quantitative recurrent inference machine,Algorithmic / methodological reconstruction study,Physics-based / unrolled;Compressed sensing / parallel imaging,,,7T,A unified model for reconstruction and R2* mapping of accelerated 7T data using the quantitative recurrent inference machine. Quantitative,SWI,Fully sampled acquisition,fastMRI,yes,full text,2022 - A unified model for reconstruction and R2 mapping of accelerated 7T data using the quantitative recurrent inference mach - PMID 36240989.md
S045,,10.1109/tci.2022.3176129,2022,IEEE Transactions on Computational Imaging,Alternating Learning Approach for Variational Networks and Undersampling Pattern in Parallel MRI Applications,Algorithmic / methodological reconstruction study,Physics-based / unrolled;Compressed sensing / parallel imaging,Pixel-wise metrics (PSNR/SSIM/NRMSE),Artifacts (aliasing/ghosting/Gibbs),not reported,,T2w,Fully sampled acquisition,fastMRI,not stated,full text,2022 - Alternating Learning Approach for Variational Networks and Undersampling Pattern in Parallel MRI Applications - IEEEXPLORE 9779482.md
S046,35925387,10.1007/s00330-022-08871-8,2022,European radiology,Clinical validation of Wave-CAIPI susceptibility-weighted imaging for routine brain MRI at 1.5 T,Diagnostic accuracy / reader study,Compressed sensing / parallel imaging;Motion correction,Observer / reader study,Artifacts (aliasing/ghosting/Gibbs);Motion degradation;Robustness / distribution shift,1.5T,f Wave-CAIPI susceptibility-weighted imaging for routine brain MRI at 1.5 T. OBJECTIVES: Wave-CAIPI (Controlled Aliasing in Parallel Imaging) ena,SWI,Expert reader consensus,,not stated,full text,2022 - Clinical validation of Wave-CAIPI susceptibility-weighted imaging for routine brain MRI at 1.5 T. - PMID 35925387.md
S047,35291425,10.1155/2022/6270700,2022,Contrast media & molecular imaging,Deep Learning-Based Diffusion-Weighted Magnetic Resonance Imaging in the Diagnosis of Ischemic Penumbra in Early Cerebral Infarction,Algorithmic / methodological reconstruction study,Generative (GAN/diffusion/VAE);Denoising,Pixel-wise metrics (PSNR/SSIM/NRMSE),Artifacts (aliasing/ghosting/Gibbs);Motion degradation,not reported,,T1w;T2w;DWI;SWI,Expert reader consensus,,not stated,full text,2022 - Deep Learning-Based Diffusion-Weighted Magnetic Resonance Imaging in the Diagnosis of Ischemic Penumbra in Early Cerebra - PMID 35291425.md
S048,36651242,10.12122/j.issn.1673-4254.2022.12.02,2022,Nan fang yi ke da xue xue bao = Journal of Southern Medical University,[Deep parallel MRI reconstruction based on a complex-valued loss function],Algorithmic / methodological reconstruction study,,Pixel-wise metrics (PSNR/SSIM/NRMSE),Artifacts (aliasing/ghosting/Gibbs),3T,MRI 数据：脑部磁共振图像（ Brain MRIs ）和膝盖磁共振图像 （ Knee MRIs ）。 Brain MRIs 使用包括 3T Prisma 和 1.5T Avanto 在 内的 11 种磁共振机型获取了 5 个临床位置的脑部 MR 图像，并分成了训练、验证、测试,,Expert reader consensus,FastMRI;fastMRI,not stated,full text,2022 - Deep parallel MRI reconstruction based on a complex-valued loss function . - PMID 36651242.md
S049,35644448,10.1016/j.mri.2022.05.016,2022,Magnetic resonance imaging,EPI susceptibility correction introduces significant differences far from local areas of high distortion,Algorithmic / methodological reconstruction study,Generative (GAN/diffusion/VAE),,Artifacts (aliasing/ghosting/Gibbs);Hallucination / fidelity / instability;Geometric / anatomical distortion,3T,cal history. 2.2. Image acquisition All imaging was collected using a 3 T Philips Achieva system. T1-weighted anatomical images were acquired,T1w;DWI,Expert reader consensus,HCP,not stated,full text,2022 - EPI susceptibility correction introduces significant differences far from local areas of high distortion. - PMID 35644448.md
S050,36523647,10.1148/ryai.210313,2022,Radiology. Artificial intelligence,Exploring the Acceleration Limits of Deep Learning Variational Network-based Two-dimensional Brain MRI,Diagnostic accuracy / reader study,Compressed sensing / parallel imaging,Pixel-wise metrics (PSNR/SSIM/NRMSE);Observer / reader study,Robustness / distribution shift,3T,"IR im- aging were 250/2.43, 6000/113, and 9000/81, respectively, for 3-T MRI, and 461/9.4, 5120/102, and 9000/86, respectively, for 1.5-T MRI",T1w;T2w;FLAIR,Fully sampled acquisition,fastMRI,yes,full text,2022 - Exploring the Acceleration Limits of Deep Learning Variational Network-based Two-dimensional Brain MRI. - PMID 36523647.md
S051,35618420,10.3174/ajnr.a7531,2022,AJNR. American journal of neuroradiology,Image-Quality Assessment of 3D Intracranial Vessel Wall MRI Using DANTE or DANTE-CAIPI for Blood Suppression and Imaging Acceleration,Algorithmic / methodological reconstruction study,Compressed sensing / parallel imaging,,Artifacts (aliasing/ghosting/Gibbs);Motion degradation,3T,l diagnoses. ### Image Acquisition All imaging was performed on a 3T Prisma MR imaging system (Siemens) using a 64-channel neurovascular c,T1w,Expert reader consensus,,not stated,full text,2022 - Image-Quality Assessment of 3D Intracranial Vessel Wall MRI Using DANTE or DANTE-CAIPI for Blood Suppression and Imaging - PMID 35618420.md
S052,34851499,10.1007/s11604-021-01225-2,2022,Japanese journal of radiology,Impact of deep learning reconstruction on intracranial 1.5 T magnetic resonance angiography,Diagnostic accuracy / reader study,,Observer / reader study,Artifacts (aliasing/ghosting/Gibbs),1.5T,Impact of deep learning reconstruction on intracranial 1.5 T magnetic resonance angiography. PURPOSE: The purpose of this study wa,,Expert reader consensus,,not stated,full text,2022 - Impact of deep learning reconstruction on intracranial 1.5 T magnetic resonance angiography. - PMID 34851499.md
S053,35046218,10.6009/jjrt.780108,2022,Nihon Hoshasen Gijutsu Gakkai zasshi,[Improvement of Motion Artifacts in Brain MRI Using Deep Learning by Simulation Training Data],Algorithmic / methodological reconstruction study,Denoising;Motion correction,Pixel-wise metrics (PSNR/SSIM/NRMSE),Artifacts (aliasing/ghosting/Gibbs);Motion degradation,1.5T,"はPyTorch を使用し，オペレー ティングシステムはWindows 10 である． 1-2 画像収集条件 MR 装置はIngenia 1.5T R5.6（Philips Healthcare, Best, The Netherlands），頭部用受信コイルはdStream Hea",T1w;T2w;FLAIR,Stated ground truth (unspecified),,not stated,full text,2022 - Improvement of Motion Artifacts in Brain MRI Using Deep Learning by Simulation Training Data . - PMID 35046218.md
S054,35180675,10.1016/j.media.2022.102387,2022,Medical image analysis,Learning residual motion correction for fast and robust 3D multiparametric MRI,Algorithmic / methodological reconstruction study,Physics-based / unrolled;Motion correction,,Artifacts (aliasing/ghosting/Gibbs);Motion degradation;Robustness / distribution shift,3T,or the example of 3D Quantitative Transient-state Imaging at 1.5T and 3T. We show the robustness of the motion correction for various motion r,DWI,Fully sampled acquisition,,yes,full text,2022 - Learning residual motion correction for fast and robust 3D multiparametric MRI. - PMID 35180675.md
S055,35657830,10.1109/tmi.2022.3179981,2022,IEEE transactions on medical imaging,MOdel-Based SyntheTic Data-Driven Learning (MOST-DL): Application in Single-Shot T2 Mapping With Severe Head Motion Using Overlapping-Echo Acquisition,Algorithmic / methodological reconstruction study,Motion correction,Uncertainty estimation,Artifacts (aliasing/ghosting/Gibbs);Motion degradation;Robustness / distribution shift,not reported,,,Not stated,,yes,abstract + MeSH only,2022 - MOdel-Based SyntheTic Data-Driven Learning (MOST-DL) Application in Single-Shot T2 Mapping With Severe Head Motion Using - PMID 35657830.md
S056,35403237,10.1002/mrm.29238,2022,Magnetic resonance in medicine,Mitigating transmit-B1 artifacts by predicting parallel transmission images with deep learning: A feasibility study using high-resolution whole-brain diffusion at 7 Tesla,Algorithmic / methodological reconstruction study,Generative (GAN/diffusion/VAE),,Artifacts (aliasing/ghosting/Gibbs);Robustness / distribution shift,7T,g: A feasibility study using high-resolution whole-brain diffusion at 7 Tesla. PURPOSE: To propose a novel deep learning (DL) approach to transmit-,T1w;DWI,Expert reader consensus,HCP;Human Connectome;fastMRI;human Connectome;human connectome,yes,full text,2022 - Mitigating transmit-B1 artifacts by predicting parallel transmission images with deep learning A feasibility study using - PMID 35403237.md
S057,36103561,10.1371/journal.pone.0274576,2022,PloS one,Motion correction in MR image for analysis of VSRAD using generative adversarial network,Algorithmic / methodological reconstruction study,Compressed sensing / parallel imaging;Motion correction,,Artifacts (aliasing/ghosting/Gibbs);Motion degradation,3T,"/journal.pone.0274576.g001 Whole brain images were acquired using a 3.0 Tesla clinical MRI scanner (MAGNETOM, Skyra, Siemens AG, Healthcare Sector,",T1w,Expert reader consensus,ADNI,not stated,full text,2022 - Motion correction in MR image for analysis of VSRAD using generative adversarial network. - PMID 36103561.md
S058,,10.1002/nbm.4616,2022,NMR in Biomedicine,Quantitative effects of off-resonance related distortion on brain mechanical property estimation with magnetic resonance elastography,Algorithmic / methodological reconstruction study,Compressed sensing / parallel imaging,,Artifacts (aliasing/ghosting/Gibbs);Geometric / anatomical distortion,3T,. Two MRE experiments were performed on the phantom using a Siemens 3T Prisma scanner with a 64-channel RF-receive coil. The first experimen,T1w;DWI;SWI,Stated ground truth (unspecified),,yes,full text,2022 - Quantitative effects of off-resonance related distortion on brain mechanical property estimation with magnetic resonance - SCOPUS 2-s2.0-85115052773.md
S059,,10.1038/s41598-022-22778-w,2022,Scientific Reports,Quantitative susceptibility mapping using plug-and-play alternating direction method of multipliers,Diagnostic accuracy / reader study,Denoising,Pixel-wise metrics (PSNR/SSIM/NRMSE);Observer / reader study,Artifacts (aliasing/ghosting/Gibbs),3T,"ir reconstructions. The 3D gradient echo (GRE) data was acquired on a 3 T scanner (Tim Trio Model; Siemens Healthcare; Erlangen, Germany) equip",T1w;FLAIR;SWI,Expert reader consensus,,not stated,full text,2022 - Quantitative susceptibility mapping using plug-and-play alternating direction method of multipliers - SPRINGER 10.1038_s41598-022-22778-w.md
S060,,10.1109/tmi.2022.3142610,2022,IEEE Transactions on Medical Imaging,Scan-Specific Generative Neural Network for MRI Super-Resolution Reconstruction,Algorithmic / methodological reconstruction study,Generative (GAN/diffusion/VAE);Super-resolution;Motion correction,,Artifacts (aliasing/ghosting/Gibbs);Motion degradation,3T,"g time. To this end, we acquired a dataset from fifteen patients on a 3T MRI scanner. For each patient, three T2 TSE LR images were acquired i",T1w;T2w;DWI,Stated ground truth (unspecified),HCP;Human Connectome;human connectome,not stated,full text,2022 - Scan-Specific Generative Neural Network for MRI Super-Resolution Reconstruction - IEEEXPLORE 9678968.md
S061,34166181,10.1109/tbme.2021.3091881,2022,IEEE transactions on bio-medical engineering,Spatiotemporal Flexible Sparse Reconstruction for Rapid Dynamic Contrast-Enhanced MRI,Algorithmic / methodological reconstruction study,Compressed sensing / parallel imaging,,Motion degradation;Robustness / distribution shift,3T,"urces/software. The first and the second datasets were acquired on a 3 Tesla MRI Scanners (Siemens AG, Erlangen, Germany) with a 12-channel coil",,Fully sampled acquisition,,not stated,full text,2022 - Spatiotemporal Flexible Sparse Reconstruction for Rapid Dynamic Contrast-Enhanced MRI. - PMID 34166181.md
S062,31865624,10.1002/nbm.4225,2022,NMR in biomedicine,Suppressing motion artefacts in MRI using an Inception-ResNet network with motion simulation augmentation,Algorithmic / methodological reconstruction study,Motion correction,Pixel-wise metrics (PSNR/SSIM/NRMSE),Artifacts (aliasing/ghosting/Gibbs);Motion degradation,7T,ovement using highly accelerated fat image navigators (3D FatNavs) at 7T. Magn. Reson. Med. 2016;75:1030–1039. doi: 10.1002/mrm.25670. 14. M,T1w;SWI,Stated ground truth (unspecified),,not stated,full text,2022 - Suppressing motion artefacts in MRI using an Inception-ResNet network with motion simulation augmentation. - PMID 31865624.md
S063,34882551,10.1109/tmi.2021.3134496,2022,IEEE transactions on medical imaging,Unsupervised Deep Learning for FOD-Based Susceptibility Distortion Correction in Diffusion MRI,Algorithmic / methodological reconstruction study,Generative (GAN/diffusion/VAE),Pixel-wise metrics (PSNR/SSIM/NRMSE),Artifacts (aliasing/ghosting/Gibbs);Geometric / anatomical distortion,3T,resolution of 1.25 mm. The data from HCLV project was acquired on a 3T Prisma scanner and based on the LifeSpan protocol of HCP. There are t,T1w;T2w;DWI,Stated ground truth (unspecified),HCP;Human Connectome,yes,full text,2022 - Unsupervised Deep Learning for FOD-Based Susceptibility Distortion Correction in Diffusion MRI. - PMID 34882551.md
S064,37384951,10.1016/j.media.2023.102872,2023,Medical image analysis,Adaptive diffusion priors for accelerated MRI reconstruction,Algorithmic / methodological reconstruction study,Generative (GAN/diffusion/VAE);Compressed sensing / parallel imaging,,Hallucination / fidelity / instability;Robustness / distribution shift,not reported,,T1w;T2w;FLAIR,Fully sampled acquisition,IXI;fastMRI;ixi,yes,full text,2023 - Adaptive diffusion priors for accelerated MRI reconstruction. - PMID 37384951.md
S065,36702502,10.3174/ajnr.a7777,2023,AJNR. American journal of neuroradiology,Clinical Evaluation of Scout Accelerated Motion Estimation and Reduction Technique for 3D MR Imaging in the Inpatient and Emergency Department Settings,Diagnostic accuracy / reader study,Motion correction,Observer / reader study,Artifacts (aliasing/ghosting/Gibbs);Motion degradation,3T,ngs were included in this study. The examinations were performed on a 3T MR imag- ing system (Magnetom Skyra; Siemens) by using either a 20- c,T1w;FLAIR,Expert reader consensus,,not stated,full text,2023 - Clinical Evaluation of Scout Accelerated Motion Estimation and Reduction Technique for 3D MR Imaging in the Inpatient an - PMID 36702502.md
S066,,10.1007/s00062-023-01261-7,2023,Clinical Neuroradiology,Comparison of EPI DWI and STEAM DWI in Early Postoperative MRI Controls After Resection of Tumors of the Central Nervous System,Algorithmic / methodological reconstruction study,Generative (GAN/diffusion/VAE);Compressed sensing / parallel imaging,,Artifacts (aliasing/ghosting/Gibbs);Robustness / distribution shift,3T,**Methods** We compared EPI and STEAM DWI of 43 patients who received 3-Tesla MRI within 72h after a neurosurgical operation between 1 October 2019,T1w;T2w;DWI,Expert reader consensus,,not stated,full text,2023 - Comparison of EPI DWI and STEAM DWI in Early Postoperative MRI Controls After Resection of Tumors of the Central Nervous - SPRINGER 10.1007_s00062-023-01261-7.md
S067,,10.48550/arxiv.2305.00088,2023,arXiv.org,DD-CISENet: Dual-Domain Cross-Iteration Squeeze and Excitation Network for Accelerated MRI Reconstruction,Algorithmic / methodological reconstruction study,Compressed sensing / parallel imaging,,Artifacts (aliasing/ghosting/Gibbs),not reported,,,Fully sampled acquisition,fastMRI;fastmri,yes,partial full text (truncated),2023 - DD-CISENet Dual-Domain Cross-Iteration Squeeze and Excitation Network for Accelerated MRI Reconstruction - SEMANTICSCHOLAR ce78239f940be85d2d81ce9c3f53642eb3a6ecb4.md
S068,37797482,10.1016/j.media.2023.102942,2023,Medical image analysis,"Deep learning, data ramping, and uncertainty estimation for detecting artifacts in large, imbalanced databases of MRI images",Algorithmic / methodological reconstruction study,,Uncertainty estimation,Artifacts (aliasing/ghosting/Gibbs),not reported,,,Not stated,,not stated,abstract + MeSH only,"2023 - Deep learning, data ramping, and uncertainty estimation for detecting artifacts in large, imbalanced databases of MRI im - PMID 37797482.md"
S069,36433748,10.1002/mp.16119,2023,Medical physics,Deep learning-based motion quantification from k-space for fast model-based magnetic resonance imaging motion correction,Algorithmic / methodological reconstruction study,Physics-based / unrolled;Compressed sensing / parallel imaging;Motion correction,Pixel-wise metrics (PSNR/SSIM/NRMSE),Motion degradation;Hallucination / fidelity / instability;Robustness / distribution shift,3T,"MAGNETOM scanners (Siemens Healthcare, Erlangen, Germany) at 1.5 and 3 T and NC between 12 and 64. All acquisitions were in compliance with In",T1w;T2w,Stated ground truth (unspecified),,yes,full text,2023 - Deep learning-based motion quantification from k-space for fast model-based magnetic resonance imaging motion correction - PMID 36433748.md
S070,36867912,10.1016/j.media.2023.102744,2023,Medical image analysis,Diffusion MRI data analysis assisted by deep learning synthesized anatomical images (DeepAnat),Algorithmic / methodological reconstruction study,Generative (GAN/diffusion/VAE),,Motion degradation;Geometric / anatomical distortion;Robustness / distribution shift,3T,H data). The whole-brain diffusion data and T1w data were acquired on 3-Tesla (3T) MRI scanners using a pulsed gradient spin echo (PGSE) sequence a,T1w;T2w;FLAIR;DWI,Expert reader consensus,ADNI;HCP;Human Connectome;UK Biobank,yes,full text,2023 - Diffusion MRI data analysis assisted by deep learning synthesized anatomical images (DeepAnat). - PMID 36867912.md
S071,37125656,10.1002/mrm.29684,2023,Magnetic resonance in medicine,Distortion-corrected image reconstruction with deep learning on an MRI-Linac,Algorithmic / methodological reconstruction study,Physics-based / unrolled;Compressed sensing / parallel imaging,Pixel-wise metrics (PSNR/SSIM/NRMSE),Geometric / anatomical distortion,3T,", TE/TR = 86 ms/10.2 s, and phase encoding direction: R/L. A clinical 3T MRI scanner (Siemens Skyra with 50 cm diameter of spherical volume [D",T1w,Fully sampled acquisition,ADNI,yes,full text,2023 - Distortion-corrected image reconstruction with deep learning on an MRI-Linac. - PMID 37125656.md
S072,37058493,10.1371/journal.pone.0284440,2023,PloS one,Effect of geometric distortion correction on thickness and volume measurements of cortical parcellations in 3D T1w gradient echo sequences,Algorithmic / methodological reconstruction study,,,Geometric / anatomical distortion,3T,"AL AND METHODS: 36 healthy volunteers underwent brain imaging using a 3T magnetic resonance imaging (MRI) scanner, including a high-resolution",T1w,Expert reader consensus,,yes,full text,2023 - Effect of geometric distortion correction on thickness and volume measurements of cortical parcellations in 3D T1w gradi - PMID 37058493.md
S073,37237139,10.1038/s41598-023-35794-1,2023,Scientific reports,Evaluation of motion artefact reduction depending on the artefacts' directions in head MRI using conditional generative adversarial networks,Algorithmic / methodological reconstruction study,Generative (GAN/diffusion/VAE),Pixel-wise metrics (PSNR/SSIM/NRMSE),Artifacts (aliasing/ghosting/Gibbs);Motion degradation;Robustness / distribution shift,1.5T,"imulated motion images. In these datasets, MR images using an Ingenia 1.5T R5.6 (Philips Healthcare, Best, the Netherlands) and a dStream receiv",T2w;SWI,Stated ground truth (unspecified),,not stated,full text,2023 - Evaluation of motion artefact reduction depending on the artefacts' directions in head MRI using conditional generative - PMID 37237139.md
S074,37284977,10.1007/s12021-023-09635-5,2023,Neuroinformatics,Geometric Reliability of Super-Resolution Reconstructed Images from Clinical Fetal MRI in the Second Trimester,Algorithmic / methodological reconstruction study,Super-resolution,,Artifacts (aliasing/ghosting/Gibbs);Robustness / distribution shift,3T,"f data. MRI Data Fetal MR data were acquired with an Achieva d-Stream 3T Philips scanner (Best, The Netherlands) using a phased- array abdomi",T2w,Expert reader consensus,,yes,full text,2023 - Geometric Reliability of Super-Resolution Reconstructed Images from Clinical Fetal MRI in the Second Trimester. - PMID 37284977.md
S075,36106429,10.1002/nbm.4831,2023,NMR in biomedicine,"High-fidelity, high-spatial-resolution diffusion magnetic resonance imaging of ex vivo whole human brain at ultra-high gradient strength with structured low-rank echo-planar imaging ghost correction",Algorithmic / methodological reconstruction study,Generative (GAN/diffusion/VAE);Compressed sensing / parallel imaging,,Artifacts (aliasing/ghosting/Gibbs),3T,"n brain specimens using strong diffusion-sensitizing gradients on the 3-T Connectom MRI scanner, resulting in orientationally biased dMRI estim",DWI,Stated ground truth (unspecified),Human Connectome;human connectome,not stated,full text,"2023 - High-fidelity, high-spatial-resolution diffusion magnetic resonance imaging of ex vivo whole human brain at ultra-high g - PMID 36106429.md"
S076,37010811,10.1002/mrm.29647,2023,Magnetic resonance in medicine,Highly accelerated intracranial time-of-flight magnetic resonance angiography using wave-encoding,Algorithmic / methodological reconstruction study,Compressed sensing / parallel imaging,Pixel-wise metrics (PSNR/SSIM/NRMSE),Artifacts (aliasing/ghosting/Gibbs),3T,ng wave (CS-wave). METHODS: A wave-TOF sequence was implemented on a 3 T clinical scanner. Wave-encoded and Cartesian k-space datasets from si,T1w;SWI,Fully sampled acquisition,,yes,full text,2023 - Highly accelerated intracranial time-of-flight magnetic resonance angiography using wave-encoding. - PMID 37010811.md
S077,37784039,10.1186/s12880-023-01109-z,2023,BMC medical imaging,"Improving MR image quality with a multi-task model, using convolutional losses",Algorithmic / methodological reconstruction study,Super-resolution,Pixel-wise metrics (PSNR/SSIM/NRMSE);Perceptual / learned metrics,Artifacts (aliasing/ghosting/Gibbs);Motion degradation;Hallucination / fidelity / instability,3T,"**_Datasets_** **Brain** The public dataset contains 3 969 scans of 3T brain MR images [29, 30] of size 320 × 320 , introduced for the fastM",T2w,Fully sampled acquisition,FastMRI;fastMRI,not stated,full text,"2023 - Improving MR image quality with a multi-task model, using convolutional losses. - PMID 37784039.md"
S078,36856903,10.1007/s10278-022-00697-6,2023,Journal of digital imaging,Multi-Modal Brain Tumor Data Completion Based on Reconstruction Consistency Loss,Algorithmic / methodological reconstruction study,Generative (GAN/diffusion/VAE),Pixel-wise metrics (PSNR/SSIM/NRMSE),Artifacts (aliasing/ghosting/Gibbs),not reported,,T1w;T2w;FLAIR,Stated ground truth (unspecified),BRATS;BraTs;brats,not stated,full text,2023 - Multi-Modal Brain Tumor Data Completion Based on Reconstruction Consistency Loss. - PMID 36856903.md
S079,37394534,10.1186/s41747-023-00351-y,2023,European radiology experimental,Optimized flow compensation for contrast-enhanced T1-weighted Wave-CAIPI 3D MPRAGE imaging of the brain,Algorithmic / methodological reconstruction study,Compressed sensing / parallel imaging,Uncertainty estimation,Artifacts (aliasing/ghosting/Gibbs),3T,"were scheduled for outpatient contrast-enhanced brain MRI exams on a 3-T MRI system (MAGNETOM Vida, Siemens Healthcare, Erlangen, Germany) dur",T1w;FLAIR;SWI,Expert reader consensus,,not stated,full text,2023 - Optimized flow compensation for contrast-enhanced T1-weighted Wave-CAIPI 3D MPRAGE imaging of the brain. - PMID 37394534.md
S080,,10.1007/978-3-031-46914-5_23,2023,Shape in Medical Imaging,SADIR: Shape-Aware Diffusion Models for 3D Image Reconstruction,Algorithmic / methodological reconstruction study,Generative (GAN/diffusion/VAE),,Artifacts (aliasing/ghosting/Gibbs),not reported,,T1w,Stated ground truth (unspecified),OASIS;Oasis,not stated,full text,2023 - SADIR Shape-Aware Diffusion Models for 3D Image Reconstruction - SPRINGER 10.1007_978-3-031-46914-5_23.md
S081,,10.1007/978-3-031-43999-5_47,2023,Medical Image Computing and Computer Assisted Intervention – MICCAI 2023,Self-supervised MRI Reconstruction with Unrolled Diffusion Models,Algorithmic / methodological reconstruction study,Physics-based / unrolled;Generative (GAN/diffusion/VAE);Compressed sensing / parallel imaging;Self-supervised / unsupervised,,Hallucination / fidelity / instability,not reported,,FLAIR,Fully sampled acquisition,IXI;fastMRI;ixi,yes,full text,2023 - Self-supervised MRI Reconstruction with Unrolled Diffusion Models - SPRINGER 10.1007_978-3-031-43999-5_47.md
S082,37285247,10.1109/tmi.2023.3283948,2023,IEEE transactions on medical imaging,Spatial-Intensity Transforms for Medical Image-to-Image Translation,Algorithmic / methodological reconstruction study,Generative (GAN/diffusion/VAE);Compressed sensing / parallel imaging,,Artifacts (aliasing/ghosting/Gibbs);Hallucination / fidelity / instability;Robustness / distribution shift,not reported,,T1w;FLAIR,Stated ground truth (unspecified),ADNI;adni,yes,full text,2023 - Spatial-Intensity Transforms for Medical Image-to-Image Translation. - PMID 37285247.md
S083,38167996,10.1002/mp.16918,2024,Medical physics,AI-based motion artifact severity estimation in undersampled MRI allowing for selection of appropriate reconstruction models,Algorithmic / methodological reconstruction study,Physics-based / unrolled;Compressed sensing / parallel imaging;Motion correction,Pixel-wise metrics (PSNR/SSIM/NRMSE),Artifacts (aliasing/ghosting/Gibbs);Motion degradation;Robustness / distribution shift,not reported,,T1w;T2w;FLAIR,Fully sampled acquisition,FastMRI;fastMRI,not stated,full text,2024 - AI-based motion artifact severity estimation in undersampled MRI allowing for selection of appropriate reconstruction mo - PMID 38167996.md
S084,,10.1038/s41598-024-59705-0,2024,Scientific Reports,Accelerated MRI reconstructions via variational network and feature domain learning,Diagnostic accuracy / reader study,Physics-based / unrolled;Compressed sensing / parallel imaging,Observer / reader study,Artifacts (aliasing/ghosting/Gibbs),not reported,,T1w;T2w;FLAIR,Fully sampled acquisition,FastMRI;fastMRI;fastmri,yes,full text,2024 - Accelerated MRI reconstructions via variational network and feature domain learning - SPRINGER 10.1038_s41598-024-59705-0.md
S085,,10.1109/access.2024.3408840,2024,IEEE Access,Adversarial Learning for MRI Reconstruction and Classification of Cognitively Impaired Individuals,Algorithmic / methodological reconstruction study,Generative (GAN/diffusion/VAE);Motion correction,Pixel-wise metrics (PSNR/SSIM/NRMSE),Artifacts (aliasing/ghosting/Gibbs);Motion degradation,3T,"d cognitive impairment (MCI) to Alzheimer’s disease (AD). We obtained 3-Tesla, T1-weighted brain MRIs of participants from the Alzheimer’s Disease",T1w,Fully sampled acquisition,ADNI,yes,full text,2024 - Adversarial Learning for MRI Reconstruction and Classification of Cognitively Impaired Individuals - IEEEXPLORE 10546982.md
S086,38400805,10.1002/jmri.29308,2024,Journal of magnetic resonance imaging : JMRI,Automated Quality Evaluation Index for Arterial Spin Labeling Derived Cerebral Blood Flow Maps,Diagnostic accuracy / reader study,,Observer / reader study,Artifacts (aliasing/ghosting/Gibbs),3T,FIELD STRENGTH/SEQUENCE: Pulsed or pseudocontinuous ASL acquired at 3 T using non-background suppressed 2D gradient-echo echoplanar imaging o,T1w,Expert reader consensus,ADNI;adni,not stated,full text,2024 - Automated Quality Evaluation Index for Arterial Spin Labeling Derived Cerebral Blood Flow Maps. - PMID 38400805.md
S087,38009996,10.1002/mrm.29937,2024,Magnetic resonance in medicine,CEST and nuclear Overhauser enhancement imaging with deep learning-extrapolated semisolid magnetization transfer reference: Scan-rescan reproducibility and reliability studies,Algorithmic / methodological reconstruction study,,,,7T,"-state pulsed chemical exchange saturation transfer (CEST) imaging at 7T. J Magn Reson Imaging 2016;44:41–50. [PubMed: 26663561] 5. Jiang S,",T1w;T2w;FLAIR;DWI,Expert reader consensus,,not stated,full text,2024 - CEST and nuclear Overhauser enhancement imaging with deep learning-extrapolated semisolid magnetization transfer referen - PMID 38009996.md
S088,,10.3174/ajnr.a8143,2024,American Journal of Neuroradiology,Clinical Evaluation of a 2-Minute Ultrafast Brain MR Protocol for Evaluation of Acute Pathology in the Emergency and Inpatient Settings,Diagnostic accuracy / reader study,Motion correction,Observer / reader study,Artifacts (aliasing/ghosting/Gibbs);Motion degradation;Geometric / anatomical distortion,3T,"institu- tion. All brain MR examinations were performed on one of two 3T scanners at our institution (Magnetom Prisma and Magnetom Skyra, Siem",T1w;T2w;FLAIR;DWI;SWI,Expert reader consensus,,not stated,full text,2024 - Clinical Evaluation of a 2-Minute Ultrafast Brain MR Protocol for Evaluation of Acute Pathology in the Emergency and Inp - SCOPUS 2-s2.0-85189976776.md
S089,39434010,10.1186/s12880-024-01463-6,2024,BMC medical imaging,Comprehensive assessment of imaging quality of artificial intelligence-assisted compressed sensing-based MR images in routine clinical settings,Diagnostic accuracy / reader study,Compressed sensing / parallel imaging,Observer / reader study,Artifacts (aliasing/ghosting/Gibbs),3T,"que using different MR contrasts. All MR scans were acquired using a 3T MR scanner (uMR 780, United Imaging Healthcare Co. Ltd, Shanghai, Ch",T1w;T2w;FLAIR,Fully sampled acquisition,,not stated,full text,2024 - Comprehensive assessment of imaging quality of artificial intelligence-assisted compressed sensing-based MR images in ro - PMID 39434010.md
S090,39455814,10.1038/s41598-024-76592-7,2024,Scientific reports,Deep learning-based super-resolution and denoising algorithm improves reliability of dynamic contrast-enhanced MRI in diffuse glioma,Algorithmic / methodological reconstruction study,Denoising;Super-resolution,,Artifacts (aliasing/ghosting/Gibbs),3T,"Fig. S.1. MRI acquisition MRI data were acquired using one of three 3T MRI systems (Magnetom Verio, Skyra, or Skyra Fit; Siemens Healthinee",T1w,Expert reader consensus,,not stated,full text,2024 - Deep learning-based super-resolution and denoising algorithm improves reliability of dynamic contrast-enhanced MRI in di - PMID 39455814.md
S091,38621552,10.1016/j.mri.2024.04.013,2024,Magnetic resonance imaging,DeepFLAIR: A neural network approach to mitigate signal and contrast loss in temporal lobes at 7 Tesla FLAIR images,Algorithmic / methodological reconstruction study,,,Artifacts (aliasing/ghosting/Gibbs),7T,rk approach to mitigate signal and contrast loss in temporal lobes at 7 Tesla FLAIR images. BACKGROUND AND PURPOSE: Higher magnetic field strength,T1w;T2w;FLAIR;DWI;SWI,Expert reader consensus,,yes,full text,2024 - DeepFLAIR A neural network approach to mitigate signal and contrast loss in temporal lobes at 7 Tesla FLAIR images. - PMID 38621552.md
S092,,10.48550/arxiv.2409.00807,2024,NeuroImage,Diffusion based multi-domain neuroimaging harmonization method with preservation of anatomical details,Algorithmic / methodological reconstruction study,Generative (GAN/diffusion/VAE);Denoising,Perceptual / learned metrics,Artifacts (aliasing/ghosting/Gibbs);Hallucination / fidelity / instability;Geometric / anatomical distortion,3T,"imaging vendors; ABIDE II used for the experiment was acquired under 3T field strength from four imaging sites. For our experiment, the learn",T1w;T2w,Stated ground truth (unspecified),ADNI;adni,not stated,full text,2024 - Diffusion based multi-domain neuroimaging harmonization method with preservation of anatomical details - SEMANTICSCHOLAR f2189e72d7d7746142b42bb63b17a623e13b5061.md
S093,38342980,10.1002/mrm.30045,2024,Magnetic resonance in medicine,Improving quantitative MRI using self-supervised deep learning with model reinforcement: Demonstration for rapid T1 mapping,Algorithmic / methodological reconstruction study,Physics-based / unrolled;Self-supervised / unsupervised,,Artifacts (aliasing/ghosting/Gibbs);Robustness / distribution shift,3T,8. All ex-vivo and in-vivo experiments were carried out on a Siemens 3T Prisma scanner. The acquired MRI k-space data were retrospectively un,,Fully sampled acquisition,,not stated,full text,2024 - Improving quantitative MRI using self-supervised deep learning with model reinforcement Demonstration for rapid T1 mappi - PMID 38342980.md
S094,38942939,10.1007/s10278-024-01184-w,2024,Journal of imaging informatics in medicine,Iterative Motion Correction Technique with Deep Learning Reconstruction for Brain MRI: A Volunteer and Patient Study,Algorithmic / methodological reconstruction study,Motion correction,Pixel-wise metrics (PSNR/SSIM/NRMSE),Artifacts (aliasing/ghosting/Gibbs);Motion degradation,1.5T,"nalyses involving patients, MR examinations were performed using the 1.5-T Orian sys- tem (Canon Medical Systems). MR imaging parameters for th",T1w;T2w;FLAIR,Expert reader consensus,,not stated,full text,2024 - Iterative Motion Correction Technique with Deep Learning Reconstruction for Brain MRI A Volunteer and Patient Study. - PMID 38942939.md
S095,,10.1109/cisp-bmei64163.2024.10906217,2024,"2024 17th International Congress on Image and Signal Processing, BioMedical Engineering and Informatics (CISP-BMEI)",MCDDPM: Multichannel Conditional Denoising Diffusion Model for Unsupervised Anomaly Detection in Brain MRI,Algorithmic / methodological reconstruction study,Generative (GAN/diffusion/VAE);Self-supervised / unsupervised;Denoising,,Artifacts (aliasing/ghosting/Gibbs);Hallucination / fidelity / instability,not reported,,T2w;FLAIR,Stated ground truth (unspecified),BraTS;IXI;brats,yes,full text,2024 - MCDDPM Multichannel Conditional Denoising Diffusion Model for Unsupervised Anomaly Detection in Brain MRI - IEEEXPLORE 10906217.md
S096,38760778,10.1186/s12880-024-01297-2,2024,BMC medical imaging,MRI reconstruction with enhanced self-similarity using graph convolutional network,Algorithmic / methodological reconstruction study,,Pixel-wise metrics (PSNR/SSIM/NRMSE),Artifacts (aliasing/ghosting/Gibbs),3T,ghted k-space data collected from a 2D turbo-spin echo sequence on a 3 T MRI system (Siemens Magnetom Skyra) using 15 coils. It includes data,T2w,Fully sampled acquisition,fastMRI,not stated,full text,2024 - MRI reconstruction with enhanced self-similarity using graph convolutional network. - PMID 38760778.md
S097,38462289,10.1016/j.artmed.2024.102798,2024,Artificial intelligence in medicine,NPB-REC: A non-parametric Bayesian deep-learning approach for undersampled MRI reconstruction with uncertainty estimation,Algorithmic / methodological reconstruction study,Physics-based / unrolled;Compressed sensing / parallel imaging,Pixel-wise metrics (PSNR/SSIM/NRMSE);Uncertainty estimation,Robustness / distribution shift,not reported,,,Fully sampled acquisition,fastMRI;fastmri,yes,full text,2024 - NPB-REC A non-parametric Bayesian deep-learning approach for undersampled MRI reconstruction with uncertainty estimation - PMID 38462289.md
S098,,10.1109/tbme.2023.3300090,2024,IEEE Transactions on Biomedical Engineering,Quantitative MR Image Reconstruction Using Parameter-Specific Dictionary Learning With Adaptive Dictionary-Size and Sparsity-Level Choice,Algorithmic / methodological reconstruction study,Physics-based / unrolled;Compressed sensing / parallel imaging;Self-supervised / unsupervised,Pixel-wise metrics (PSNR/SSIM/NRMSE),,7T,data as well as in-vivo brain images acquired on an ultra-high field 7 T scanner. We compared it to a model-based acceleration for parameter m,T1w,Not stated,,not stated,full text,2024 - Quantitative MR Image Reconstruction Using Parameter-Specific Dictionary Learning With Adaptive Dictionary-Size and Spar - IEEEXPLORE 10209588.md
S099,39349147,10.1016/j.neuroimage.2024.120865,2024,NeuroImage,Quantitative evaluation of Scout Accelerated Motion Estimation and Reduction (SAMER) MPRAGE for morphometric analysis of brain tissue in patients undergoing evaluation for memory loss,Algorithmic / methodological reconstruction study,Motion correction,,Artifacts (aliasing/ghosting/Gibbs);Motion degradation,not reported,,T1w,Not stated,,not stated,abstract + MeSH only,2024 - Quantitative evaluation of Scout Accelerated Motion Estimation and Reduction (SAMER) MPRAGE for morphometric analysis of - PMID 39349147.md
S100,38102776,10.1002/mrm.29969,2024,Magnetic resonance in medicine,Self-calibrated subspace reconstruction for multidimensional MR fingerprinting for simultaneous relaxation and diffusion quantification,Algorithmic / methodological reconstruction study,Compressed sensing / parallel imaging,Uncertainty estimation,Artifacts (aliasing/ghosting/Gibbs);Motion degradation;Robustness / distribution shift,3T,"encoding). In the feasibility experiment, Subject 1 was scanned on a 3T MAGNETOM Prisma scanner (Siemens Healthineers, Erlangen, Germany) eq",DWI,Fully sampled acquisition,,not stated,full text,2024 - Self-calibrated subspace reconstruction for multidimensional MR fingerprinting for simultaneous relaxation and diffusion - PMID 38102776.md
S101,38626138,10.1371/journal.pone.0301132,2024,PloS one,Simulating rigid head motion artifacts on brain magnitude MRI data-Outcome on image quality and segmentation of the cerebral cortex,Algorithmic / methodological reconstruction study,Compressed sensing / parallel imaging;Motion correction,,Artifacts (aliasing/ghosting/Gibbs);Motion degradation;Robustness / distribution shift,3T,were performed on the publicly available MR-ART dataset consisting of 3T MPRAGE defaced NIfTI image volumes at 1 mm3 isotropic resolution of 1,T1w,Not stated,ADNI;UK Biobank;UK biobank,yes,full text,2024 - Simulating rigid head motion artifacts on brain magnitude MRI data-Outcome on image quality and segmentation of the cere - PMID 38626138.md
S102,38758490,10.1007/s10334-024-01161-y,2024,"Magma (New York, N.Y.)",Towards retrospective motion correction and reconstruction for clinical 3D brain MRI protocols with a reference contrast,Algorithmic / methodological reconstruction study,Motion correction,Pixel-wise metrics (PSNR/SSIM/NRMSE),Artifacts (aliasing/ghosting/Gibbs);Motion degradation;Robustness / distribution shift,1.5T,METHODS: We focus on various existing clinical 3D brain protocols at 1.5 Tesla MRI based on Cartesian sampling. Controlled experiments with three he,T1w;T2w;FLAIR,Stated ground truth (unspecified),,not stated,full text,2024 - Towards retrospective motion correction and reconstruction for clinical 3D brain MRI protocols with a reference contrast - PMID 38758490.md
S103,38376403,10.1148/radiol.231938,2024,Radiology,Ultrafast Brain MRI with Deep Learning Reconstruction for Suspected Acute Ischemic Stroke,Algorithmic / methodological reconstruction study,Generative (GAN/diffusion/VAE),,,3T,"ers using a 20-channel head/neck coil and a 64-channel head coil on 3T systems (MAGNETOM Prisma and Vida, Siemens Healthcare, Erlangen, Ger",T1w;T2w;FLAIR;DWI;SWI,Expert reader consensus,fastMRI,not stated,full text,2024 - Ultrafast Brain MRI with Deep Learning Reconstruction for Suspected Acute Ischemic Stroke. - PMID 38376403.md
S104,38282270,10.1002/mrm.30018,2024,Magnetic resonance in medicine,Zero-DeepSub: Zero-shot deep subspace reconstruction for rapid multiparametric quantitative MRI using 3D-QALAS,Algorithmic / methodological reconstruction study,,,Artifacts (aliasing/ghosting/Gibbs);Hallucination / fidelity / instability;Robustness / distribution shift,3T,"e conducted on an ISMRM/NIST system phantom (Serial Number 136) on a 3T MAGNETOM Prisma scanner (Siemens Healthineers, Erlangen, Germany) wi",T1w;T2w;FLAIR;SWI,Fully sampled acquisition,,yes,full text,2024 - Zero-DeepSub Zero-shot deep subspace reconstruction for rapid multiparametric quantitative MRI using 3D-QALAS. - PMID 38282270.md
S105,40035173,10.1002/mrm.30436,2025,Magnetic resonance in medicine,"3D MERMAID: 3D Multi-shot enhanced recovery motion artifact insensitive diffusion for submillimeter, multi-shell, and SNR-efficient diffusion imaging",Algorithmic / methodological reconstruction study,Generative (GAN/diffusion/VAE);Compressed sensing / parallel imaging,,Motion degradation,3T,tigated using Bloch simulations as well as phantom and human scans at 3 T and then compared to a typical multi-slice 2D spin-echo sequence. RE,,Not stated,,not stated,abstract + MeSH only,"2025 - 3D MERMAID 3D Multi-shot enhanced recovery motion artifact insensitive diffusion for submillimeter, multi-shell, and SNR - PMID 40035173.md"
S106,,10.1038/s41598-025-17993-0,2025,Scientific Reports,A multinational study of deep learning-based image enhancement for multiparametric glioma MRI,Diagnostic accuracy / reader study,Motion correction,Observer / reader study,Artifacts (aliasing/ghosting/Gibbs);Motion degradation,3T,"MRI protocol MRI examinations were performed on 21 different 1.5T and 3.0T systems from major MR scanner vendors (GE, Philips, and Siemens). Th",T1w;T2w;FLAIR;DWI;SWI,Fully sampled acquisition,,not stated,full text,2025 - A multinational study of deep learning-based image enhancement for multiparametric glioma MRI - SPRINGER 10.1038_s41598-025-17993-0.md
S107,41395855,10.1002/mp.70197,2025,Medical physics,A physics-informed deep learning model for MRI brain motion correction,Diagnostic accuracy / reader study,Physics-based / unrolled;Generative (GAN/diffusion/VAE);Compressed sensing / parallel imaging;Motion correction,Pixel-wise metrics (PSNR/SSIM/NRMSE);Perceptual / learned metrics;Observer / reader study;Uncertainty estimation,Artifacts (aliasing/ghosting/Gibbs);Motion degradation;Hallucination / fidelity / instability;Robustness / distribution shift,not reported,,T1w;FLAIR,Stated ground truth (unspecified),IXI;ixi,yes,full text,2025 - A physics-informed deep learning model for MRI brain motion correction. - PMID 41395855.md
S108,39887515,10.1002/mrm.30439,2025,Magnetic resonance in medicine,A straightforward approach for 3D single-shot arterial spin labeling-based brain perfusion imaging: Preventing artifacts due to signal fluctuations,Algorithmic / methodological reconstruction study,Compressed sensing / parallel imaging,,Artifacts (aliasing/ghosting/Gibbs),3T,"Section 2). In Vivo Experiments Human experiments were performed on a 3T scanner (Achieva dStream; Philips Healthcare, Best, The Netherlands)",,Fully sampled acquisition,,not stated,full text,2025 - A straightforward approach for 3D single-shot arterial spin labeling-based brain perfusion imaging Preventing artifacts - PMID 39887515.md
S109,39316286,10.1007/s11604-024-01666-5,2025,Japanese journal of radiology,Accelerating FLAIR imaging via deep learning reconstruction: potential for evaluating white matter hyperintensities,Diagnostic accuracy / reader study,Compressed sensing / parallel imaging,Pixel-wise metrics (PSNR/SSIM/NRMSE);Observer / reader study,,3T,w FLAIR data. MRI image acquisition All patients were scanned using a 3-T MRI scanner with a 32-channel head coil (FUJIFILM Healthcare Corpora,T1w;T2w;FLAIR,Fully sampled acquisition,,not stated,full text,2025 - Accelerating FLAIR imaging via deep learning reconstruction potential for evaluating white matter hyperintensities. - PMID 39316286.md
S110,40596927,10.1186/s12880-025-01763-5,2025,BMC medical imaging,Accelerating brain T2-weighted imaging using artificial intelligence-assisted compressed sensing combined with deep learning-based reconstruction: a feasibility study at 5.0T MRI,Diagnostic accuracy / reader study,Compressed sensing / parallel imaging;Motion correction,Observer / reader study,Artifacts (aliasing/ghosting/Gibbs);Motion degradation,3T,"ming its effectiveness in shortening scan durations by up to 71% at a 3.0T MRI [9]. Concurrently, deep learning-based reconstruction (DLR) techn",T2w;FLAIR,Fully sampled acquisition,,not stated,full text,2025 - Accelerating brain T2-weighted imaging using artificial intelligence-assisted compressed sensing combined with deep lear - PMID 40596927.md
S111,40493331,10.1007/s10334-025-01266-y,2025,"Magma (New York, N.Y.)",Agreement of image quality metrics with radiological evaluation in the presence of motion artifacts,Diagnostic accuracy / reader study,Motion correction,Observer / reader study,Artifacts (aliasing/ghosting/Gibbs);Motion degradation;Robustness / distribution shift,3T,"e uncorrected images remain available. Both datasets were acquired on 3 T Prisma MRI scan- ners (Siemens Healthineers, Erlangen, Germany). Furt",T1w;FLAIR,Stated ground truth (unspecified),UK biobank;fastMRI,not stated,full text,2025 - Agreement of image quality metrics with radiological evaluation in the presence of motion artifacts. - PMID 40493331.md
S112,39832954,10.3174/ajnr.a8662,2025,AJNR. American journal of neuroradiology,Application of Deep Learning Accelerated Image Reconstruction in T2-Weighted Turbo Spin-Echo Imaging of the Brain at 7T,Algorithmic / methodological reconstruction study,Compressed sensing / parallel imaging,,Artifacts (aliasing/ghosting/Gibbs);Motion degradation,7T,Reconstruction in T2-Weighted Turbo Spin-Echo Imaging of the Brain at 7T. Prolonged imaging times and motion sensitivity at 7T necessitate adv,T1w;T2w,Stated ground truth (unspecified),,not stated,full text,2025 - Application of Deep Learning Accelerated Image Reconstruction in T2-Weighted Turbo Spin-Echo Imaging of the Brain at 7T. - PMID 39832954.md
S113,40257058,10.1177/03000605251330578,2025,The Journal of international medical research,Artificial intelligence-powered four-fold upscaling of human brain synthetic metabolite maps,Algorithmic / methodological reconstruction study,Super-resolution,Perceptual / learned metrics,Hallucination / fidelity / instability,not reported,,,Conventional/standard-of-care acquisition,,not stated,abstract + MeSH only,2025 - Artificial intelligence-powered four-fold upscaling of human brain synthetic metabolite maps. - PMID 40257058.md
S114,,10.1109/isbi60581.2025.10981000,2025,2025 IEEE 22nd International Symposium on Biomedical Imaging (ISBI),Assessing the Use of Diffusion Models for Motion Artifact Correction in Brain MRI,Algorithmic / methodological reconstruction study,Physics-based / unrolled;Generative (GAN/diffusion/VAE);Motion correction,,Artifacts (aliasing/ghosting/Gibbs);Motion degradation;Hallucination / fidelity / instability,not reported,,,Stated ground truth (unspecified),,not stated,full text,2025 - Assessing the Use of Diffusion Models for Motion Artifact Correction in Brain MRI - IEEEXPLORE 10981000.md
S115,40315626,10.1016/j.ejrad.2025.112123,2025,European journal of radiology,"Assessment of AI-accelerated T2-weighted brain MRI, based on clinical ratings and image quality evaluation",Diagnostic accuracy / reader study,,Observer / reader study,Artifacts (aliasing/ghosting/Gibbs),3T,logical conditions underwent both T2(DR) and T2(CN) on a Siemens Vida 3 T scanner with a 64-channel head coil in the same examination. Acquisit,T2w,Expert reader consensus,,not stated,abstract + MeSH only,"2025 - Assessment of AI-accelerated T2-weighted brain MRI, based on clinical ratings and image quality evaluation. - PMID 40315626.md"
S116,39080159,10.1007/s10278-024-01171-1,2025,Journal of imaging informatics in medicine,AutoCorNN: An Unsupervised Physics-Aware Deep Learning Model for Geometric Distortion Correction of Brain MRI Images Towards MR-Only Stereotactic Radiosurgery,Algorithmic / methodological reconstruction study,Compressed sensing / parallel imaging;Self-supervised / unsupervised,Pixel-wise metrics (PSNR/SSIM/NRMSE),Artifacts (aliasing/ghosting/Gibbs);Geometric / anatomical distortion,3T,"e resolution of 1 mm isotropic and a bandwidth of 240 [ Hz px ] on a 3 Tesla scanner (MAGNETOM Verio, Siemens Healthcare GmbH, Erlangen, Germany)",T1w;T2w,Stated ground truth (unspecified),HCP,not stated,full text,2025 - AutoCorNN An Unsupervised Physics-Aware Deep Learning Model for Geometric Distortion Correction of Brain MRI Images Towa - PMID 39080159.md
S117,39566835,10.1016/j.mri.2024.110277,2025,Magnetic resonance imaging,Blip-up blip-down circular EPI (BUDA-cEPI) for distortion-free dMRI with rapid unrolled deep learning reconstruction,Algorithmic / methodological reconstruction study,Physics-based / unrolled;Generative (GAN/diffusion/VAE),,,not reported,,,Not stated,,not stated,abstract + MeSH only,2025 - Blip-up blip-down circular EPI (BUDA-cEPI) for distortion-free dMRI with rapid unrolled deep learning reconstruction. - PMID 39566835.md
S118,40912664,10.1016/j.neuroimage.2025.121442,2025,NeuroImage,Conditional deep generative normative modeling for structural and developmental anomaly detection in the fetal brain,Algorithmic / methodological reconstruction study,Generative (GAN/diffusion/VAE),,Hallucination / fidelity / instability;Robustness / distribution shift,3T,"ataset. We collected T2-weighted fetal brain MRIs acquired on Siemens 3T Skyra scanners with 1 mm in-plane resolution, a field of view (FOV)",T2w,Expert reader consensus,Human Connectome,yes,full text,2025 - Conditional deep generative normative modeling for structural and developmental anomaly detection in the fetal brain. - PMID 40912664.md
S119,40273728,10.1016/j.media.2025.103579,2025,Medical image analysis,Cycle-conditional diffusion model for noise correction of diffusion-weighted images using unpaired data,Algorithmic / methodological reconstruction study,Generative (GAN/diffusion/VAE);Denoising,,Motion degradation;Hallucination / fidelity / instability;Robustness / distribution shift,3T,view Board (NHG DSRB). The brain imaging data were collected using a 3T Siemens Skyra scanner at KK Women’s and Children’s Hospital in Singa,T1w;DWI,Stated ground truth (unspecified),,not stated,full text,2025 - Cycle-conditional diffusion model for noise correction of diffusion-weighted images using unpaired data. - PMID 40273728.md
S120,39038956,10.3174/ajnr.a8424,2025,AJNR. American journal of neuroradiology,DANTE-CAIPI Accelerated Contrast-Enhanced 3D T1: Deep Learning-Based Image Quality Improvement for Vessel Wall MRI,Algorithmic / methodological reconstruction study,Physics-based / unrolled;Denoising,,Artifacts (aliasing/ghosting/Gibbs),7T,ostriate artery morphology associated with subcortical infarctions at 7T MRI. J Magn Reson Imaging 2024; 59:1045–55 CrossRef Medline 16. Mossa,T1w;FLAIR,Expert reader consensus,,not stated,full text,2025 - DANTE-CAIPI Accelerated Contrast-Enhanced 3D T1 Deep Learning-Based Image Quality Improvement for Vessel Wall MRI. - PMID 39038956.md
S121,,10.1109/access.2025.3634749,2025,IEEE Access,DIMA: DIffusing Motion Artifacts for Unsupervised Correction in Brain MRI Images,Diagnostic accuracy / reader study,Generative (GAN/diffusion/VAE);Compressed sensing / parallel imaging;Self-supervised / unsupervised;Motion correction,Observer / reader study,Artifacts (aliasing/ghosting/Gibbs);Motion degradation;Robustness / distribution shift,not reported,,,Stated ground truth (unspecified),,not stated,full text,2025 - DIMA DIffusing Motion Artifacts for Unsupervised Correction in Brain MRI Images - IEEEXPLORE 11258621.md
S122,39212832,10.1007/s10334-024-01200-8,2025,"Magma (New York, N.Y.)",Deep learning for efficient reconstruction of highly accelerated 3D FLAIR MRI in neurological deficits,Diagnostic accuracy / reader study,Physics-based / unrolled;Compressed sensing / parallel imaging;Denoising,Pixel-wise metrics (PSNR/SSIM/NRMSE);Observer / reader study,Artifacts (aliasing/ghosting/Gibbs),3T,e obtained from a cohort of 62 patients with neurological deficits on 3 T MRI. Images were reconstructed offline via CS and the CIRIM. Image qu,T1w;FLAIR;DWI,Fully sampled acquisition,FastMRI;fastMRI,yes,full text,2025 - Deep learning for efficient reconstruction of highly accelerated 3D FLAIR MRI in neurological deficits. - PMID 39212832.md
S123,,10.1007/s10916-025-02300-1,2025,Journal of Medical Systems,Diffusion Models for Neuroimaging Data Augmentation: Assessing Realism and Clinical Relevance,Algorithmic / methodological reconstruction study,Generative (GAN/diffusion/VAE);Denoising,,Hallucination / fidelity / instability,not reported,,T1w;FLAIR,Expert reader consensus,ADNI;OASIS;Oasis;oasis,not stated,full text,2025 - Diffusion Models for Neuroimaging Data Augmentation Assessing Realism and Clinical Relevance - SPRINGER 10.1007_s10916-025-02300-1.md
S124,40065646,10.1002/mrm.30482,2025,Magnetic resonance in medicine,Elastographic magnetization prepared imaging with rapid encoding,Algorithmic / methodological reconstruction study,Compressed sensing / parallel imaging,Pixel-wise metrics (PSNR/SSIM/NRMSE),Artifacts (aliasing/ghosting/Gibbs);Motion degradation,3T,"EMPIREscans, described below. All imaging was performed on a Siemens 3T Prisma MRI scanner with 64-channel head/ neck receive coil (Siemens H",DWI;SWI,Fully sampled acquisition,,not stated,full text,2025 - Elastographic magnetization prepared imaging with rapid encoding. - PMID 40065646.md
S125,39898398,10.3348/kjr.2024.0701,2025,Korean journal of radiology,Evaluation of Image Quality and Scan Time Efficiency in Accelerated 3D T1-Weighted Pediatric Brain MRI Using Deep Learning-Based Reconstruction,Diagnostic accuracy / reader study,,Observer / reader study,Artifacts (aliasing/ghosting/Gibbs),3T,"accelerated, pre- and post-contrast, 3D T1-weighted brain MRI using a 3T scanner (SIGNA Premier; GE HealthCare) at a single tertiary referral",T1w;T2w;FLAIR,Fully sampled acquisition,fastMRI,not stated,full text,2025 - Evaluation of Image Quality and Scan Time Efficiency in Accelerated 3D T1-Weighted Pediatric Brain MRI Using Deep Learni - PMID 39898398.md
S126,39690114,10.1002/jmri.29672,2025,Journal of magnetic resonance imaging : JMRI,Incorporating Radiologist Knowledge Into MRI Quality Metrics for Machine Learning Using Rank-Based Ratings,Diagnostic accuracy / reader study,Denoising,Pixel-wise metrics (PSNR/SSIM/NRMSE);Observer / reader study,Artifacts (aliasing/ghosting/Gibbs),3T,"it and fivefold cross-validation. FIELD STRENGTH/SEQUENCE: 1.5 T and 3 T T1, T1 postcontrast, T2, and FLuid Attenuated Inversion Recovery (FLA",T1w;T2w;FLAIR,Fully sampled acquisition,fastMRI;fastmri,yes,full text,2025 - Incorporating Radiologist Knowledge Into MRI Quality Metrics for Machine Learning Using Rank-Based Ratings. - PMID 39690114.md
S127,40545734,10.1002/nbm.70079,2025,NMR in biomedicine,Insights on Scan-Specific Deep-Learning Strategies for Brain MRI Parallel Imaging Reconstruction,Algorithmic / methodological reconstruction study,Compressed sensing / parallel imaging,Uncertainty estimation,Artifacts (aliasing/ghosting/Gibbs);Robustness / distribution shift,3T,"ons, as well as in-­house separated-­mode ACS scans. For the latter, 3T (Vida, Siemens, Erlangen, Germany) brain raw data were used, and acq",T1w;T2w;FLAIR;SWI,Fully sampled acquisition,FastMRI;fastMRI;fastmri,not stated,full text,2025 - Insights on Scan-Specific Deep-Learning Strategies for Brain MRI Parallel Imaging Reconstruction. - PMID 40545734.md
S128,40112563,10.1016/j.compbiomed.2025.110005,2025,Computers in biology and medicine,Intersection-based slice motion estimation for fetal brain imaging,Algorithmic / methodological reconstruction study,Motion correction,,Artifacts (aliasing/ghosting/Gibbs);Motion degradation,3T,echo (HASTE) on three different Siemens scanners (Skyra and Spectra (3T) n=20 and SymphonyTim 13 ### Page 15 (1.5T) n=29). The data were pr,,Stated ground truth (unspecified),human connectome,yes,full text,2025 - Intersection-based slice motion estimation for fetal brain imaging. - PMID 40112563.md
S129,39834104,10.1002/mrm.30440,2025,Magnetic resonance in medicine,Learning-based motion artifact correction in the Z-spectral domain for chemical exchange saturation transfer MRI,Algorithmic / methodological reconstruction study,Compressed sensing / parallel imaging;Denoising;Motion correction,Pixel-wise metrics (PSNR/SSIM/NRMSE),Artifacts (aliasing/ghosting/Gibbs);Motion degradation,3T,"correction in terms of image quality and computational efficiency. At 3 T, human experiments showed that the root mean squared error (RMSE) of",T1w,Expert reader consensus,,not stated,full text,2025 - Learning-based motion artifact correction in the Z-spectral domain for chemical exchange saturation transfer MRI. - PMID 39834104.md
S130,39947682,10.3174/ajnr.a8566,2025,AJNR. American journal of neuroradiology,Leveraging Physics-Based Synthetic MR Images and Deep Transfer Learning for Artifact Reduction in Echo-Planar Imaging,Algorithmic / methodological reconstruction study,Physics-based / unrolled;Generative (GAN/diffusion/VAE),Pixel-wise metrics (PSNR/SSIM/NRMSE),Artifacts (aliasing/ghosting/Gibbs),3T,"ility distribu- tion and assuming a static magnetic field strength of 3T, the field map was calculated using the Fourier-based calculation met",T1w;T2w;FLAIR;DWI,Stated ground truth (unspecified),,not stated,full text,2025 - Leveraging Physics-Based Synthetic MR Images and Deep Transfer Learning for Artifact Reduction in Echo-Planar Imaging. - PMID 39947682.md
S131,39846325,10.1002/hbm.26806,2025,Human brain mapping,Measuring the effects of motion corruption in fetal fMRI,Algorithmic / methodological reconstruction study,Generative (GAN/diffusion/VAE);Motion correction,,Artifacts (aliasing/ghosting/Gibbs);Motion degradation;Robustness / distribution shift,1.5T,"each fetus, structural and functional MR images were acquired using a 1.5 T clinical scanner (Philips Medical Systems, Best, Netherlands) with a",T2w,Stated ground truth (unspecified),,yes,full text,2025 - Measuring the effects of motion corruption in fetal fMRI. - PMID 39846325.md
S132,40691452,10.1038/s41598-025-08552-8,2025,Scientific reports,Modified energy-based GAN for intensity in homogeneity correction in brain MR images,Algorithmic / methodological reconstruction study,Generative (GAN/diffusion/VAE),Pixel-wise metrics (PSNR/SSIM/NRMSE),,not reported,,T1w;T2w,Stated ground truth (unspecified),,not stated,full text,2025 - Modified energy-based GAN for intensity in homogeneity correction in brain MR images. - PMID 40691452.md
S133,40309965,10.1002/hbm.70080,2025,Human brain mapping,Multi-Metric Approach for the Comparison of Denoising Techniques for Resting-State fMRI,Algorithmic / methodological reconstruction study,Denoising,,Artifacts (aliasing/ghosting/Gibbs);Robustness / distribution shift,3T,"rwent a multimodal magnetic reso- nance imaging (MRI) session using a 3T Philips Achieva DStream scanner (Philips, Best, The Netherlands) equ",T1w;SWI,Not stated,human Connectome,not stated,full text,2025 - Multi-Metric Approach for the Comparison of Denoising Techniques for Resting-State fMRI. - PMID 40309965.md
S134,40679773,10.1007/s10334-025-01276-w,2025,"Magma (New York, N.Y.)",Myelin water imaging from accelerated 3D-GRASE acquisitions using subspace constrained reconstruction,Algorithmic / methodological reconstruction study,Compressed sensing / parallel imaging,,Artifacts (aliasing/ghosting/Gibbs),3T,"he ISMRM model 130 phantom [47]. The acquisition was performed with a 3.0 T clinical scanner (Discovery MR750, GE Healthcare, Waukesha, WI) with",DWI;SWI,Fully sampled acquisition,,not stated,full text,2025 - Myelin water imaging from accelerated 3D-GRASE acquisitions using subspace constrained reconstruction. - PMID 40679773.md
S135,,10.1007/978-3-031-72744-3_19,2025,Deep Generative Models,Non-reference Quality Assessment for Medical Imaging: Application to Synthetic Brain MRIs,Algorithmic / methodological reconstruction study,Generative (GAN/diffusion/VAE),,Artifacts (aliasing/ghosting/Gibbs);Hallucination / fidelity / instability;Geometric / anatomical distortion,1.5T,"ners (Siemens, GE, and Philips) operating at varying field strengths (1.5T and 3T). Specifically, the datasets include 503 high-quality (distort",T1w,Expert reader consensus,ADNI;BraTS;IXI;OASIS,not stated,full text,2025 - Non-reference Quality Assessment for Medical Imaging Application to Synthetic Brain MRIs - SPRINGER 10.1007_978-3-031-72744-3_19.md
S136,,10.1101/2025.04.30.651598,2025,bioRxiv,PW-GAN: Pseudo-Warping Field Guided GAN for Unsupervised Denoising of Fetal Brain MRI Images,Algorithmic / methodological reconstruction study,Generative (GAN/diffusion/VAE);Self-supervised / unsupervised;Denoising;Motion correction,,Artifacts (aliasing/ghosting/Gibbs);Motion degradation;Geometric / anatomical distortion,1.5T,"rnity & Child Healthcare Hospital. The imaging was performed using a 1.5-Tesla Philips MRI scanner, with gestational ages ranging from 22 to 39 week",T2w,Stated ground truth (unspecified),,not stated,full text,2025 - PW-GAN Pseudo-Warping Field Guided GAN for Unsupervised Denoising of Fetal Brain MRI Images - SEMANTICSCHOLAR 7706fd322fa1042f26e416dd6f1014ce6c474f42.md
S137,40064110,10.1088/1361-6560/adbed4,2025,Physics in medicine and biology,Patient-specific MRI super-resolution via implicit neural representations and knowledge transfer,Algorithmic / methodological reconstruction study,Generative (GAN/diffusion/VAE);Super-resolution,Perceptual / learned metrics,Artifacts (aliasing/ghosting/Gibbs);Hallucination / fidelity / instability;Robustness / distribution shift,3T,a public knee dataset. The knee dataset was acquired using a clinical 3T MRI scanner with the Coronal Proton Density (Coronal-PD) sequence [30,T1w;T2w,Stated ground truth (unspecified),BRATS;brats,yes,full text,2025 - Patient-specific MRI super-resolution via implicit neural representations and knowledge transfer. - PMID 40064110.md
S138,,10.1038/s41598-025-31958-3,2025,Scientific Reports,Probabilistic brain MR image transformation using generative models,Algorithmic / methodological reconstruction study,Generative (GAN/diffusion/VAE);Denoising,Uncertainty estimation,Artifacts (aliasing/ghosting/Gibbs);Robustness / distribution shift,not reported,,T1w;T2w;FLAIR,Stated ground truth (unspecified),BraTS;IXI;Ixi;OASIS;Oasis;brats;ixi,not stated,full text,2025 - Probabilistic brain MR image transformation using generative models - SPRINGER 10.1038_s41598-025-31958-3.md
S139,39780631,10.3348/kjr.2024.0653,2025,Korean journal of radiology,Prospective Evaluation of Accelerated Brain MRI Using Deep Learning-Based Reconstruction: Simultaneous Application to 2D Spin-Echo and 3D Gradient-Echo Sequences,Diagnostic accuracy / reader study,Compressed sensing / parallel imaging,Observer / reader study,Artifacts (aliasing/ghosting/Gibbs),3T,years). Each group of 50 participants was scanned using one of three 3T scanners from three different vendors. Conventional and Accel-DL MRI,T1w;T2w;FLAIR,Expert reader consensus,,not stated,full text,2025 - Prospective Evaluation of Accelerated Brain MRI Using Deep Learning-Based Reconstruction Simultaneous Application to 2D - PMID 39780631.md
S140,40312865,10.1002/mrm.30537,2025,Magnetic resonance in medicine,Quantitative susceptibility mapping in magnetically inhomogeneous tissues,Algorithmic / methodological reconstruction study,Generative (GAN/diffusion/VAE),,Artifacts (aliasing/ghosting/Gibbs),7T,", Gowland PA. Magnetization transfer phenomenon in the human brain at 7 T. Neuroimage. 2010;49:272-281. doi:10.1016/j.neuroimage.2009.08.022 57",T1w;SWI,Stated ground truth (unspecified),,yes,full text,2025 - Quantitative susceptibility mapping in magnetically inhomogeneous tissues. - PMID 40312865.md
S141,39589491,10.1007/s00247-024-06088-z,2025,Pediatric radiology,Rapid and motion-robust pediatric brain imaging: T2-weighted turbo-spin-echo PROPELLER acquisition with compressed sensing,Diagnostic accuracy / reader study,Compressed sensing / parallel imaging,Observer / reader study,Artifacts (aliasing/ghosting/Gibbs);Motion degradation;Robustness / distribution shift,3T,") undergoing a clinically indicated MRI examination of the brain on a 3-T scanner. The T2PROPELLER CS sequence was compared to a conventional,",T1w;T2w;FLAIR;DWI;SWI,Expert reader consensus,,not stated,full text,2025 - Rapid and motion-robust pediatric brain imaging T2-weighted turbo-spin-echo PROPELLER acquisition with compressed sensin - PMID 39589491.md
S142,40534142,10.1002/mrm.30604,2025,Magnetic resonance in medicine,"Rapid, high-resolution and distortion-free R 2 ∗ mapping of fetal brain using multi-echo radial FLASH and model-based reconstruction",Algorithmic / methodological reconstruction study,Physics-based / unrolled;Compressed sensing / parallel imaging,Uncertainty estimation,Motion degradation;Geometric / anatomical distortion;Robustness / distribution shift,3T,$$ {R}_2^{\ast } $$ and B 0 $$ {B}_0 $$ mapping of the fetal brain at 3 T. METHODS: A 2D multi-echo radial FLASH sequence with blip gradients,,Not stated,,not stated,abstract + MeSH only,"2025 - Rapid, high-resolution and distortion-free R 2 ∗ mapping of fetal brain using multi-echo radial FLASH and model-based re - PMID 40534142.md"
S143,40240759,10.1038/s41598-025-87224-z,2025,Scientific reports,Reliability assessment of accelerated MR sequences for the estimation of structural and vascular markers in dementia,Algorithmic / methodological reconstruction study,,Pixel-wise metrics (PSNR/SSIM/NRMSE),,3T,"markers will be assessed. Forty-six dementia patients underwent brain 3T MR protocol, including conventional and accelerated 3D T1w and 3D FLA",T1w;FLAIR;DWI;SWI,Stated ground truth (unspecified),ADNI,yes,full text,2025 - Reliability assessment of accelerated MR sequences for the estimation of structural and vascular markers in dementia. - PMID 40240759.md
S144,39316090,10.1007/s00234-024-03461-5,2025,Neuroradiology,Reliability of brain volume measures of accelerated 3D T1-weighted images with deep learning-based reconstruction,Algorithmic / methodological reconstruction study,Compressed sensing / parallel imaging,,,3T,METHODS: This retrospective study collected 3D T1-weighted data using 3T from 42 participants for the simulated acceleration dataset and 48 fo,T1w,Expert reader consensus,,not stated,full text,2025 - Reliability of brain volume measures of accelerated 3D T1-weighted images with deep learning-based reconstruction. - PMID 39316090.md
S145,41061726,10.1088/1361-6560/ae1110,2025,Physics in medicine and biology,Res-MoCoDiff: residual-guided diffusion models for motion artifact correction in brain MRI,Diagnostic accuracy / reader study,Generative (GAN/diffusion/VAE);Denoising;Motion correction,Pixel-wise metrics (PSNR/SSIM/NRMSE);Observer / reader study,Artifacts (aliasing/ghosting/Gibbs);Motion degradation;Hallucination / fidelity / instability;Geometric / anatomical distortion;Robustness / distribution shift,7T,"Wynne J, Wang T, Shu H-K, Mao H and Yang X 2024 High-resolution 3t to 7t ADC map synthesis with a hybrid CNN-transformer model Med. Phys. 51 4",T1w;T2w;DWI,Stated ground truth (unspecified),IXI;ixi,not stated,full text,2025 - Res-MoCoDiff residual-guided diffusion models for motion artifact correction in brain MRI. - PMID 41061726.md
S146,40457510,10.1002/mrm.30591,2025,Magnetic resonance in medicine,Robust multi-coil MRI reconstruction via self-supervised denoising,Algorithmic / methodological reconstruction study,Physics-based / unrolled;Generative (GAN/diffusion/VAE);Compressed sensing / parallel imaging;Self-supervised / unsupervised;Denoising,Pixel-wise metrics (PSNR/SSIM/NRMSE),Robustness / distribution shift,3T,"dial k-space sampling and compressed sensing in patients at 1.5 T and 3T. Magn Reson Med. 2018;79:2745-2751. 29. Senouf O, Vedula S, Weiss T,",T2w,Fully sampled acquisition,FastMRI;M4Raw;fastMRI,yes,full text,2025 - Robust multi-coil MRI reconstruction via self-supervised denoising. - PMID 40457510.md
S147,39552568,10.1002/mrm.30365,2025,Magnetic resonance in medicine,Romer-EPTI: Rotating-view motion-robust super-resolution EPTI for SNR-efficient distortion-free in-vivo mesoscale diffusion MRI and microstructure imaging,Algorithmic / methodological reconstruction study,Generative (GAN/diffusion/VAE);Super-resolution;Motion correction,,Artifacts (aliasing/ghosting/Gibbs);Motion degradation;Hallucination / fidelity / instability;Geometric / anatomical distortion;Robustness / distribution shift,7T,scale in-vivo dMRI at both 3T (500-μm isotropic [iso] resolution) and 7T (485-μm iso resolution) for the first time. Motion experiments demons,T1w;T2w;DWI;SWI,Expert reader consensus,human connectome,not stated,full text,2025 - Romer-EPTI Rotating-view motion-robust super-resolution EPTI for SNR-efficient distortion-free in-vivo mesoscale diffusi - PMID 39552568.md
S148,39159019,10.1109/tmi.2024.3446450,2025,IEEE transactions on medical imaging,SISMIK for Brain MRI: Deep-Learning-Based Motion Estimation and Model-Based Motion Correction in k-Space,Algorithmic / methodological reconstruction study,Physics-based / unrolled;Compressed sensing / parallel imaging;Motion correction,,Artifacts (aliasing/ghosting/Gibbs);Motion degradation;Hallucination / fidelity / instability;Robustness / distribution shift,3T,"-Echo k- space data for the training set was gathered from a clinical 3T MRI system (MAGNETOM Prisma fit, Siemens Healthineers, Erlangen, Germ",T1w;T2w;SWI,Stated ground truth (unspecified),,not stated,full text,2025 - SISMIK for Brain MRI Deep-Learning-Based Motion Estimation and Model-Based Motion Correction in k-Space. - PMID 39159019.md
S149,40173320,10.1002/mrm.30489,2025,Magnetic resonance in medicine,Short-term gradient imperfections in high-resolution EPI lead to Fuzzy Ripple artifacts,Algorithmic / methodological reconstruction study,Compressed sensing / parallel imaging,,Artifacts (aliasing/ghosting/Gibbs),7T,"vable in lower brain areas, including the cerebellum. K E Y W O R D S 7 T acquisition, Fuzzy Ripples, layer-fMRI, ventral brain This is an open",SWI,Conventional/standard-of-care acquisition,HCP,yes,full text,2025 - Short-term gradient imperfections in high-resolution EPI lead to Fuzzy Ripple artifacts. - PMID 40173320.md
S150,,10.1109/icip55913.2025.11084355,2025,2025 IEEE International Conference on Image Processing (ICIP),Sparsity-Driven Parallel Imaging Consistency for Improved Self-Supervised MRI Reconstruction,Algorithmic / methodological reconstruction study,Compressed sensing / parallel imaging;Self-supervised / unsupervised,,Artifacts (aliasing/ghosting/Gibbs);Hallucination / fidelity / instability,not reported,,T2w,Fully sampled acquisition,fastMRI,not stated,full text,2025 - Sparsity-Driven Parallel Imaging Consistency for Improved Self-Supervised MRI Reconstruction - IEEEXPLORE 11084355.md
S151,39250435,10.1002/mrm.30255,2025,Magnetic resonance in medicine,Spherical echo-planar time-resolved imaging (sEPTI) for rapid 3D quantitative T 2 * and susceptibility imaging,Algorithmic / methodological reconstruction study,Physics-based / unrolled;Compressed sensing / parallel imaging,,Artifacts (aliasing/ghosting/Gibbs);Geometric / anatomical distortion;Robustness / distribution shift,3T,".75-mm isotropic whole-brain imaging were performed in 45 and 90 s at 3 T, respectively. These protocols were validated through simulations, ph",,Not stated,,not stated,abstract + MeSH only,2025 - Spherical echo-planar time-resolved imaging (sEPTI) for rapid 3D quantitative T 2 and susceptibility imaging. - PMID 39250435.md
S152,39366765,10.3174/ajnr.a8526,2025,AJNR. American journal of neuroradiology,Super-Resolution in Clinically Available Spinal Cord MRIs Enables Automated Atrophy Analysis,Algorithmic / methodological reconstruction study,Super-resolution,Pixel-wise metrics (PSNR/SSIM/NRMSE),,not reported,,T1w;T2w,Stated ground truth (unspecified),,yes,full text,2025 - Super-Resolution in Clinically Available Spinal Cord MRIs Enables Automated Atrophy Analysis. - PMID 39366765.md
S153,39607873,10.1002/mrm.30384,2025,Magnetic resonance in medicine,"Time-efficient, high-resolution 3T whole-brain relaxometry using Cartesian 3D MR Spin TomogrAphy in Time-Domain (MR-STAT) with cerebrospinal fluid suppression",Algorithmic / methodological reconstruction study,,,Artifacts (aliasing/ghosting/Gibbs);Robustness / distribution shift,3T,"Time-efficient, high-resolution 3T whole-brain relaxometry using Cartesian 3D MR Spin TomogrAphy in Time",,Not stated,,not stated,abstract + MeSH only,"2025 - Time-efficient, high-resolution 3T whole-brain relaxometry using Cartesian 3D MR Spin TomogrAphy in Time-Domain (MR-STAT - PMID 39607873.md"
S154,39824686,10.1016/j.zemedi.2024.12.001,2025,Zeitschrift fur medizinische Physik,Ultra-high-resolution brain MRI at 0.55T: bSTAR and its application to magnetization transfer ratio imaging,Algorithmic / methodological reconstruction study,Compressed sensing / parallel imaging,,Artifacts (aliasing/ghosting/Gibbs),1.5T,n bSSFP offers a 3.4 times higher voxel size than MT-prepared SPGR at 1.5T [24]. Although in this study no direct comparison of MT- sensitized b,T2w;SWI,Expert reader consensus,,yes,full text,2025 - Ultra-high-resolution brain MRI at 0.55T bSTAR and its application to magnetization transfer ratio imaging. - PMID 39824686.md
S155,39938896,10.2463/mrms.mp.2024-0098,2025,Magnetic resonance in medical sciences : MRMS : an official journal of Japan Society of Magnetic Resonance in Medicine,Using Deep Learning to Simultaneously Reduce Noise and Motion Artifacts in Brain MR Imaging,Algorithmic / methodological reconstruction study,Motion correction,Pixel-wise metrics (PSNR/SSIM/NRMSE),Artifacts (aliasing/ghosting/Gibbs);Motion degradation,3T,", and axial sections) of 20 healthy volunteers were collected using a 3.0T MR system. Simulated images with horizontal and vertical phase direct",T1w;T2w;FLAIR,Stated ground truth (unspecified),,not stated,full text,2025 - Using Deep Learning to Simultaneously Reduce Noise and Motion Artifacts in Brain MR Imaging. - PMID 39938896.md
S156,39567364,10.1002/mrm.30380,2025,Magnetic resonance in medicine,Variable-flip-angle 3D spiral-in-out turbo spin-echo imaging using concomitant gradient compensation and echo reordering at 0.55 T,Algorithmic / methodological reconstruction study,Compressed sensing / parallel imaging,,Artifacts (aliasing/ghosting/Gibbs);Hallucination / fidelity / instability,1.5T,es were compared. 2.6 MRI experiments Experiments were performed on a 1.5T MR scan- ner ramped down to 0.55 T (prototype MAGNETOM Aera; Siemens,T2w;FLAIR;SWI,Fully sampled acquisition,,not stated,full text,2025 - Variable-flip-angle 3D spiral-in-out turbo spin-echo imaging using concomitant gradient compensation and echo reordering - PMID 39567364.md
S157,41376618,10.1002/hbm.70429,2025,Human brain mapping,White Matter Bundle Reconstruction From Single-Shell Diffusion Magnetic Resonance Imaging: Test-Retest Reliability and Predictive Capability Across Orientation Distribution Function Reconstruction Methods,Algorithmic / methodological reconstruction study,Generative (GAN/diffusion/VAE),,Robustness / distribution shift,3T,| Neuroimaging Acquisition All MRI scans were acquired on the same 3 T Siemens Tim Trio scanner (software version VB17) with a 32-­channel,T1w,Stated ground truth (unspecified),HCP;Human Connectome;UK Biobank,yes,full text,2025 - White Matter Bundle Reconstruction From Single-Shell Diffusion Magnetic Resonance Imaging Test-Retest Reliability and Pr - PMID 41376618.md
S158,,10.1038/s44172-025-00580-6,2026,Communications Engineering,Accelerating CEST MRI through complementary undersampling and multi-offset transformer reconstruction,Algorithmic / methodological reconstruction study,Physics-based / unrolled;Compressed sensing / parallel imaging,,Hallucination / fidelity / instability,3T,"ulti-coil human brain CEST images from both pre-clinical and clinical 3 T MRI scanners. Compared to fully-sampled images, our method outperform",,Fully sampled acquisition,,not stated,full text,2026 - Accelerating CEST MRI through complementary undersampling and multi-offset transformer reconstruction - SPRINGER 10.1038_s44172-025-00580-6.md
S159,41873533,10.1002/mrm.70358,2026,Magnetic resonance in medicine,Advancing Quantitative Susceptibility Mapping With 2.5D Diffusion Models for Rapid Intracranial Hemorrhage Quantification,Algorithmic / methodological reconstruction study,Physics-based / unrolled;Generative (GAN/diffusion/VAE);Self-supervised / unsupervised,Pixel-wise metrics (PSNR/SSIM/NRMSE),Artifacts (aliasing/ghosting/Gibbs);Motion degradation;Hallucination / fidelity / instability;Robustness / distribution shift,3T,In vivo Healthy Subject #1: A healthy in vivo brain was scanned on a 3 T Discovery 750 GE system using a 12-channel head coil. This dataset wa,SWI,Conventional/standard-of-care acquisition,,not stated,full text,2026 - Advancing Quantitative Susceptibility Mapping With 2.5D Diffusion Models for Rapid Intracranial Hemorrhage Quantificatio - PMID 41873533.md
S160,41204061,10.1002/mrm.70132,2026,Magnetic resonance in medicine,An Exploration of Motion-Sampling Interactions in 3D MRI for Neuroimaging,Algorithmic / methodological reconstruction study,Compressed sensing / parallel imaging;Motion correction,,Artifacts (aliasing/ghosting/Gibbs);Motion degradation;Robustness / distribution shift,3T,d by the Swedish Ethical Review Authority on a single GE Health- care 3 T Signa Premier scanner with a 48 channel head coil. A 3D spoiled gradi,SWI,Fully sampled acquisition,,yes,full text,2026 - An Exploration of Motion-Sampling Interactions in 3D MRI for Neuroimaging. - PMID 41204061.md
S161,,10.1007/978-3-032-05997-0_1,2026,"Perinatal, Preterm and Paediatric Image Analysis",Automatic Quality Control in Multi-centric Fetal Brain MRI Super-Resolution Reconstruction,Algorithmic / methodological reconstruction study,Super-resolution,,Artifacts (aliasing/ghosting/Gibbs),1.5T,"ts were acquired on different Siemens scanners (Erlangen, Germany) at 1.5T or 3T for CHUV and BCNatal, and on different GE Healthcare (Chicago,",T1w;T2w,Stated ground truth (unspecified),uk biobank,yes,full text,2026 - Automatic Quality Control in Multi-centric Fetal Brain MRI Super-Resolution Reconstruction - SPRINGER 10.1007_978-3-032-05997-0_1.md
S162,40432253,10.1002/mrm.30569,2026,Magnetic resonance in medicine,Block-interleaved segmented echo-planar imaging for improved activity detection in submillimeter high-resolution functional MRI at 7 T,Algorithmic / methodological reconstruction study,Compressed sensing / parallel imaging;Motion correction,Uncertainty estimation,Artifacts (aliasing/ghosting/Gibbs);Motion degradation;Robustness / distribution shift,7T,activity detection in submillimeter high-resolution functional MRI at 7 T. PURPOSE: Isotropic submillimeter high-resolution functional MRI (fMR,T1w,Conventional/standard-of-care acquisition,,yes,full text,2026 - Block-interleaved segmented echo-planar imaging for improved activity detection in submillimeter high-resolution functio - PMID 40432253.md
S163,41039908,10.1002/mrm.70113,2026,Magnetic resonance in medicine,Cartesian MaxGIRF: Model-based EPI reconstruction incorporating gradient nonlinearity and concomitant field effects,Algorithmic / methodological reconstruction study,Physics-based / unrolled;Generative (GAN/diffusion/VAE),,Artifacts (aliasing/ghosting/Gibbs);Geometric / anatomical distortion,7T,PI. Utilizing increased gradient strength at low-to-high fields (0.55–7.0T) introduces a new challenge because EPI suffers from the effects of c,T1w;DWI;SWI,Fully sampled acquisition,,yes,full text,2026 - Cartesian MaxGIRF Model-based EPI reconstruction incorporating gradient nonlinearity and concomitant field effects. - PMID 41039908.md
S164,40955094,10.1002/mrm.70073,2026,Magnetic resonance in medicine,Combined angiography and perfusion using radial imaging and arterial spin labeling with structural contrast,Algorithmic / methodological reconstruction study,,,Artifacts (aliasing/ghosting/Gibbs),3T,"ent protocol agreed by local ethics and institutional committees on a 3 T Prisma scanner (Siemens Healthineers, Erlangen, Germany) using a 32-c",T1w,Expert reader consensus,,yes,full text,2026 - Combined angiography and perfusion using radial imaging and arterial spin labeling with structural contrast. - PMID 40955094.md
S165,40961378,10.1002/mrm.70090,2026,Magnetic resonance in medicine,Contrast-optimized basis functions for self-navigated motion correction in quantitative MRI,Algorithmic / methodological reconstruction study,Motion correction,,Artifacts (aliasing/ghosting/Gibbs);Motion degradation;Robustness / distribution shift,3T,articipants were instructed to stay still during the scan. We used a 3 T Prisma scanner (Siemens Marchetto et al. Page 4 Magn Reson Med. Auth,T1w;SWI,Stated ground truth (unspecified),,yes,full text,2026 - Contrast-optimized basis functions for self-navigated motion correction in quantitative MRI. - PMID 40961378.md
S166,41958180,10.1002/nbm.70286,2026,NMR in biomedicine,DEEP-DISORDER: Motion Correction in 3D MRI via Segment Reconstruction and Registration,Algorithmic / methodological reconstruction study,Compressed sensing / parallel imaging;Motion correction,Pixel-wise metrics (PSNR/SSIM/NRMSE),Artifacts (aliasing/ghosting/Gibbs);Motion degradation,3T,Four hun­ dred sixteen of the scans were acquired on Philips Ingenia 3.0T scanners and 39 on an Ingenia Elition 3.0T X scanner. All partic­ ip,T1w;T2w;FLAIR,Fully sampled acquisition,,yes,full text,2026 - DEEP-DISORDER Motion Correction in 3D MRI via Segment Reconstruction and Registration. - PMID 41958180.md
S167,41866419,10.1038/s41598-026-44834-5,2026,Scientific reports,Deep learning approach to super-resolution correction of brain MRI motion artifacts for accurate hippocampal volumetry,Algorithmic / methodological reconstruction study,Super-resolution;Motion correction,Pixel-wise metrics (PSNR/SSIM/NRMSE),Artifacts (aliasing/ghosting/Gibbs);Motion degradation,3T,"se (https://sites.wustl.edu/oasisbrains/). All scans were acquired on 3T Siemens MRI systems (Trio or Biograph_mMR, Siemens Healthcare, Erlan",T1w,Stated ground truth (unspecified),ADNI;OASIS;fastMRI,not stated,full text,2026 - Deep learning approach to super-resolution correction of brain MRI motion artifacts for accurate hippocampal volumetry. - PMID 41866419.md
S168,41925834,10.1007/s00330-026-12482-y,2026,European radiology,Deep learning improves image quality in motion-robust and sedation-free pediatric brain MRI,Diagnostic accuracy / reader study,Compressed sensing / parallel imaging;Motion correction,Observer / reader study,Artifacts (aliasing/ghosting/Gibbs);Motion degradation;Robustness / distribution shift,3T,"nge, 5 to < 18 years). Data acquisition All scans were performed on a 3.0-T scanner (Ingenia 3.0- T ElitionX, Philips Healthcare) using the 32-ch",T1w;T2w;DWI,Expert reader consensus,FastMRI,not stated,full text,2026 - Deep learning improves image quality in motion-robust and sedation-free pediatric brain MRI. - PMID 41925834.md
S169,,10.3389/fnins.2026.1817732,2026,Frontiers in Neuroscience,Evaluating reliability of automated quantitative brain morphometry from fetal T2-weighted MRI,Algorithmic / methodological reconstruction study,,,Robustness / distribution shift,3T,MRI were excluded. Data acquisition MRI was acquired on a Siemens 3T Skyra scanner and included repeated multi-planar T2-weighted HASTE s,T2w,Expert reader consensus,,yes,full text,2026 - Evaluating reliability of automated quantitative brain morphometry from fetal T2-weighted MRI - SCOPUS 2-s2.0-105043287371.md
S170,41489091,10.1002/jmri.70221,2026,Journal of magnetic resonance imaging : JMRI,Evaluation of Image-Level Harmonization Methods for Multi-Center MR Neuroimaging,Algorithmic / methodological reconstruction study,,Perceptual / learned metrics,Robustness / distribution shift,3T,"multi-vendor scan sessions from 8 subjects. FIELD STRENGTH/SEQUENCE: 3.0T, T1w, and T2-FLAIR MRI sequences. ASSESSMENT: Gray/white matter cont",T1w;T2w;FLAIR,Expert reader consensus,ADNI;IXI;UK Biobank;adni,not stated,full text,2026 - Evaluation of Image-Level Harmonization Methods for Multi-Center MR Neuroimaging. - PMID 41489091.md
S171,42286078,10.1038/s41598-026-55397-w,2026,Scientific reports,Fast surface reconstruction of human brain MRI: benchmarking deep-learning based morphometry tools,Algorithmic / methodological reconstruction study,,,Hallucination / fidelity / instability;Robustness / distribution shift,not reported,,T1w,Stated ground truth (unspecified),ADNI;HCP;Human Connectome;OASIS;Oasis;human connectome,yes,full text,2026 - Fast surface reconstruction of human brain MRI benchmarking deep-learning based morphometry tools. - PMID 42286078.md
S172,40931540,10.1002/mrm.70072,2026,Magnetic resonance in medicine,Few-shot learning for highly accelerated 3D time-of-flight MRA reconstruction,Algorithmic / methodological reconstruction study,Physics-based / unrolled;Compressed sensing / parallel imaging,,Artifacts (aliasing/ghosting/Gibbs);Robustness / distribution shift,3T,"vivo multi-slab k-space acquisitions from healthy subjects scanned at 3T. Additionally, the effectiveness of the proposed simulation pipeline",T1w;T2w;FLAIR,Fully sampled acquisition,IXI;fastMRI;ixi,yes,full text,2026 - Few-shot learning for highly accelerated 3D time-of-flight MRA reconstruction. - PMID 40931540.md
S173,,10.3390/biomimetics11030175,2026,Biomimetics,GAN-Based Cross-Modality Brain MRI Synthesis: Paired Versus Unpaired Training and Comparison with Diffusion and Transformer Models,Algorithmic / methodological reconstruction study,Generative (GAN/diffusion/VAE);Denoising,Pixel-wise metrics (PSNR/SSIM/NRMSE),Hallucination / fidelity / instability,3T,", including differences in magnetic field strength (e.g., 1.5T versus 3T systems). Such varia- tions can alter image contrast and intensity di",T1w;T2w,Expert reader consensus,BraTS,not stated,full text,2026 - GAN-Based Cross-Modality Brain MRI Synthesis Paired Versus Unpaired Training and Comparison with Diffusion and Transform - SCOPUS 2-s2.0-105034094425.md
S174,,10.1109/tmi.2026.3654585,2026,IEEE Transactions on Medical Imaging,Highly Undersampled MRI Reconstruction via a Single Posterior Sampling of Diffusion Models,Algorithmic / methodological reconstruction study,Physics-based / unrolled;Generative (GAN/diffusion/VAE);Compressed sensing / parallel imaging;Denoising,Pixel-wise metrics (PSNR/SSIM/NRMSE);Uncertainty estimation,,3T,"for all MRI-QSM brain data used in this work), which were acquired at 3T (Discovery 750, GE Healthcare, Milwaukee, WI), with the following par",,Fully sampled acquisition,FASTMRI;fastMRI;fastmri,yes,full text,2026 - Highly Undersampled MRI Reconstruction via a Single Posterior Sampling of Diffusion Models - IEEEXPLORE 11355445.md
S175,41274083,10.1016/j.media.2025.103872,2026,Medical image analysis,Iterative learning for joint image denoising and motion artifact correction of 3D brain MRI,Algorithmic / methodological reconstruction study,Denoising;Motion correction,,Artifacts (aliasing/ghosting/Gibbs);Motion degradation,7T,"JR, Wald LL, 2011. Comparison of physiological noise at 1.5T, 3T and 7T and optimization of fMRI acquisition parameters. Neuroimage 55 (3),",T1w;DWI,Stated ground truth (unspecified),ADNI;UK biobank;adni,yes,full text,2026 - Iterative learning for joint image denoising and motion artifact correction of 3D brain MRI. - PMID 41274083.md
S176,,10.1007/978-3-032-05472-2_19,2026,Deep Generative Models,Latent Causal Modeling for 3D Brain MRI Counterfactuals,Algorithmic / methodological reconstruction study,Generative (GAN/diffusion/VAE),,Hallucination / fidelity / instability;Robustness / distribution shift,not reported,,T1w,Not stated,ADNI,not stated,full text,2026 - Latent Causal Modeling for 3D Brain MRI Counterfactuals - SPRINGER 10.1007_978-3-032-05472-2_19.md
S177,,10.1007/978-3-032-04937-7_27,2026,Medical Image Computing and Computer Assisted Intervention – MICCAI 2025,Lesion-Aware Post-training of Latent Diffusion Models for Synthesizing Diffusion MRI from CT Perfusion,Algorithmic / methodological reconstruction study,Generative (GAN/diffusion/VAE),,Hallucination / fidelity / instability,3T,scans including diffusion-weighted imaging (DWI) were acquired using 3.0T scanners with voxel size of 0.9375×0.9375 mm to 1×1 mm (in-plane) and,DWI,Stated ground truth (unspecified),,yes,full text,2026 - Lesion-Aware Post-training of Latent Diffusion Models for Synthesizing Diffusion MRI from CT Perfusion - SPRINGER 10.1007_978-3-032-04937-7_27.md
S178,,10.1109/isbi61048.2026.11515815,2026,2026 IEEE 23rd International Symposium on Biomedical Imaging (ISBI),MRIQT: Physics-Aware Diffusion Model for Image Quality Transfer in Neonatal Ultra-Low-Field MRI,Diagnostic accuracy / reader study,Generative (GAN/diffusion/VAE);Compressed sensing / parallel imaging;Denoising,Pixel-wise metrics (PSNR/SSIM/NRMSE);Perceptual / learned metrics;Observer / reader study,Hallucination / fidelity / instability,3T,anisotropic resolution). HF data were obtained from multiple clinical 3 T scanners with heterogeneous resolutions ranging from (0.35×0.34×0.43,T1w;T2w,Expert reader consensus,,yes,full text,2026 - MRIQT Physics-Aware Diffusion Model for Image Quality Transfer in Neonatal Ultra-Low-Field MRI - IEEEXPLORE 11515815.md
S179,,10.1109/tmi.2026.3705847,2026,IEEE Transactions on Medical Imaging,MotionDPS: Motion-Compensated 3D Brain MRI Reconstruction,Diagnostic accuracy / reader study,Physics-based / unrolled;Generative (GAN/diffusion/VAE);Compressed sensing / parallel imaging;Self-supervised / unsupervised;Motion correction,Observer / reader study;Uncertainty estimation,Artifacts (aliasing/ghosting/Gibbs);Motion degradation;Geometric / anatomical distortion;Robustness / distribution shift,3T,"diffusion prior. The data were acquired on a Philips Ingenia Elition 3T scanner, providing 3D T1-weighted volumes of size kz × ky × kx = 512",T1w,Not stated,Calgary-Campinas;FastMRI;fastMRI,not stated,full text,2026 - MotionDPS Motion-Compensated 3D Brain MRI Reconstruction - OPENALEX W7165516930.md
S180,,10.1007/978-3-032-05472-2_15,2026,Deep Generative Models,RealDeal: Enhancing Realism and Details in Brain Image Generation via Image-to-Image Diffusion Models,Algorithmic / methodological reconstruction study,Generative (GAN/diffusion/VAE),Perceptual / learned metrics,,not reported,,T1w,Not stated,HCP;Human Connectome,not stated,full text,2026 - RealDeal Enhancing Realism and Details in Brain Image Generation via Image-to-Image Diffusion Models - SPRINGER 10.1007_978-3-032-05472-2_15.md
S181,41477795,10.1109/tmi.2025.3650412,2026,IEEE transactions on medical imaging,Regression Is All You Need for Medical Image Translation,Algorithmic / methodological reconstruction study,Generative (GAN/diffusion/VAE);Denoising,Perceptual / learned metrics,Hallucination / fidelity / instability,3T,MH test set. MR acquisition was conducted at two sites using the same 3T scanner type and protocol [16]. We also tested on 82 MBB participants,T1w;T2w;FLAIR;DWI,Expert reader consensus,BRATS;BraTS;Brats;HCP;Human Connectome;IXI;human connectome;ixi,yes,full text,2026 - Regression Is All You Need for Medical Image Translation. - PMID 41477795.md
S182,,10.1038/s43856-026-01614-6,2026,Communications Medicine,"Simulation-based inference at the theoretical limit for fast, robust microstructural MRI with minimal diffusion data",Algorithmic / methodological reconstruction study,Generative (GAN/diffusion/VAE);Compressed sensing / parallel imaging,,Hallucination / fidelity / instability;Robustness / distribution shift,not reported,,DWI,Conventional/standard-of-care acquisition,,not stated,abstract + MeSH only,"2026 - Simulation-based inference at the theoretical limit for fast, robust microstructural MRI with minimal diffusion data - SPRINGER 10.1038_s43856-026-01614-6.md"
S183,41580445,10.1038/s41598-025-33162-9,2026,Scientific reports,SynPoC: a high-quality generative diffusion model for transforming ultra-low-field point-of-care MRI using high-field MRI representations,Algorithmic / methodological reconstruction study,Generative (GAN/diffusion/VAE),,Hallucination / fidelity / instability,3T,". We therefore provide synchronized slice-by-slice comparison videos (3T, PoC, SynPoC) to aid reader inspection and emphasize that SynPoC is n",T1w;T2w;FLAIR;DWI,Expert reader consensus,,not stated,full text,2026 - SynPoC a high-quality generative diffusion model for transforming ultra-low-field point-of-care MRI using high-field MRI - PMID 41580445.md
S184,,10.1007/s00062-026-01627-7,2026,Clinical Neuroradiology,Ultra-Fast Sub-Minute Brain MRI with Deep-Learning-reconstruction for Anesthesia-Free Emergency Imaging in Children,Algorithmic / methodological reconstruction study,,,,1.5T,e clinical follow up). Image Acquisition Imaging was performed with a 1.5-T clinical scanner (Magnetom Sola; Siemens Healthcare) using a 20-chann,T1w;T2w;FLAIR;DWI,Expert reader consensus,,not stated,full text,2026 - Ultra-Fast Sub-Minute Brain MRI with Deep-Learning-reconstruction for Anesthesia-Free Emergency Imaging in Children - SPRINGER 10.1007_s00062-026-01627-7.md
S185,40891385,10.1002/mrm.70054,2026,Magnetic resonance in medicine,Vessel segmentation for χ $$ \\chi $$ -separation in quantitative susceptibility mapping,Algorithmic / methodological reconstruction study,,,Artifacts (aliasing/ghosting/Gibbs),7T,"\chi}_{para} $$ and 68.7% for | χ dia | $$ \mid {\chi}_{dia}\mid $$ , 7 T: 76.9% for χ para $$ {\chi}_{para} $$ and 72.6% for | χ dia | $$ \mid",,Not stated,,not stated,abstract + MeSH only,2026 - Vessel segmentation for χ $$ chi $$ -separation in quantitative susceptibility mapping. - PMID 40891385.md
S186,30884007,10.1002/jmri.26712,2019,Journal of magnetic resonance imaging : JMRI,Data-driven synthetic MRI FLAIR artifact correction via deep neural network.,Diagnostic accuracy / reader study,Denoising,Pixel-wise metrics (PSNR/SSIM/NRMSE);Observer / reader study,Artifacts (aliasing/ghosting/Gibbs),3T,", 57.3 ± 20.4 years, 13 males, 10 females). FIELD STRENGTH/SEQUENCE: 3 T MRI using a multiple-dynamic multiple-echo acquisition (MDME) sequenc",T1w;T2w;FLAIR,Expert reader consensus,,not stated,full text,2019 - Data-driven synthetic MRI FLAIR artifact correction via deep neural network. - PMID 30884007.md
S187,,10.1109/access.2020.2968395,2020,IEEE Access,Brain MRI Super-Resolution Using 3D Dilated Convolutional Encoder–Decoder Network,Algorithmic / methodological reconstruction study,Super-resolution,Pixel-wise metrics (PSNR/SSIM/NRMSE),Artifacts (aliasing/ghosting/Gibbs),3T,"nd P. C. Van Zijl, ‘‘Multi-parametric neuroimaging reproducibility: A 3-T resource study,’’ _NeuroImage_ , vol. 54, no. 4, pp. 2854–2866, Feb.",T1w,Expert reader consensus,BRATS;BraTS,yes,full text,2020 - Brain MRI Super-Resolution Using 3D Dilated Convolutional Encoder–Decoder Network - IEEEXPLORE 8967055.md
S188,32542779,10.1002/jmri.27255,2020,Journal of magnetic resonance imaging : JMRI,Combined Denoising and Suppression of Transient Artifacts in Arterial Spin Labeling MRI Using Deep Learning.,Algorithmic / methodological reconstruction study,Denoising,Pixel-wise metrics (PSNR/SSIM/NRMSE),Artifacts (aliasing/ghosting/Gibbs),3T,ealthy adult subjects for model evaluation. FIELD STRENGTH/SEQUENCE: 3T / pseudo-continuous and pulsed ASL with 3D gradient-and-spin-echo rea,T1w,Not stated,,yes,full text,2020 - Combined Denoising and Suppression of Transient Artifacts in Arterial Spin Labeling MRI Using Deep Learning. - PMID 32542779.md
S189,,10.1109/ojsp.2021.3100751,2021,IEEE Open Journal of Signal Processing,Dictionary+Wavelet Model With Nested-Minorized VB-EM for SMS-CAIPI R-fMRI Reconstruction,Algorithmic / methodological reconstruction study,Compressed sensing / parallel imaging,Pixel-wise metrics (PSNR/SSIM/NRMSE),Artifacts (aliasing/ghosting/Gibbs),7T,", 2009. - [5] S. Moeller _et al._ , “Multiband multislice GE-EPI at 7 tesla, with 16fold acceleration using partial parallel imaging with applica",,Fully sampled acquisition,HCP;Human Connectome,not stated,full text,2021 - Dictionary+Wavelet Model With Nested-Minorized VB-EM for SMS-CAIPI R-fMRI Reconstruction - IEEEXPLORE 9501974.md
S190,33039617,10.1016/j.neuroimage.2020.117366,2021,NeuroImage,Uncertainty modelling in deep learning for safer neuroimage enhancement: Demonstration in diffusion MRI.,Algorithmic / methodological reconstruction study,Super-resolution,Uncertainty estimation,Robustness / distribution shift,3T,"et al. (2016), a variant of CNN was applied to predict 7T images from 3T MRI, where both contrast and resolution are enhanced. Another notable",T1w;T2w;DWI,Stated ground truth (unspecified),HCP;Human Connectome;Human connectome;human connectome,yes,full text,2021 - Uncertainty modelling in deep learning for safer neuroimage enhancement Demonstration in diffusion MRI. - PMID 33039617.md
S191,35753594,10.1016/j.neuroimage.2022.119411,2022,NeuroImage,Stacked U-Nets with self-assisted priors towards robust correction of rigid motion artifact in brain MRI.,Algorithmic / methodological reconstruction study,Motion correction,Pixel-wise metrics (PSNR/SSIM/NRMSE),Motion degradation,3T,"hted gradient echoes, called BRAin VOlume (BRAVO), were acquired on a 3.0 Tesla MRI scanner (SIGNA Premier, GE Healthcare, United States) with the fo",T1w;T2w;FLAIR;DWI,Expert reader consensus,,yes,full text,2022 - Stacked U-Nets with self-assisted priors towards robust correction of rigid motion artifact in brain MRI. - PMID 35753594.md
S192,34863809,10.1016/j.neurad.2021.11.007,2022,Journal of neuroradiology = Journal de neuroradiologie,The effect of a post-scan processing denoising system on image quality and morphometric analysis.,Algorithmic / methodological reconstruction study,Denoising,,,1.5T,n MR image quality and brain morphometric analysis. METHODS: We used 1.5T MP-RAGE MR images acquired from the Alzheimer's Disease Neuroimaging,T1w,Stated ground truth (unspecified),ADNI;adni,not stated,full text,2022 - The effect of a post-scan processing denoising system on image quality and morphometric analysis. - PMID 34863809.md
S193,37263108,10.1016/j.media.2023.102850,2023,Medical image analysis,Automatic brain MRI motion artifact detection based on end-to-end deep learning is similarly effective as traditional machine learning trained on image quality metrics.,Diagnostic accuracy / reader study,,Observer / reader study,Motion degradation,3T,"pants. Image acquisitions were performed on a Siemens Magnetom Prisma 3T MRI scanner (Siemens Healthcare GmbH, Erlangen, Germany) with the sta",T1w;T2w;FLAIR;DWI;SWI,Expert reader consensus,ADNI;OASIS;UK Biobank;UK biobank,yes,full text,2023 - Automatic brain MRI motion artifact detection based on end-to-end deep learning is similarly effective as traditional ma - PMID 37263108.md
S194,,10.1109/tmi.2022.3217725,2023,IEEE Transactions on Medical Imaging,Fetal MRI by Robust Deep Generative Prior Reconstruction and Diffeomorphic Registration,Diagnostic accuracy / reader study,Generative (GAN/diffusion/VAE);Motion correction,Pixel-wise metrics (PSNR/SSIM/NRMSE);Observer / reader study,Motion degradation,not reported,,SWI,Stated ground truth (unspecified),,not stated,full text,2023 - Fetal MRI by Robust Deep Generative Prior Reconstruction and Diffeomorphic Registration - IEEEXPLORE 9931156.md
S195,37976548,10.1088/1361-6560/ad0ddc,2023,Physics in medicine and biology,Mitigating misalignment in MRI-to-CT synthesis for improved synthetic CT generation: an iterative refinement and knowledge distillation approach.,Algorithmic / methodological reconstruction study,Generative (GAN/diffusion/VAE),Pixel-wise metrics (PSNR/SSIM/NRMSE),Hallucination / fidelity / instability,3T,"sing immobilization fixation devices. MR images were acquired using a 3T MR scanner (DISCOVERY MR750w, GE Medical System, Milwaukee WI), incor",T1w;T2w,Not stated,,not stated,full text,2023 - Mitigating misalignment in MRI-to-CT synthesis for improved synthetic CT generation an iterative refinement and knowledg - PMID 37976548.md
S196,37010491,10.1002/mrm.29642,2023,Magnetic resonance in medicine,Pushing the limits of low-cost ultra-low-field MRI by dual-acquisition deep learning 3D superresolution.,Algorithmic / methodological reconstruction study,Super-resolution,Pixel-wise metrics (PSNR/SSIM/NRMSE),Artifacts (aliasing/ghosting/Gibbs),3T,brain imaging through deep learning of large-scale publicly available 3T brain data. METHODS: A dual-acquisition 3D superresolution model is,T1w;T2w;FLAIR;DWI;SWI,Expert reader consensus,HCP;Human Connectome;UK Biobank;UK biobank;fastMRI,not stated,full text,2023 - Pushing the limits of low-cost ultra-low-field MRI by dual-acquisition deep learning 3D superresolution. - PMID 37010491.md
S197,37604079,10.1016/j.neunet.2023.08.004,2023,Neural networks : the official journal of the International Neural Network Society,Sinogram upsampling using Primal-Dual UNet for undersampled CT and radial MRI reconstruction.,Algorithmic / methodological reconstruction study,Physics-based / unrolled;Compressed sensing / parallel imaging,Pixel-wise metrics (PSNR/SSIM/NRMSE),Artifacts (aliasing/ghosting/Gibbs),3T,ng the different hospitals at two different field strengths (1.5T and 3T).fferent hospitals at two different field strengths (1.5T and 3T).ere,T1w;T2w;DWI,Fully sampled acquisition,IXI;ixi,yes,full text,2023 - Sinogram upsampling using Primal-Dual UNet for undersampled CT and radial MRI reconstruction. - PMID 37604079.md
S198,38043105,10.1002/mp.16850,2024,Medical physics,A novel loss function to reproduce texture features for deep learning-based MRI-to-CT synthesis.,Algorithmic / methodological reconstruction study,Generative (GAN/diffusion/VAE),Pixel-wise metrics (PSNR/SSIM/NRMSE),Hallucination / fidelity / instability,3T,"512-pixel image size, and 3-mm slice thickness) and a single MR scan (3.0T MR, T1-FSE- Axial sequence, GE Healthcare) (834-ms repetition time,7.",FLAIR,Expert reader consensus,,yes,full text,2024 - A novel loss function to reproduce texture features for deep learning-based MRI-to-CT synthesis. - PMID 38043105.md
S199,37877463,10.1002/jmri.29088,2024,Journal of magnetic resonance imaging : JMRI,Deep Learning-Driven Transformation: A Novel Approach for Mitigating Batch Effects in Diffusion MRI Beyond Traditional Harmonization.,Diagnostic accuracy / reader study,Super-resolution,Pixel-wise metrics (PSNR/SSIM/NRMSE);Observer / reader study,Robustness / distribution shift,3T,TH/SEQUENCE: Seven MR scanners from four manufacturers with 1.5 T and 3 T magnetic field strengths. DWIs were acquired using spin-echo sequence,T2w;DWI,Expert reader consensus,,not stated,full text,2024 - Deep Learning-Driven Transformation A Novel Approach for Mitigating Batch Effects in Diffusion MRI Beyond Traditional Ha - PMID 37877463.md
S200,38808752,10.1002/nbm.5179,2024,NMR in biomedicine,Deep-learning-based motion correction using multichannel MRI data: a study using simulated artifacts in the fastMRI dataset.,Algorithmic / methodological reconstruction study,Generative (GAN/diffusion/VAE);Motion correction,Pixel-wise metrics (PSNR/SSIM/NRMSE),Motion degradation,not reported,,,Expert reader consensus,fastMRI,not stated,partial full text (truncated),2024 - Deep-learning-based motion correction using multichannel MRI data a study using simulated artifacts in the fastMRI datas - PMID 38808752.md
S201,37665773,10.1002/mp.16724,2024,Medical physics,GAN-based metal artifacts region inpainting in brain MRI imaging with reflective registration.,Algorithmic / methodological reconstruction study,Generative (GAN/diffusion/VAE),Pixel-wise metrics (PSNR/SSIM/NRMSE),Artifacts (aliasing/ghosting/Gibbs);Geometric / anatomical distortion,1.5T,"The scanning parameters were as follows:a magnetic field strength of 1.5 T,repetition time of 4.97 ms,TE of 2.46 ms,flip angle of 100<sup>◦</sup",T1w,Conventional/standard-of-care acquisition,,not stated,full text,2024 - GAN-based metal artifacts region inpainting in brain MRI imaging with reflective registration. - PMID 37665773.md
S202,37864370,10.1002/jmri.29072,2024,Journal of magnetic resonance imaging : JMRI,Handling Missing MRI Data in Brain Tumors Classification Tasks: Usage of Synthetic Images vs. Duplicate Images and Empty Images.,Diagnostic accuracy / reader study,Generative (GAN/diffusion/VAE),Pixel-wise metrics (PSNR/SSIM/NRMSE);Observer / reader study,Hallucination / fidelity / instability,3T,"FIELD STRENGTH/SEQUENCE: T1WI, T1WI+C, T2WI, and FLAIR images (1.5T/3.0T-MR), obtained from different suppliers. ASSESSMENT: Three image-to-i",T1w;T2w;FLAIR,Expert reader consensus,BRATS;BraTS;brats,yes,full text,2024 - Handling Missing MRI Data in Brain Tumors Classification Tasks Usage of Synthetic Images vs. Duplicate Images and Empty - PMID 37864370.md
S203,,10.1109/access.2024.3364699,2024,IEEE Access,HARA-GAN: Hybrid Attention and Relative Average Discriminator Based Generative Adversarial Network for MR Image Reconstruction,Algorithmic / methodological reconstruction study,Generative (GAN/diffusion/VAE);Compressed sensing / parallel imaging,Pixel-wise metrics (PSNR/SSIM/NRMSE),Artifacts (aliasing/ghosting/Gibbs),not reported,,,Fully sampled acquisition,,not stated,full text,2024 - HARA-GAN Hybrid Attention and Relative Average Discriminator Based Generative Adversarial Network for MR Image Reconstru - IEEEXPLORE 10431779.md
S204,39887812,10.1002/jmri.29682,2025,Journal of magnetic resonance imaging : JMRI,Application of Anti-Motion Ultra-Fast Quantitative MRI in Neurological Disorder Imaging: Insights From Huntington's Disease.,Algorithmic / methodological reconstruction study,Motion correction,,Motion degradation,3T,"d 27 healthy controls (male/female: 15/12). FIELD STRENGTH/SEQUENCE: 3.0 T. MOLED-T2 sequence, MOLED-T2* sequence, T2-weighted spin-echo sequenc",T1w;T2w;DWI;SWI,Conventional/standard-of-care acquisition,,not stated,full text,2025 - Application of Anti-Motion Ultra-Fast Quantitative MRI in Neurological Disorder Imaging Insights From Huntington's Disea - PMID 39887812.md
S205,39424209,10.1016/j.mri.2024.110252,2025,Magnetic resonance imaging,Bayesian merged utilization of GRAPPA and SENSE (BMUGS) for in-plane accelerated reconstruction increases fMRI detection power.,Algorithmic / methodological reconstruction study,Compressed sensing / parallel imaging,,Artifacts (aliasing/ghosting/Gibbs),3T,iption An fMRI experiment on a single subject was conducted using a 3.0 T General Electric Signa LX magnetic resonance imager. This experiment,T1w;DWI,Fully sampled acquisition,human connectome,not stated,full text,2025 - Bayesian merged utilization of GRAPPA and SENSE (BMUGS) for in-plane accelerated reconstruction increases fMRI detection - PMID 39424209.md
S206,39290071,10.1002/mrm.30278,2025,Magnetic resonance in medicine,Denoising of dual-VENC PC-MRI with large high/low VENC ratios.,Algorithmic / methodological reconstruction study,Denoising,Pixel-wise metrics (PSNR/SSIM/NRMSE),Artifacts (aliasing/ghosting/Gibbs),1.5T,"sequence of the 2D PC-MRI data was collected from 8 patients using a 1.5 T scanner (Philips Achieva) with VENCs of 150 _,_ 50 _,_ 37 _._ 5 cm/s.",,Stated ground truth (unspecified),,yes,full text,2025 - Denoising of dual-VENC PC-MRI with large high low VENC ratios. - PMID 39290071.md
S207,40436128,10.1016/j.neuroimage.2025.121297,2025,NeuroImage,Diffusion based multi-domain neuroimaging harmonization method with preservation of anatomical details.,Algorithmic / methodological reconstruction study,Generative (GAN/diffusion/VAE),Perceptual / learned metrics,Hallucination / fidelity / instability;Geometric / anatomical distortion,3T,m ABIDE II. ||EMC|ETH|GU|NYU| |---|---|---|---|---| |Field Strength|3T|3T|3T|3T| |Manufacture|GE|Philips|Siemens|Siemens| |Model|MR750|Achie,T1w;T2w;FLAIR,Stated ground truth (unspecified),ADNI;adni,not stated,full text,2025 - Diffusion based multi-domain neuroimaging harmonization method with preservation of anatomical details. - PMID 40436128.md
S208,40915097,10.1016/j.cmpb.2025.109045,2025,Computer methods and programs in biomedicine,Enhancing reconstruction-based out-of-distribution detection in brain MRI with model and metric ensembles.,Algorithmic / methodological reconstruction study,Self-supervised / unsupervised,Perceptual / learned metrics;Uncertainty estimation,Artifacts (aliasing/ghosting/Gibbs);Robustness / distribution shift,not reported,,,Stated ground truth (unspecified),,yes,full text,2025 - Enhancing reconstruction-based out-of-distribution detection in brain MRI with model and metric ensembles. - PMID 40915097.md
S209,39847946,10.1016/j.compbiomed.2025.109660,2025,Computers in biology and medicine,Guided reconstruction with conditioned diffusion models for unsupervised anomaly detection in brain MRIs.,Algorithmic / methodological reconstruction study,Generative (GAN/diffusion/VAE);Self-supervised / unsupervised,,Hallucination / fidelity / instability;Robustness / distribution shift,not reported,,T1w;T2w;FLAIR,Stated ground truth (unspecified),BRATS;BraTS;IXI;brats;ixi,yes,full text,2025 - Guided reconstruction with conditioned diffusion models for unsupervised anomaly detection in brain MRIs. - PMID 39847946.md
S210,40275620,10.1002/mrm.30512,2025,Magnetic resonance in medicine,Higher spatial resolution and sensitivity in whole brain functional MRI at 7T using 3D EPI accelerated with variable density CAIPI sampling and temporal random walk.,Algorithmic / methodological reconstruction study,Compressed sensing / parallel imaging,Pixel-wise metrics (PSNR/SSIM/NRMSE),Artifacts (aliasing/ghosting/Gibbs),7T,r spatial resolution and sensitivity in whole brain functional MRI at 7T using 3D EPI accelerated with variable density CAIPI sampling and tem,T1w;T2w;SWI,Not stated,,yes,full text,2025 - Higher spatial resolution and sensitivity in whole brain functional MRI at 7T using 3D EPI accelerated with variable den - PMID 40275620.md
S211,39233495,10.1002/mrm.30266,2025,Magnetic resonance in medicine,Motion and temporal B0-shift corrections for QSM and R 2 * mapping using dual-echo spiral navigators and conjugate-phase reconstruction.,Algorithmic / methodological reconstruction study,Motion correction,,Motion degradation;Artifacts (aliasing/ghosting/Gibbs),7T,"z (Figure 6A,B), which was similar to what was reported previously at 7 T and suggests that the effect of the B0 shift cannot be ignored at 3 T",T1w;SWI,Fully sampled acquisition,,not stated,full text,2025 - Motion and temporal B0-shift corrections for QSM and R 2 mapping using dual-echo spiral navigators and conjugate-phase r - PMID 39233495.md
S212,40089979,10.1002/mp.17747,2025,Medical physics,Quantitative susceptibility mapping via deep neural networks with iterative reverse concatenations and recurrent modules.,Algorithmic / methodological reconstruction study,Physics-based / unrolled,Pixel-wise metrics (PSNR/SSIM/NRMSE),Artifacts (aliasing/ghosting/Gibbs);Hallucination / fidelity / instability,3T,f 24×36×20 for network training. The full-sized data were acquired at 3T with 1 mm isotropic resolution and reconstructed using traditional,SWI,Stated ground truth (unspecified),,yes,full text,2025 - Quantitative susceptibility mapping via deep neural networks with iterative reverse concatenations and recurrent modules - PMID 40089979.md
S213,40639972,10.3174/ajnr.a8728,2025,AJNR. American journal of neuroradiology,Slice-to-Volume Reconstruction of Fetal Brain MR Imaging in Clinical Practice.,Diagnostic accuracy / reader study,Motion correction,Observer / reader study,Motion degradation,1.5T,t was waived. #### Scanning Parameters Imaging was performed on a 1.5T MRI scanner (Ingenia; Philips Healthcare). The body coil was used for,T2w;SWI,Expert reader consensus,,yes,full text,2025 - Slice-to-Volume Reconstruction of Fetal Brain MR Imaging in Clinical Practice. - PMID 40639972.md
S214,,10.1007/s10586-026-06180-z,2026,Cluster Computing,Bald Uakari Algorithm: a novel nature-inspired metaheuristic for missing pixel imputation in medical images,Algorithmic / methodological reconstruction study,Generative (GAN/diffusion/VAE),Pixel-wise metrics (PSNR/SSIM/NRMSE),,not reported,,T1w;T2w;FLAIR,Conventional/standard-of-care acquisition,BRATS;BraTS,not stated,full text,2026 - Bald Uakari Algorithm a novel nature-inspired metaheuristic for missing pixel imputation in medical images - SPRINGER 10.1007_s10586-026-06180-z.md
S215,40758495,10.1109/tmi.2025.3595421,2026,IEEE transactions on medical imaging,Diff-Def: Diffusion-Generated Deformation Fields for Conditional Atlases.,Algorithmic / methodological reconstruction study,Generative (GAN/diffusion/VAE),Pixel-wise metrics (PSNR/SSIM/NRMSE);Perceptual / learned metrics,Hallucination / fidelity / instability,not reported,,T1w,Conventional/standard-of-care acquisition,UK Biobank,yes,full text,2026 - Diff-Def Diffusion-Generated Deformation Fields for Conditional Atlases. - PMID 40758495.md
S216,41794343,10.1016/j.mri.2026.110656,2026,Magnetic resonance imaging,Improved image quality and reduced acquisition time in brain MRI using deep learning-based reconstruction: A quantitative and subjective assessment compared to standard MPRAGE in 0.55 T MRI.,Diagnostic accuracy / reader study,Physics-based / unrolled;Compressed sensing / parallel imaging,Pixel-wise metrics (PSNR/SSIM/NRMSE);Observer / reader study,Artifacts (aliasing/ghosting/Gibbs),3T,"lthy volunteers in different body regions utilizing routine 1.5 T and 3 T scanners (MAGNETOM scanners, Siemens Healthineers, Forchheim, Germany",T1w;T2w;FLAIR;DWI,Fully sampled acquisition,fastMRI,not stated,full text,2026 - Improved image quality and reduced acquisition time in brain MRI using deep learning-based reconstruction A quantitative - PMID 41794343.md
S217,40945172,10.1016/j.media.2025.103763,2026,Medical image analysis,IterMask3D: Unsupervised anomaly detection and segmentation with test-time iterative mask refinement in 3D brain MRI.,Algorithmic / methodological reconstruction study,Self-supervised / unsupervised,,Artifacts (aliasing/ghosting/Gibbs);Hallucination / fidelity / instability,not reported,,T1w;T2w;FLAIR;SWI,Stated ground truth (unspecified),ADNI;BRATS;BraTS;OASIS;adni;brats,yes,full text,2026 - IterMask3D Unsupervised anomaly detection and segmentation with test-time iterative mask refinement in 3D brain MRI. - PMID 40945172.md
S218,,10.1109/tmi.2026.3673956,2026,IEEE Transactions on Medical Imaging,Learning Fourier-Constrained Diffusion Bridges for MRI Reconstruction,Algorithmic / methodological reconstruction study,Generative (GAN/diffusion/VAE);Physics-based / unrolled;Compressed sensing / parallel imaging,Pixel-wise metrics (PSNR/SSIM/NRMSE),Artifacts (aliasing/ghosting/Gibbs),not reported,,FLAIR,Fully sampled acquisition,FASTMRI;FastMRI;IXI;fastMRI;ixi,yes,full text,2026 - Learning Fourier-Constrained Diffusion Bridges for MRI Reconstruction - IEEEXPLORE 11433825.md
S219,,10.3390/magnetochemistry12010014,2026,MAGNETOCHEMISTRY,Simulation Data-Based Dual Domain Network (Sim-DDNet) for Motion Artifact Reduction in MR Images,Algorithmic / methodological reconstruction study,Physics-based / unrolled;Motion correction,Pixel-wise metrics (PSNR/SSIM/NRMSE),Motion degradation;Hallucination / fidelity / instability,3T,"nner vendors, imaging protocols, and field strengths (e.g., 1.5 T and 3.0 T), to more systematically assess clinical applicability and generaliza",T2w,Expert reader consensus,ADNI;adni,not stated,full text,2026 - Simulation Data-Based Dual Domain Network (Sim-DDNet) for Motion Artifact Reduction in MR Images - WEBOFSCIENCE WOS_001670889700001.md
S220,,10.1109/access.2026.3712275,2026,IEEE Access,Technical Feasibility of an Efficient Deep Learning-Based Super-Resolution Method for 3D MR Angiography,Algorithmic / methodological reconstruction study,Super-resolution,Pixel-wise metrics (PSNR/SSIM/NRMSE),Artifacts (aliasing/ghosting/Gibbs),7T,"–<br>3625. doi: 10.1109/WACV45572.2020.9093603.| ||<br>angiography at 7 Tesla,”_Sci. Rep._, vol. 12, no. 1, p. 20306,<br>|[19]|A. Dosovitskiy_et al",,Stated ground truth (unspecified),,yes,full text,2026 - Technical Feasibility of an Efficient Deep Learning-Based Super-Resolution Method for 3D MR Angiography - IEEEXPLORE 11603351.md
