study_key,pmid,doi,year,title,study_design,design_detail,appraisal_instrument,appraisal_basis,n_readers,n_subjects,reader_subset_verified,rob_patient_selection,rob_patient_selection_evidence,rob_patient_selection_rationale,rob_index_test,rob_index_test_evidence,rob_index_test_rationale,rob_reference_standard,rob_reference_standard_evidence,rob_reference_standard_rationale,rob_flow_timing,rob_flow_timing_evidence,rob_flow_timing_rationale,app_patient_selection,app_patient_selection_evidence,app_patient_selection_rationale,app_index_test,app_index_test_evidence,app_index_test_rationale,app_reference_standard,app_reference_standard_evidence,app_reference_standard_rationale,repro_code_available,repro_code_evidence,repro_public_dataset,repro_dataset_evidence,repro_benchmark,repro_reference_standard,repro_sampling,repro_centres,repro_sampling_evidence,repro_ethics_stated,rater_status,reviewer_1,reviewer_2,reviewer_3,consensus_note
S001,9419562,10.1016/s1076-6332(05)80184-9,1995,Detection of degradation of magnetic resonance (MR) images: comparison of an automated MR image-quality analysis system with trained human observers,Diagnostic accuracy / reader study,technical validation with reader assessment,QUADAS-2,abstract + MeSH only,,,human reader not ascertainable at appraisal (abstract and MeSH basis); design label retained,Unclear,"Parameters for imaging the test object and normal human volunteers were set to values that decreased the signal-to-noise ratio (SNR), caused distortion, and increased the slice thickness and separation.","Abstract only; volunteers and a test object are mentioned but no sampling rule, number of subjects, or inclusion/exclusion criteria are described.",Unclear,"To evaluate the validity of this assumption, we compared the sensitivity of a test object and automated image analysis system for MR imaging QC with the sensitivity of trained human observers","No statement about whether observers were blinded to which images had been degraded or to the degradation level, and no pre-specified detection threshold is reported.",Low,with the sensitivity of trained human observers by evaluating images that were intentionally degraded,"The ground truth was the experimentally applied degradation, which is known by construction and therefore classifies the target condition (presence/level of degradation) correctly.",Unclear,,"The abstract gives no information on how many images or observers entered the analysis, or whether any data were excluded.",High,"Parameters for imaging the test object and normal human volunteers were set to values that decreased the signal-to-noise ratio (SNR), caused distortion, and increased the slice thickness and separation.","A phantom test object plus normal volunteers, with no clinical brain-MRI patient population, does not match a review question about preserving diagnostic content in patients.",High,Automated analysis of test object images was able to detect all image degradations at the minimum levels applied.,"The index test is deliberate parameter-driven degradation assessed by an automated QC system, not an accelerated or AI-based image reconstruction.",High,Further investigation is needed to better define the accuracy with which quantitative image-quality analysis predicts the effects of degraded image quality on the ability of human observers to detect subtle abnormalities in clinical images.,"The authors explicitly state that the link between image-quality degradation and detection of clinical abnormalities was not established, so the reference does not address diagnostic content.",not stated,,not stated,,,Not stated,not stated,not stated,,not stated,verified,Dat Tat Mai,Thai Viet Pham,Thu Nguyen Thi Dang,"Independently appraised by three reviewers (2026-08-06); independent ratings agreed on all domains, no adjudication required."
S002,,10.1109/42.387716,1995,Using an image database to constrain the acquisition and reconstruction of MR images of the human head,Algorithmic / methodological reconstruction study,,Reproducibility & robustness checklist,full text,,,,n/a,,,n/a,,,n/a,,,n/a,,,n/a,,,n/a,,,n/a,,,not stated,,not stated,,,Expert reader consensus,retrospective,not stated,slated a few pixels in the FE and PE directions so that the head was retrospectively centered in the field of view no matter how the patient was posit,not stated,"n/a - evidence-linked extraction, not a rated appraisal",,,,"Reproducibility and robustness items extracted with supporting evidence; QUADAS-2 does not apply to this design, so no risk-of-bias rating was made."
S003,,10.1109/isspit.2005.1577201,2005,Quality evaluation of fast morphing interpolation model for 3D volume reconstruction,Algorithmic / methodological reconstruction study,,Reproducibility & robustness checklist,full text,,,,n/a,,,n/a,,,n/a,,,n/a,,,n/a,,,n/a,,,n/a,,,not stated,,not stated,,,Expert reader consensus,not stated,not stated,,not stated,"n/a - evidence-linked extraction, not a rated appraisal",,,,"Reproducibility and robustness items extracted with supporting evidence; QUADAS-2 does not apply to this design, so no risk-of-bias rating was made."
S004,17117780,10.1109/tmi.2006.881374,2006,Using human and model performance to compare MRI reconstructions,Diagnostic accuracy / reader study,reader study,QUADAS-2,abstract + MeSH only,,,human reader not ascertainable at appraisal (abstract and MeSH basis); design label retained,High,We measured human and channelized Hotelling observers in a two-alternative forced-choice signal-known-exactly detection task on synthetic MR images.,"No patients were sampled at all; the material is synthetic imagery with inserted signals, an artificial signal-present/signal-absent design analogous to case-control selection.",Unclear,"We compared three reconstructions: magnitude, wavelet-based denoising, and phase-corrected real. Human observers performed approximately equally using all three reconstructions.",Three reconstructions were compared but the abstract does not say whether observers were blinded to which reconstruction they were viewing (only full text available is a mismatched PDF of an unrelated sonar paper).,Low,We measured human and channelized Hotelling observers in a two-alternative forced-choice signal-known-exactly detection task on synthetic MR images.,Signal-known-exactly truth on synthetic images means the reference is correct by construction and independent of the observers' decisions.,Unclear,,"No information on the number of trials, observers, or images entering the analysis, or on any exclusions.",High,We measured human and channelized Hotelling observers in a two-alternative forced-choice signal-known-exactly detection task on synthetic MR images.,Synthetic images with no human subjects and no stated anatomy do not match a review question about brain MRI in patients.,High,"We compared three reconstructions: magnitude, wavelet-based denoising, and phase-corrected real. Human observers performed approximately equally using all three reconstructions.",The reconstructions compared are magnitude/denoising/phase-correction for low-SNR images rather than accelerated or undersampled brain reconstruction.,High,We measured human and channelized Hotelling observers in a two-alternative forced-choice signal-known-exactly detection task on synthetic MR images.,"The ground truth is an inserted synthetic signal, not a fully sampled acquisition or an expert radiological reading of real pathology.",not stated,,not stated,,,Not stated,not stated,not stated,,not stated,verified,Dat Tat Mai,Thai Viet Pham,Thu Nguyen Thi Dang,"Independently appraised by three reviewers (2026-08-06); independent ratings agreed on all domains, no adjudication required."
S005,23218792,10.1016/j.mri.2012.09.009,2013,A new perceptual difference model for diagnostically relevant quantitative image quality evaluation: a preliminary study,Diagnostic accuracy / reader study,technical validation with reader assessment,QUADAS-2,full text,5,1,yes,High,"Three high resolution raw parallel MRI brain data sets (T2-weighted, flip angle = 90°, TR/TE = 3000/85 ms, matrix size 512×512, slice thickness = 20mm, FOV = 205mm×205mm, resolution 0.4mm×0.4mm) were acquired from a healthy volunteer.","The entire image material comes from three planes of a single healthy volunteer, a convenience sample with no selection rule and no patients.",High,Observers were aware that we considered the reference image to be “best” and that they should consider it to have a score of zero,"Observers were explicitly told which panel was the fully sampled reference and which was the reconstructed test image, so ratings of the index reconstruction were made unblinded.",High,"Each human subject presentation consisted of a two-panel display, with the high-quality reference image and a randomly selected test image on the left and right, respectively.","The fully sampled reference was displayed simultaneously in a fixed, identified position, so it was not interpreted independently of the index test.",Low,"Data for CS reconstruction was generated synthetically by randomly under-sampling the two-dimensional reference k-space data, which was obtained from the reference image through Fourier transform, in the phase encoding direction.","All test reconstructions were derived retrospectively from the same reference k-space, so the interval is zero and every test image shares an identical reference standard.",High,"As the current study did not include pathological data, we will continue to study the performance of Artifact-PDM for evaluation of clinical images.","The authors concede that no pathological or clinical data were included, so the sample cannot speak to preservation of diagnostic content in patients.",Low,"A Total Variation (TV) and Wavelet Transform (WT) sparsification based CS reconstruction algorithm15, and the GRAPPA parallel MRI k-space reconstruction algorithm27 were evaluated and compared in this paper.",Compressed sensing and GRAPPA accelerated reconstructions of brain data are exactly the class of index test the review addresses.,High,"Four engineers and one radiologist, aged between 19 and 33 years, participated in the FMT (Eng_1-4 and Rad) and DSCQS (Eng_1-2) experiments as observers.","Ground truth is perceptual quality/artifact-disturbance rating by a panel that is mostly engineers, not a diagnostic reading, so it does not index diagnostic content.",not stated,,not stated,,,Fully sampled acquisition,not stated,not stated,,not stated,verified,Dat Tat Mai,Thai Viet Pham,Thu Nguyen Thi Dang,"Independently appraised by three reviewers (2026-08-06); independent ratings agreed on all domains, no adjudication required."
S006,25143262,10.1002/jmri.24728,2015,Artifactual microhemorrhage generated by susceptibility weighted image processing,Diagnostic accuracy / reader study,technical validation with reader assessment,QUADAS-2,full text,1,28,yes,Unclear,SWI data from 28 traumatic brain injury (TBI) patients was obtained on a 3 tesla clinical Siemens scanner using both the product 3D gradient echo sequence (GRE) with generalized autocalibrating partially parallel acquisition acceleration,A single-centre series of 28 referred TBI patients with no statement that enrolment was consecutive or random and no inclusion/exclusion criteria given.,High,"for the presence or absence of punctate foci of signal loss on the magnitude images, SWI images, and correlated with the presence of singularities at the free ends of OEFs","A single unblinded reader, who is also a study author, scored the accelerated SWI images while explicitly correlating findings with the phase-singularity locations used to define the artifact.",High,"Another limitation is the indirect characterization of the artifactual microhemorrhage. This study relied on comparing phase data using two different methods, i.e. sEPI and GRAPPA-accelerated GRE for obtaining phase data which should be very close.","The authors themselves describe the reference as indirect; absence of a lesion on magnitude/sEPI images is assumed to prove artifact, and the same unblinded reader judged both arms.",Low,"To generate SWI, magnitude and phase images were obtained using both 3D GRE and 3D in-house developed sEPI methods (18) in each patient. Geometric parameters were identical for both sequences","Every patient received both the index and comparator acquisitions in the same session with matched geometry, and all 28 cases are accounted for in the results.",Low,Review of the 28 TBI cases acquired from the Siemens scanner showed that type III OEFs were present in 19 (68%) phase datasets obtained using GRAPPA-accelerated GRE,"Real clinical brain MRI in TBI patients, the population in which accelerated SWI reconstruction safety actually matters.",Low,Acceleration was achieved using GRAPPA×2 for the single echo GRE and an echo train length of 15 for the EPI without GRAPPA.,"The index test is a GRAPPA-accelerated acquisition with vendor SWI reconstruction, directly on point for whether accelerated reconstruction can create false diagnostic findings.",High,"Because the comparable GRE sequence without GRAPPA was prohibitively long (~20 minutes), we were unable to obtain phase information from the identical sequence without GRAPPA.",No fully sampled version of the same sequence was available; the comparator is a different in-house research sequence rather than a fully sampled or standard-of-care acquisition.,not stated,,not stated,,,Expert reader consensus,retrospective,not stated,"are not found on the corresponding magnitude images. In such cases, retrospective inspection of the filtered phase images and even the raw (wrapped)",yes,verified,Dat Tat Mai,Thai Viet Pham,Thu Nguyen Thi Dang,"Independently appraised by three reviewers (2026-08-06); independent ratings agreed on all domains, no adjudication required."
S007,26606457,10.1016/j.media.2015.10.012,2015,Sparse Reconstruction Challenge for diffusion MRI: Validation on a physical phantom to determine which acquisition scheme and analysis method to use?,Algorithmic / methodological reconstruction study,,Reproducibility & robustness checklist,full text,,,,n/a,,,n/a,,,n/a,,,n/a,,,n/a,,,n/a,,,n/a,,,not stated,,yes,"; 23:S208–S219. [PubMed: 15501092] Sporns O, Tononi G, Kötter R. The human connectome: a structural description of the human brain. PLoS computational bio",human connectome,Stated ground truth (unspecified),not stated,not stated,,not stated,"n/a - evidence-linked extraction, not a rated appraisal",,,,"Reproducibility and robustness items extracted with supporting evidence; QUADAS-2 does not apply to this design, so no risk-of-bias rating was made."
S008,,10.1109/isbi.2016.7493412,2016,Compressive sensing based Q-space resampling for handling fast bulk motion in hardi acquisitions,Algorithmic / methodological reconstruction study,,Reproducibility & robustness checklist,full text,,,,n/a,,,n/a,,,n/a,,,n/a,,,n/a,,,n/a,,,n/a,,,not stated,,not stated,,,Not stated,both stated,not stated,"otion results in inter-gradient misalignment which can be handled via retrospective motion correction algorithms, fast bulk motion usually affects data",yes,"n/a - evidence-linked extraction, not a rated appraisal",,,,"Reproducibility and robustness items extracted with supporting evidence; QUADAS-2 does not apply to this design, so no risk-of-bias rating was made."
S009,26714794,10.1002/mrm.26080,2016,Diffusion in realistic biophysical systems can lead to aliasing effects in diffusion spectrum imaging,Algorithmic / methodological reconstruction study,,Reproducibility & robustness checklist,full text,,,,n/a,,,n/a,,,n/a,,,n/a,,,n/a,,,n/a,,,n/a,,,not stated,,yes,"ge Anal 2011;15:369–396. 10. McNab JA, Edlow BL, Witzel T, et al. The Human Connectome Pro- ject and beyond: initial applications of 300 mT/m gradients. Neu",Human Connectome,Stated ground truth (unspecified),not stated,not stated,,not stated,"n/a - evidence-linked extraction, not a rated appraisal",,,,"Reproducibility and robustness items extracted with supporting evidence; QUADAS-2 does not apply to this design, so no risk-of-bias rating was made."
S010,26140504,10.1002/mrm.25830,2016,Reverse retrospective motion correction,Algorithmic / methodological reconstruction study,,Reproducibility & robustness checklist,full text,,,,n/a,,,n/a,,,n/a,,,n/a,,,n/a,,,n/a,,,n/a,,,not stated,,not stated,,,Expert reader consensus,both stated,not stated,Reverse retrospective motion correction. PURPOSE: One potential barrier for using prospect,yes,"n/a - evidence-linked extraction, not a rated appraisal",,,,"Reproducibility and robustness items extracted with supporting evidence; QUADAS-2 does not apply to this design, so no risk-of-bias rating was made."
S011,28945803,10.1371/journal.pone.0184661,2017,MRIQC: Advancing the automatic prediction of image quality in MRI from unseen sites,Algorithmic / methodological reconstruction study,,Reproducibility & robustness checklist,full text,,,,n/a,,,n/a,,,n/a,,,n/a,,,n/a,,,n/a,,,n/a,,,yes,"e instruments and calculation of the IQMs The MRIQC tool. MRIQC is an open-source project, developed under the following soft- ware engineering princip",yes,"749 T1w scans from the Alz- heimer’s Disease Neuroimaging Initiative (ADNI) dataset. By defining cutoff thresholds for the two IQMs, they assign",ADNI;UK Biobank,Not stated,prospective,multi-centre,"nNeuro.org portal. The classifier is trained on a publicly available, multi-site dataset (17 sites, N = 1102). We perform model selection evaluating d",not stated,"n/a - evidence-linked extraction, not a rated appraisal",,,,"Reproducibility and robustness items extracted with supporting evidence; QUADAS-2 does not apply to this design, so no risk-of-bias rating was made."
S012,29769079,10.1186/s12880-018-0256-6,2018,A consistency evaluation of signal-to-noise ratio in the quality assessment of human brain magnetic resonance images,Diagnostic accuracy / reader study,technical validation with reader assessment,QUADAS-2,full text,2,,yes,Unclear,"In total, 192, 88, 76 and 55 brain images are acquired using T2*, T1, T2 and contrast-enhanced T1 (T1C) weighted MR imaging sequences, respectively.","Image counts are given but the number of participants, the recruitment period and any consecutive or random sampling rule are not stated; healthy-brain and brain-tumour scans come from different sources.",Low,"To each imaging protocol, the consistency of SNR measurement is verified between and within two observers, and white matter (WM) and cerebral spinal fluid (CSF) are alternately used as the tissue region of interest (TOI) for SNR measurement.","The two observers (a non-physician and a radiologist) delineated regions separately and independently, and the reliability and correlation interpretation thresholds (ICC and Pearson bands) were pre-specified.",High,"Comparatively, no-reference MIQA algorithms are more useful and challenging, and no reference information can be borrowed [20, 23, 26].","There is no fully sampled reference image and no expert diagnostic reading; observer-measured SNR itself serves as the standard, which cannot establish correct classification of diagnostic quality.",Low,The procedure is repeated on another day within 30 days.,"Identical measurement procedure applied to all images by both observers at both time points, with all sequences reported in the results tables and no exclusions described.",Low,"in this study, 411 in vivo human brain MR images are collected and 2 observers are involved to localize the tissue regions of white matter (WM)","In vivo human brain MR images across four clinical sequences, including tumour patients, is an applicable population for a brain MRI image-quality question.",High,"four models (BIQI, BLIINDS-II, BRISQUE and NIQE) primarily used for the quality assessment of natural images are borrowed to predict the quality of MR images","No accelerated, compressed-sensing or deep-learning reconstruction is evaluated; the index measures are SNR and no-reference natural-image quality models.",High,"When SNR measurement performs as the quality indicator of MR images, BRISQUE and BLIINDS-II can be conditionally used for the automated quality estimation of human brain MR images.","SNR is used as the quality standard in place of a fully sampled acquisition or radiologist reading, so the study cannot speak to preservation of diagnostic content.",not stated,,not stated,,,Expert reader consensus,not stated,not stated,,yes,verified,Dat Tat Mai,Thai Viet Pham,Thu Nguyen Thi Dang,"Independently appraised by three reviewers (2026-08-06); independent ratings agreed on all domains, no adjudication required."
S013,29520831,10.1002/mrm.27166,2018,A convolutional neural network to filter artifacts in spectroscopic MRI,Algorithmic / methodological reconstruction study,,Reproducibility & robustness checklist,full text,,,,n/a,,,n/a,,,n/a,,,n/a,,,n/a,,,n/a,,,n/a,,,not stated,,not stated,,,Stated ground truth (unspecified),not stated,multi-centre,lects subjectivity of the human raters that define the ground truth. Multi-center and multi-expert analyses have previously been conducted for brain t,not stated,"n/a - evidence-linked extraction, not a rated appraisal",,,,"Reproducibility and robustness items extracted with supporting evidence; QUADAS-2 does not apply to this design, so no risk-of-bias rating was made."
S014,,10.1109/prni.2018.8423948,2018,Automatic detection of motion artifacts on MRI using Deep CNN,Algorithmic / methodological reconstruction study,,Reproducibility & robustness checklist,full text,,,,n/a,,,n/a,,,n/a,,,n/a,,,n/a,,,n/a,,,n/a,,,not stated,,not stated,,,Not stated,retrospective,multi-centre,", G. Schumann, and L. R. Schad, “Fully-automated quality assurance in multi-center studies using MRI phantom measurements,” Magnetic Resonance Imaging,",not stated,"n/a - evidence-linked extraction, not a rated appraisal",,,,"Reproducibility and robustness items extracted with supporting evidence; QUADAS-2 does not apply to this design, so no risk-of-bias rating was made."
S015,29898715,10.1186/s12938-018-0514-4,2018,Blind blur assessment of MRI images using parallel multiscale difference of Gaussian filters,Algorithmic / methodological reconstruction study,,Reproducibility & robustness checklist,full text,,,,n/a,,,n/a,,,n/a,,,n/a,,,n/a,,,n/a,,,n/a,,,yes,"evaluation [33–36]. The DOG filter was implemented using the matlab code available in [37, 38]. Human vis- ual system characteristics are incorporated i",yes,brain​care.fi/) and the Alzheimer’s disease neuroimaging initiative (ADNI) (http://www.adni.loni.usc.edu). The cardiac MRI volume data were sh,ADNI;adni,Expert reader consensus,not stated,not stated,,yes,"n/a - evidence-linked extraction, not a rated appraisal",,,,"Reproducibility and robustness items extracted with supporting evidence; QUADAS-2 does not apply to this design, so no risk-of-bias rating was made."
S016,29408461,10.1016/j.neuroimage.2018.01.078,2018,Impacts of simultaneous multislice acquisition on sensitivity and specificity in fMRI,Algorithmic / methodological reconstruction study,,Reproducibility & robustness checklist,full text,,,,n/a,,,n/a,,,n/a,,,n/a,,,n/a,,,n/a,,,n/a,,,not stated,,yes,"acceleration factor (AF = 8) used in the fMRI data in the young adult Human Connectome Project (HCP). We also evaluate split slice-GRAPPA (leak block), whic",HCP;Human Connectome;UK Biobank;human connectome,Not stated,both stated,not stated,used by the HCP are variants on the original slice-GRAPPA algorithm. Retrospective reconstruction using split slice-GRAPPA is not possible because the,not stated,"n/a - evidence-linked extraction, not a rated appraisal",,,,"Reproducibility and robustness items extracted with supporting evidence; QUADAS-2 does not apply to this design, so no risk-of-bias rating was made."
S017,30672166,10.3348/kjr.2017.0634,2019,Accelerated Time-of-Flight Magnetic Resonance Angiography with Sparse Undersampling and Iterative Reconstruction for the Evaluation of Intracranial Arteries,Diagnostic accuracy / reader study,reader study,QUADAS-2,full text,2,56,yes,Unclear,"A total number of 56 patients with dizziness (33 males and 23 females; mean age, 53.4 ± 18.6 years) were enrolled in this study between March 2017 and July 2017.","Prospective enrolment over a defined period at one centre, but the report does not state that patients were consecutive or randomly selected, nor give inclusion/exclusion criteria.",Low,by two neuroradiologists (with 5 and 26 years of experience) who were blinded to the acquisition parameters and patients’ information,"Readers were blinded to acquisition parameters (hence to acceleration factor) and used detailed, pre-specified five-point grading scales.",Low,"Afterward, sparse TOF images acquired with net acceleration factors of 3.5 and 5 were compared with conventional TOF images acquired using GRAPPA acceleration factors of 2 and 3, respectively.","The comparator is the conventional standard-of-care TOF protocol, scored by the same two readers under the same blinding, so the standard was applied independently of acceleration status.",Low,"The acquisition and image reconstruction were successful for all 56 patients. Among them, five were diagnosed as having vessel stenoses, while the others presented healthy intracranial vasculatures.",Both sequences were acquired in the same session in every patient and all 56 patients were included in the analysis with no dropouts.,High,"Second, the subjects in this study were mostly patients without lesions in vessels; thus, diagnostic accuracies were not compared in the current study.","Only 5 of 56 patients had vascular pathology, so the spectrum is too normal to demonstrate that acceleration preserves diagnostic content.",Low,"For the sparse TOF prototype sequence, each slab was acquired using a variable-density Poisson disk sampling pattern in the ky - kz phase-encoding plane (17-22) with acceleration factors of 3.5 and 5.",Sparse undersampling with inline iterative reconstruction at acceleration factors of 3.5 and 5 in brain MRA is precisely the index test of interest.,Low,"The image quality was scored using a five-point scale based on the delineation of arterial vessel segments, artifacts, overall vessel visualization, and overall image quality by two radiologists independently","Conventional TOF read independently by two neuroradiologists using diagnosis-anchored quality scales matches the review's reference standard, although the comparator is itself GRAPPA-accelerated.",not stated,,not stated,,,Expert reader consensus,prospective,not stated,,yes,verified,Dat Tat Mai,Thai Viet Pham,Thu Nguyen Thi Dang,"Independently appraised by three reviewers (2026-08-06); independent ratings agreed on all domains, no adjudication required."
S018,31247254,10.1016/j.mri.2019.05.038,2019,Applications of a deep learning method for anti-aliasing and super-resolution in MRI,Algorithmic / methodological reconstruction study,,Reproducibility & robustness checklist,full text,,,,n/a,,,n/a,,,n/a,,,n/a,,,n/a,,,n/a,,,n/a,,,not stated,,yes,15 healthy controls from the Open Access Series on Imaging Studies (OASIS) dataset involved in this experiment. All the MRIs were interpolated,OASIS,Expert reader consensus,not stated,not stated,,not stated,"n/a - evidence-linked extraction, not a rated appraisal",,,,"Reproducibility and robustness items extracted with supporting evidence; QUADAS-2 does not apply to this design, so no risk-of-bias rating was made."
S019,30811739,10.1002/jmri.26693,2019,Automated image quality evaluation of structural brain MRI using an ensemble of deep learning networks,Algorithmic / methodological reconstruction study,,Reproducibility & robustness checklist,full text,,,,n/a,,,n/a,,,n/a,,,n/a,,,n/a,,,n/a,,,n/a,,,not stated,,yes,ed high sensitivity (0.91) and specificity (0.84) in the multi-center UK BioBank study using the QAP pipeline(26) . They developed a set of 190 IQMs,UK BioBank;UK Biobank,Expert reader consensus,retrospective,multi-centre,ties in brain MRI. PURPOSE: To automatically evaluate the quality of multicenter structural brain MRI images using an ensemble DL model based on deep,yes,"n/a - evidence-linked extraction, not a rated appraisal",,,,"Reproducibility and robustness items extracted with supporting evidence; QUADAS-2 does not apply to this design, so no risk-of-bias rating was made."
S020,30523142,10.3174/ajnr.a5905,2019,Compressed Sensing-Sensitivity Encoding (CS-SENSE) Accelerated Brain Imaging: Reduced Scan Time without Reduced Image Quality,Diagnostic accuracy / reader study,reader study,QUADAS-2,abstract + MeSH only,2,66,yes,Unclear,"Patients with known, treated, or suspected brain tumors underwent compressed sensing-sensitivity encoding accelerated 3D T1-echo-spoiled gradient echo or 3D T2-FLAIR sequences in addition to the corresponding conventional acquisition as part of their clinical brain MR imaging.","Abstract-only record states the clinical population but gives no enrolment rule (consecutive, random or convenience) and no inclusion/exclusion criteria.",Low,Two neuroradiologists blinded to sequence and patient information independently evaluated both the accelerated and corresponding conventional acquisitions.,Readers were explicitly blinded to which sequence was accelerated and read the two acquisitions independently.,Low,"The sequences were evaluated on 4- or 5-point Likert scales for overall image quality, SNR, extent/severity of artifacts, and gray-white junction and lesion boundary sharpness.",The conventional clinical acquisition served as the reference and was scored on pre-specified Likert scales by the same readers who were blinded to sequence type.,Low,in addition to the corresponding conventional acquisition as part of their clinical brain MR imaging,"Accelerated and conventional acquisitions were obtained in the same clinical examination, so the interval is effectively zero and every patient contributed a paired comparison.",Low,"Patients with known, treated, or suspected brain tumors underwent compressed sensing-sensitivity encoding accelerated 3D T1-echo-spoiled gradient echo or 3D T2-FLAIR sequences","Real clinical brain MRI patients with pathology, matching the population of interest for whether acceleration preserves diagnostic content.",Low,Compressed sensing-sensitivity encoding accelerated 3D T1-echo-spoiled gradient echo and T2-FLAIR sequences of the brain show image quality similar to that of standard acquisitions with reduced scan time.,"The index test is a prospectively acquired accelerated reconstruction of routine brain sequences, directly matching the review question.",Low,This study compares the image quality of compressed sensing-sensitivity encoding accelerated imaging with conventional MR imaging sequences.,The conventional standard-of-care acquisition plus expert neuroradiologist reading is the intended reference standard for this review.,not stated,,not stated,,,Expert reader consensus,not stated,not stated,,not stated,verified,Dat Tat Mai,Thai Viet Pham,Thu Nguyen Thi Dang,"Independently appraised by three reviewers (2026-08-06); independent ratings agreed on all domains, no adjudication required."
S021,30671618,10.1007/s00234-019-02160-w,2019,Evaluation of 3D fat-navigator based retrospective motion correction in the clinical setting of patients with brain tumors,Algorithmic / methodological reconstruction study,,Reproducibility & robustness checklist,full text,,,,n/a,,,n/a,,,n/a,,,n/a,,,n/a,,,n/a,,,n/a,,,not stated,,not stated,,,Expert reader consensus,both stated,not stated,Evaluation of 3D fat-navigator based retrospective motion correction in the clinical setting of patients with brain tum,yes,"n/a - evidence-linked extraction, not a rated appraisal",,,,"Reproducibility and robustness items extracted with supporting evidence; QUADAS-2 does not apply to this design, so no risk-of-bias rating was made."
S022,30630834,10.3174/ajnr.a5927,2019,Improving the Quality of Synthetic FLAIR Images with Deep Learning Using a Conditional Generative Adversarial Network for Pixel-by-Pixel Image Translation,Algorithmic / methodological reconstruction study,,Reproducibility & robustness checklist,full text,,,,n/a,,,n/a,,,n/a,,,n/a,,,n/a,,,n/a,,,n/a,,,not stated,,not stated,,,Expert reader consensus,prospective,multi-centre,"ults of the Magnetic Resonance Image Compilation (MAGiC) prospective, multicenter, multireader trial. AJNR Am J Neuroradiol 2017;38:1103–10 CrossRef Me",yes,"n/a - evidence-linked extraction, not a rated appraisal",,,,"Reproducibility and robustness items extracted with supporting evidence; QUADAS-2 does not apply to this design, so no risk-of-bias rating was made."
S023,31045278,10.1002/mrm.27771,2019,Network Accelerated Motion Estimation and Reduction (NAMER): Convolutional neural network guided retrospective motion correction using a separable motion model,Algorithmic / methodological reconstruction study,,Reproducibility & robustness checklist,abstract + MeSH only,,,,n/a,,,n/a,,,n/a,,,n/a,,,n/a,,,n/a,,,n/a,,,not stated,,not stated,,,Not stated,retrospective,not stated,Estimation and Reduction (NAMER): Convolutional neural network guided retrospective motion correction using a separable motion model. PURPOSE: We introd,not stated,"n/a - evidence-linked extraction, not a rated appraisal",,,,"Reproducibility and robustness items extracted with supporting evidence; QUADAS-2 does not apply to this design, so no risk-of-bias rating was made."
S024,30773331,10.1016/j.zemedi.2019.01.001,2019,SHARQnet - Sophisticated harmonic artifact reduction in quantitative susceptibility mapping using a deep convolutional neural network,Algorithmic / methodological reconstruction study,,Reproducibility & robustness checklist,full text,,,,n/a,,,n/a,,,n/a,,,n/a,,,n/a,,,n/a,,,n/a,,,yes,"Xiv Prepr ArXiv160304467 2016. [36] Francois C. Keras 2015. https://github.com/fchollet/keras. [37] Jones E, Oliphant T, Peterson P. SciPy: Open source scientific",yes,econstruction challenge was used. We chose this publicly available dataset because it resembles a typical clinical dataset and,,Stated ground truth (unspecified),not stated,not stated,,yes,"n/a - evidence-linked extraction, not a rated appraisal",,,,"Reproducibility and robustness items extracted with supporting evidence; QUADAS-2 does not apply to this design, so no risk-of-bias rating was made."
S025,31946482,10.1109/embc.2019.8857125,2019,Super-Resolution Diffusion Tensor Imaging using SRCNN: A Feasibility Study,Algorithmic / methodological reconstruction study,,Reproducibility & robustness checklist,full text,,,,n/a,,,n/a,,,n/a,,,n/a,,,n/a,,,n/a,,,n/a,,,yes,lts. D. Deep Learning We used an SRCNN [10] based deep-learning model open source code dubbed waifu2x [9] that has been already trained and originally,not stated,,,Stated ground truth (unspecified),not stated,not stated,,yes,"n/a - evidence-linked extraction, not a rated appraisal",,,,"Reproducibility and robustness items extracted with supporting evidence; QUADAS-2 does not apply to this design, so no risk-of-bias rating was made."
S026,32054615,10.3174/ajnr.a6436,2020,Correction of Motion Artifacts Using a Multiscale Fully Convolutional Neural Network,Diagnostic accuracy / reader study,technical validation with reader assessment,QUADAS-2,full text,2,46,yes,Low,we selected 46 scans from consecutive patients undergoing clinically indicated MRI brain examinations from the image archive of the department,"Consecutive sampling from clinically indicated examinations is explicitly stated, and no case-control enrichment or restrictive exclusion is described.",Low,"The images were shown to 2 board-certified neuroradiologists in random order and did not contain any information regarding origin (ie, before/after correction).","Readers were blinded to whether an image was corrected by the network and images were presented in random order, using a pre-specified 0-4 scale.",High,"Because artifact-free reference images were not available for these 28 clinical motion cases, all artifact-corrupted input and artifact-corrected output images (962 in total) were rated on a section-by-section level in a blinded reader study",No artifact-free or fully sampled reference existed for the real-patient evaluation cohort; the only ground truth was simulation-derived and applied to two volumes.,Low,"All volumes that were deemed artifact-free by the radiologist (18 of 46) were then used to generate the synthetic training and test dataset (16 and 2 volumes, respectively).","Flow of all 46 scans into training and test subsets is fully accounted for, and the before/after comparison uses the same images, so the interval is zero.",Low,"Common indications included known or suspected intracranial tumor (primary or metastatic, including follow-up), known or suspected acute ischemic stroke (including follow-up), known or suspected demyelinating disease, dementia","Routine clinical brain MRI patients with a broad spectrum of neurological indications, matching the review population.",High,"The presented network-based motion artifact correction represents a purely retrospective correction technique, requiring only standard-magnitude images from a traditional DICOM repository","The index test is deep-learning motion-artifact correction applied to magnitude DICOMs, not an accelerated reconstruction from undersampled k-space, and explicitly saves no scan time.",High,all artifact-corrupted input and artifact-corrected output images (962 in total) were rated on a section-by-section level in a blinded reader study using the 0–4 qualitative scale described previously,"The comparator was the uncorrected image rated for artifact severity rather than a fully sampled acquisition or diagnostic ground truth, so preservation of diagnostic content is not directly assessed.",not stated,,not stated,,,Stated ground truth (unspecified),both stated,single-centre,"each scan/volume (ie, sequence). All scans had been per- formed at a single institution on 1 of two 3T MRI scanners (both Ingenia; Philips, Best, the Netherl",yes,verified,Dat Tat Mai,Thai Viet Pham,Thu Nguyen Thi Dang,"Independently appraised by three reviewers (2026-08-06); independent ratings agreed on all domains, no adjudication required."
S027,32890675,10.1016/j.mri.2020.08.025,2020,Diagnostic quality assessment of IR-prepared 3D magnetic resonance neuroimaging accelerated using compressed sensing and k-space sampling order optimization,Diagnostic accuracy / reader study,reader study,QUADAS-2,abstract + MeSH only,4,8,yes,High,STUDY TYPE: Prospective healthy volunteer study. SUBJECTS: Eight healthy subjects.,A convenience sample of eight healthy volunteers with no stated recruitment rule excludes the patients and pathology the diagnostic question concerns.,Low,Independent radiological diagnostic quality assessments of accelerated 3D MR brain datasets were carried out by four experienced neuro-radiologists who were blinded to the acceleration factor and to the subject.,Readers were blinded to acceleration factor and subject identity and graded independently using a previously reported scoring key.,Low,"Despite having lower scores than fully sampled datasets, the majority of the compressed sensing (CS) accelerated brain datasets with k-space sampling order optimization",Fully sampled datasets served as the reference and were graded by the same radiologists who were blinded to acceleration factor.,Unclear,"(19/24 datasets by Radiologist 1, 24/24 datasets by Radiologist 2 and 16/24 datasets by Radiologist 3) were graded to be fully diagnostic","Four readers are stated but results are reported for only three, and the abstract does not describe whether all acquired datasets entered the analysis.",High,STUDY TYPE: Prospective healthy volunteer study. SUBJECTS: Eight healthy subjects.,"Healthy volunteers contain no pathology, so the study cannot speak to whether accelerated reconstruction preserves lesion-level diagnostic content in patients.",Low,Optimization of the k-space sampling order was important for preserving contrast in accelerated scans.,Compressed-sensing accelerated 3D brain acquisition is precisely the class of index test the review addresses.,Low,"Despite having lower scores than fully sampled datasets, the majority of the compressed sensing (CS) accelerated brain datasets with k-space sampling order optimization",Fully sampled acquisition graded by expert neuroradiologists is the reference standard the review question assumes.,not stated,,not stated,,,Fully sampled acquisition,prospective,not stated,,not stated,verified,Dat Tat Mai,Thai Viet Pham,Thu Nguyen Thi Dang,"Independently appraised by three reviewers (2026-08-06); independent ratings agreed on all domains, no adjudication required."
S028,32408291,10.1088/1361-6560/ab9356,2020,Investigating the challenges and generalizability of deep learning brain conductivity mapping,Algorithmic / methodological reconstruction study,,Reproducibility & robustness checklist,full text,,,,n/a,,,n/a,,,n/a,,,n/a,,,n/a,,,n/a,,,n/a,,,not stated,,not stated,,,Stated ground truth (unspecified),not stated,not stated,,yes,"n/a - evidence-linked extraction, not a rated appraisal",,,,"Reproducibility and robustness items extracted with supporting evidence; QUADAS-2 does not apply to this design, so no risk-of-bias rating was made."
S029,32299803,10.3174/ajnr.a6533,2020,Synthetic MRI of Preterm Infants at Term-Equivalent Age: Evaluation of Diagnostic Image Quality and Automated Brain Volume Segmentation,Algorithmic / methodological reconstruction study,,Reproducibility & robustness checklist,full text,,,,n/a,,,n/a,,,n/a,,,n/a,,,n/a,,,n/a,,,n/a,,,not stated,,not stated,,,Expert reader consensus,prospective,both stated,"volume analysis is available in ,1 minute.14 In 1 large, prospective, multicenter, multireader trial, the overall diagnostic quality of synthetic image",not stated,"n/a - evidence-linked extraction, not a rated appraisal",,,,"Reproducibility and robustness items extracted with supporting evidence; QUADAS-2 does not apply to this design, so no risk-of-bias rating was made."
S030,33592248,10.1016/j.mri.2021.02.002,2021,APIR4EMC: Autocalibrated parallel imaging reconstruction for extended multi-contrast imaging,Algorithmic / methodological reconstruction study,,Reproducibility & robustness checklist,full text,,,,n/a,,,n/a,,,n/a,,,n/a,,,n/a,,,n/a,,,n/a,,,not stated,,not stated,,,Fully sampled acquisition,both stated,not stated,l possible subsampled patterns for specific subsampling factors are retrospectively constructed and reconstructed by APIR4EMC. For each pattern we ev,yes,"n/a - evidence-linked extraction, not a rated appraisal",,,,"Reproducibility and robustness items extracted with supporting evidence; QUADAS-2 does not apply to this design, so no risk-of-bias rating was made."
S031,33858820,10.3174/ajnr.a7091,2021,Acceleration of Brain TOF-MRA with Compressed Sensitivity Encoding: A Multicenter Clinical Study,Algorithmic / methodological reconstruction study,,Reproducibility & robustness checklist,full text,,,,n/a,,,n/a,,,n/a,,,n/a,,,n/a,,,n/a,,,n/a,,,not stated,,not stated,,,Expert reader consensus,prospective,multi-centre,Acceleration of Brain TOF-MRA with Compressed Sensitivity Encoding: A Multicenter Clinical Study. BACKGROUND AND PURPOSE: The clinical practice of thre,yes,"n/a - evidence-linked extraction, not a rated appraisal",,,,"Reproducibility and robustness items extracted with supporting evidence; QUADAS-2 does not apply to this design, so no risk-of-bias rating was made."
S032,34911199,10.1016/j.nicl.2021.102896,2021,Assessing the utility of low resolution brain imaging: treatment of infant hydrocephalus,Algorithmic / methodological reconstruction study,,Reproducibility & robustness checklist,full text,,,,n/a,,,n/a,,,n/a,,,n/a,,,n/a,,,n/a,,,n/a,,,not stated,,not stated,,,Stated ground truth (unspecified),prospective,not stated,,not stated,"n/a - evidence-linked extraction, not a rated appraisal",,,,"Reproducibility and robustness items extracted with supporting evidence; QUADAS-2 does not apply to this design, so no risk-of-bias rating was made."
S033,33810289,10.3390/s21072314,2021,Correcting Susceptibility Artifacts of MRI Sensors in Brain Scanning: A 3D Anatomy-Guided Deep Learning Approach,Algorithmic / methodological reconstruction study,,Reproducibility & robustness checklist,full text,,,,n/a,,,n/a,,,n/a,,,n/a,,,n/a,,,n/a,,,n/a,,,yes,"ary 2012; pp. 70–74. 28. Chollet, F. Keras. Available online: https://github.com/fchollet/keras (accessed on 1 April 2020). 29. Kingma, D.; Ba, J. Adam: A method for",yes,"luation of the proposed TS-Net on four large public datasets from the Human Connectome Project (HCP) [19]. First, an ablation study is conducted to analyze",HCP;Human Connectome;hcp;human connectome,Not stated,not stated,not stated,,yes,"n/a - evidence-linked extraction, not a rated appraisal",,,,"Reproducibility and robustness items extracted with supporting evidence; QUADAS-2 does not apply to this design, so no risk-of-bias rating was made."
S034,34824098,10.3174/ajnr.a7358,2021,"Deep Learning Enables 60% Accelerated Volumetric Brain MRI While Preserving Quantitative Performance: A Prospective, Multicenter, Multireader Trial",Diagnostic accuracy / reader study,technical validation with reader assessment,QUADAS-2,abstract + MeSH only,2,40,yes,Unclear,Forty subjects underwent brain MR imaging examinations on 6 scanners from 5 institutions. Standard of care and accelerated datasets were acquired for each subject,"Prospective and multicentre, but the abstract gives no sampling frame, no consecutive or random enrolment statement and no eligibility criteria.",Low,"Randomized, side-by-side, multiplanar datasets (360 series) were presented blinded to 2 neuroradiologists and rated for apparent SNR, image sharpness, artifacts, anatomic/lesion conspicuity, image contrast, and gray-white differentiation","Image-quality readers were blinded to reconstruction type, datasets were randomised, and the rating features were pre-specified.",Unclear,"Standard of care, accelerated scans, and accelerated-deep learning were subjected to NeuroQuant quantitative analysis and classified by a neuroradiologist into clinical disease categories.","Standard of care is an appropriate reference, but the abstract does not state whether the neuroradiologist assigning clinical disease categories was blinded to reconstruction type.",Low,"Standard of care and accelerated datasets were acquired for each subject, and the accelerated scans were enhanced with deep learning processing.","Every subject received both the accelerated and the standard-of-care acquisition in the same session, giving a zero interval and the same reference for all.",Low,Forty subjects underwent brain MR imaging examinations on 6 scanners from 5 institutions.,"Multicentre, multi-scanner clinical brain MRI subjects assigned to clinical disease categories, matching the intended review population.",Low,"60% accelerated volumetric MR imaging sequences processed with a commercially available, vendor-agnostic, DICOM-based, deep learning tool (SubtleMR) compared with that of standard of care",A prospectively acquired 60% accelerated sequence with deep-learning enhancement is directly the index test class of interest.,Low,There was no difference in quantitative volumetric biomarkers or clinical classification for standard of care and accelerated-deep learning datasets.,Standard-of-care acquisition with expert reading and quantitative volumetrics is the reference standard the review question assumes.,not stated,,not stated,,,Expert reader consensus,prospective,multi-centre,"c Brain MRI While Preserving Quantitative Performance: A Prospective, Multicenter, Multireader Trial. BACKGROUND AND PURPOSE: In this prospective, mult",not stated,verified,Dat Tat Mai,Thai Viet Pham,Thu Nguyen Thi Dang,"Independently appraised by three reviewers (2026-08-06); independent ratings agreed on all domains, no adjudication required."
S035,32963184,10.2463/mrms.tn.2020-0061,2021,Deep Learning-based Noise Reduction for Fast Volume Diffusion Tensor Imaging: Assessing the Noise Reduction Effect and Reliability of Diffusion Metrics,Algorithmic / methodological reconstruction study,,Reproducibility & robustness checklist,full text,,,,n/a,,,n/a,,,n/a,,,n/a,,,n/a,,,n/a,,,n/a,,,not stated,,not stated,,,Expert reader consensus,prospective,multi-centre,"101–3116. 8. Fox RJ, Sakaie K, Lee JC, et al. A validation study of multicenter diffusion tensor imaging: reliability of fractional anisotropy and d",yes,"n/a - evidence-linked extraction, not a rated appraisal",,,,"Reproducibility and robustness items extracted with supporting evidence; QUADAS-2 does not apply to this design, so no risk-of-bias rating was made."
S036,,10.1038/s41598-020-80930-w,2021,Deep learning-Based 3D inpainting of brain MR images,Algorithmic / methodological reconstruction study,,Reproducibility & robustness checklist,full text,,,,n/a,,,n/a,,,n/a,,,n/a,,,n/a,,,n/a,,,n/a,,,not stated,,yes,images available in the Alzheimer’s Disease Neuroimaging Initiative (ADNI) dataset. They were obtained by applying the proposed deep neural ne,ADNI,Conventional/standard-of-care acquisition,not stated,not stated,,yes,"n/a - evidence-linked extraction, not a rated appraisal",,,,"Reproducibility and robustness items extracted with supporting evidence; QUADAS-2 does not apply to this design, so no risk-of-bias rating was made."
S037,34455242,10.1016/j.neuroimage.2021.118482,2021,Deep learning-based parameter estimation in fetal diffusion-weighted MRI,Algorithmic / methodological reconstruction study,,Reproducibility & robustness checklist,full text,,,,n/a,,,n/a,,,n/a,,,n/a,,,n/a,,,n/a,,,n/a,,,yes,trained models for this manuscript are publicly available at https://github.com/bchimagine. HHS Public Access Author manuscript Neuroimage. Author manuscript; av,yes,y Society. Data availability: Part of the data is from the developing Human Connectome Project (dHCP) dataset. This dataset is publicly available at: http:,Human Connectome;human connectome,Stated ground truth (unspecified),not stated,both stated,"ect of heterogeneity in the diffusion data, such as heterogeneity in multi-center data. The 20 fetal scans that were used in generating our training d",not stated,"n/a - evidence-linked extraction, not a rated appraisal",,,,"Reproducibility and robustness items extracted with supporting evidence; QUADAS-2 does not apply to this design, so no risk-of-bias rating was made."
S038,33502667,10.1007/s10334-020-00906-9,2021,Effect of MRI acquisition acceleration via compressed sensing and parallel imaging on brain volumetry,Algorithmic / methodological reconstruction study,,Reproducibility & robustness checklist,full text,,,,n/a,,,n/a,,,n/a,,,n/a,,,n/a,,,n/a,,,n/a,,,yes,"rietary software based on voxel-based morphometry, and FreeSurfer, an open-source software based on surface-based morphometry. Four sub-volumes were an",yes,Impact of parallel imaging on volumetric brain MRI meas- urements in ADNI-GO and ADNI-2. Alzheimers Dement J Alz- heimers Assoc 9(4):272 40.,ADNI,Expert reader consensus,prospective,not stated,,yes,"n/a - evidence-linked extraction, not a rated appraisal",,,,"Reproducibility and robustness items extracted with supporting evidence; QUADAS-2 does not apply to this design, so no risk-of-bias rating was made."
S039,32783339,10.1002/mrm.28446,2021,RUN-UP: Accelerated multishot diffusion-weighted MRI reconstruction using an unrolled network with U-Net as priors,Algorithmic / methodological reconstruction study,,Reproducibility & robustness checklist,full text,,,,n/a,,,n/a,,,n/a,,,n/a,,,n/a,,,n/a,,,n/a,,,not stated,,not stated,,,Stated ground truth (unspecified),not stated,not stated,,yes,"n/a - evidence-linked extraction, not a rated appraisal",,,,"Reproducibility and robustness items extracted with supporting evidence; QUADAS-2 does not apply to this design, so no risk-of-bias rating was made."
S040,,10.1109/tmi.2021.3075856,2021,Results of the 2020 fastMRI Challenge for Machine Learning MR Image Reconstruction,Diagnostic accuracy / reader study,technical validation with reader assessment,QUADAS-2,full text,6,7299,yes,High,The selection process favored cases with more subtle pathologies for the 4X track and more obvious pathologies for the 8X track,"Only 18 volumes reached reader evaluation and they were purposively hand-picked by a neuroradiologist to be enriched for particular pathology conspicuity, not consecutive or random.",High,basing their overall ranking on the quality of the depiction of the pathology using the ground truth as a reference,"Radiologists were blinded to team identity but interpreted the reconstructions with the fully sampled reference image visible, so index-test reading was not independent of the reference standard.",Low,"For the ground truth images, we followed the previous convention [27] to use root sum-of-squares images.","The reference is the fully sampled acquisition reconstructed by root sum-of-squares, an accepted ground truth despite the acknowledged phase and background-noise drawbacks.",Low,We applied retrospective downsampling to fully-sampled MRIs and provided the downsampled data to challenge participants.,"Undersampling was applied retrospectively to the same raw k-space so the interval is zero, and all radiologists rated all selected cases.",Low,"Selected cases included both intraaxial and extraaxial tumors, strokes, microvascular ischemia, white matter lesions, edema, surgical cavities, as well as postsurgical changes and hardware including craniotomies and ventricular shunts.","Clinical brain scans spanning a broad, clinically representative range of neuroimaging pathology.",High,"As a result, challenge models are likely to require further fine-tuning training before application to clinical data.","Reconstructions came from research challenge entries using pseudo-equispaced retrospective masks that the authors state do not match clinical sampling, so they differ from deployed accelerated reconstruction.",Low,we quantitatively evaluated it using the fully-sampled data as gold standards,The fully sampled acquisition combined with expert radiologist reading is exactly the reference standard the review question specifies.,yes,the script used for evaluation in the fastMRI repository at https://github.com/facebookresearch/ fastMRI. SSIM has several parameters. We investigated adjusting these,yes,Results of the 2020 fastMRI Challenge for Machine Learning MR Image Reconstruction Accelerating M,fastMRI;fastmri,Fully sampled acquisition,both stated,single-centre,"ere from studies performed on MRI scanners from a single vendor at a single institution. To address this, we created the new Transfer track Muckley et al. P",not stated,verified,Dat Tat Mai,Thai Viet Pham,Thu Nguyen Thi Dang,"Independently appraised by three reviewers (2026-08-06); independent ratings agreed on all domains, no adjudication required."
S041,33460797,10.1016/j.neuroimage.2021.117756,2021,Retrospective motion artifact correction of structural MRI images using deep learning improves the quality of cortical surface reconstructions,Algorithmic / methodological reconstruction study,,Reproducibility & robustness checklist,full text,,,,n/a,,,n/a,,,n/a,,,n/a,,,n/a,,,n/a,,,n/a,,,yes,ction. Source code for the motion simulation is available at https://github.com/bduffy0/motion-correction. 2.4. Image preprocessing: Online preprocessing during CNN training co,yes,"riment. In addition, the Alzheimer’s Disease Neuroimaging Initiative (ADNI) dataset (adni.loni.usc.edu, www.adni-info.org) alongside the Parkin",ADNI;BRATS;BRATs;HCP;Human Connectome;adni,Stated ground truth (unspecified),both stated,multi-centre,evaluation metrics were used to validate the method on three separate multi-site datasets. The 3D CNN was trained using motion-free images that were c,not stated,"n/a - evidence-linked extraction, not a rated appraisal",,,,"Reproducibility and robustness items extracted with supporting evidence; QUADAS-2 does not apply to this design, so no risk-of-bias rating was made."
S042,34698294,10.3390/tomography7040047,2021,Simultaneous Multislice Brain MRI T1 Mapping with Improved Low-Rank Modeling,Algorithmic / methodological reconstruction study,,Reproducibility & robustness checklist,full text,,,,n/a,,,n/a,,,n/a,,,n/a,,,n/a,,,n/a,,,n/a,,,not stated,,not stated,,,Fully sampled acquisition,not stated,not stated,,yes,"n/a - evidence-linked extraction, not a rated appraisal",,,,"Reproducibility and robustness items extracted with supporting evidence; QUADAS-2 does not apply to this design, so no risk-of-bias rating was made."
S043,33368705,10.1002/nbm.4461,2021,xQSM: quantitative susceptibility mapping with octave convolutional and noise-regularized neural networks,Algorithmic / methodological reconstruction study,,Reproducibility & robustness checklist,full text,,,,n/a,,,n/a,,,n/a,,,n/a,,,n/a,,,n/a,,,n/a,,,yes,for evaluation on new local field datasets are published at https://github.com/sunhongfu/deepMRI/tree/master/xQSM. Validation with Simulated and in vivo Datasets The proposed xQSM,not stated,,,Stated ground truth (unspecified),not stated,not stated,,yes,"n/a - evidence-linked extraction, not a rated appraisal",,,,"Reproducibility and robustness items extracted with supporting evidence; QUADAS-2 does not apply to this design, so no risk-of-bias rating was made."
S044,36240989,10.1016/j.neuroimage.2022.119680,2022,A unified model for reconstruction and R2* mapping of accelerated 7T data using the quantitative recurrent inference machine,Algorithmic / methodological reconstruction study,,Reproducibility & robustness checklist,full text,,,,n/a,,,n/a,,,n/a,,,n/a,,,n/a,,,n/a,,,n/a,,,yes,"the remaining batch. For testing generalizability, we used 1 https://github.com/wdika/mridc . 4 ### Page 6 C. Zhang, D. Karkalousos, P.-L. Bazin et al. Neuro",yes,"image reconstruction with an open competition: overview of the 2019 fastMRI challenge. Magn. Reson. Med. 84 (6), 3054–3070 . Kopanoglu, E., Güng",fastMRI,Fully sampled acquisition,retrospective,not stated,individual coil images in the readout direction. The 2D k-space was retrospectively subsampled with variable density along both dimensions. The subsa,yes,"n/a - evidence-linked extraction, not a rated appraisal",,,,"Reproducibility and robustness items extracted with supporting evidence; QUADAS-2 does not apply to this design, so no risk-of-bias rating was made."
S045,,10.1109/tci.2022.3176129,2022,Alternating Learning Approach for Variational Networks and Undersampling Pattern in Parallel MRI Applications,Algorithmic / methodological reconstruction study,,Reproducibility & robustness checklist,full text,,,,n/a,,,n/a,,,n/a,,,n/a,,,n/a,,,n/a,,,n/a,,,not stated,,yes,"J, Wang D, Owens E, Zitnick CL, Recht MP, Sodickson DK, and Lui YW, “fastMRI: An open dataset and benchmarks for accelerated MRI,” arXiv Prepr, p",fastMRI,Fully sampled acquisition,not stated,not stated,,not stated,"n/a - evidence-linked extraction, not a rated appraisal",,,,"Reproducibility and robustness items extracted with supporting evidence; QUADAS-2 does not apply to this design, so no risk-of-bias rating was made."
S046,35925387,10.1007/s00330-022-08871-8,2022,Clinical validation of Wave-CAIPI susceptibility-weighted imaging for routine brain MRI at 1.5 T,Diagnostic accuracy / reader study,reader study,QUADAS-2,full text,2,172,yes,Unclear,"In this study, 172 patients undergoing 1.5 T brain MRI were scanned with a more commonly used susceptibility sequence",Only the abstract is available; it reports the cohort size and setting but no consecutive or random enrolment rule and no eligibility criteria.,Low,"Two radiologists blinded to the acquisition technique scored each sequence for visualization of pathology, motion and signal dropout artifacts, image noise, visualization of normal anatomy",Readers were explicitly blinded to acquisition technique and scored a pre-specified set of image-quality and pathology-visualisation features.,Low,"Superiority testing was performed to compare Wave-SWI to T2*w-GRE, and non-inferiority testing with 15% margin was performed to compare Wave-SWI to standard SWI.","Conventional 3D SWI and 2D T2*w-GRE are accepted standard-of-care comparators, read by the same blinded radiologists against a pre-specified non-inferiority margin.",High,"In this study, 172 patients undergoing 1.5 T brain MRI were scanned with a more commonly used susceptibility sequence (standard SWI or T2*w-GRE) and a highly accelerated Wave-SWI sequence.","Patients did not all receive the same reference sequence (standard SWI for some, T2*w-GRE for others), and the abstract does not report how patients were allocated or whether all 172 were analysed.",Low,"compare highly accelerated Wave-CAIPI SWI (Wave-SWI) with two alternative standard sequences, conventional three-dimensional SWI and two-dimensional T2*-weighted Gradient-Echo (T2*w-GRE), in patients undergoing routine brain MRI at 1.5 T","A large cohort of patients undergoing routine clinical brain MRI, matching the review population.",Low,Wave-CAIPI (Controlled Aliasing in Parallel Imaging) enables dramatic reduction in acquisition time of 3D MRI sequences such as 3D susceptibility-weighted imaging (SWI) but has not been clinically evaluated at 1.5 T,"Prospectively acquired, highly accelerated Wave-CAIPI reconstruction of a routine brain sequence is directly the index test class of interest.",Low,"Wave-SWI was non-inferior to standard SWI for visualization of normal anatomy and pathology, signal dropout artifacts, and overall image quality (all p < 0.001).",Conventional standard-of-care susceptibility sequences read by expert radiologists for pathology visualisation match the reference standard the review question assumes.,not stated,,not stated,,,Expert reader consensus,both stated,single-centre,urance Portability and Accountability Act (HIPAA) and was approved by our Institutional Review Board. ### **Patients** We prospectively enrolled adult,yes,verified,Dat Tat Mai,Thai Viet Pham,Thu Nguyen Thi Dang,"Independently appraised by three reviewers (2026-08-06); independent ratings agreed on all domains, no adjudication required."
S047,35291425,10.1155/2022/6270700,2022,Deep Learning-Based Diffusion-Weighted Magnetic Resonance Imaging in the Diagnosis of Ischemic Penumbra in Early Cerebral Infarction,Algorithmic / methodological reconstruction study,,Reproducibility & robustness checklist,full text,,,,n/a,,,n/a,,,n/a,,,n/a,,,n/a,,,n/a,,,n/a,,,not stated,,not stated,,,Expert reader consensus,not stated,not stated,,yes,"n/a - evidence-linked extraction, not a rated appraisal",,,,"Reproducibility and robustness items extracted with supporting evidence; QUADAS-2 does not apply to this design, so no risk-of-bias rating was made."
S048,36651242,10.12122/j.issn.1673-4254.2022.12.02,2022,[Deep parallel MRI reconstruction based on a complex-valued loss function],Algorithmic / methodological reconstruction study,,Reproducibility & robustness checklist,full text,,,,n/a,,,n/a,,,n/a,,,n/a,,,n/a,,,n/a,,,n/a,,,not stated,,yes,"cations. To validate the proposed method, real brain and knee data in FastMRI dataset were used for training and testing. We also compared this pro",FastMRI;fastMRI,Expert reader consensus,not stated,not stated,,not stated,"n/a - evidence-linked extraction, not a rated appraisal",,,,"Reproducibility and robustness items extracted with supporting evidence; QUADAS-2 does not apply to this design, so no risk-of-bias rating was made."
S049,35644448,10.1016/j.mri.2022.05.016,2022,EPI susceptibility correction introduces significant differences far from local areas of high distortion,Algorithmic / methodological reconstruction study,,Reproducibility & robustness checklist,full text,,,,n/a,,,n/a,,,n/a,,,n/a,,,n/a,,,n/a,,,n/a,,,not stated,,yes,"timore Longitudinal Study of Aging (BLSA), Human Connectome Project (HCP), and Vanderbilt University. To enable generalization across diverse",HCP,Expert reader consensus,both stated,single-centre,ion. Informed consent was obtained for each participant according to our Institutional Review Board. Participants were recruited through clinical referra,yes,"n/a - evidence-linked extraction, not a rated appraisal",,,,"Reproducibility and robustness items extracted with supporting evidence; QUADAS-2 does not apply to this design, so no risk-of-bias rating was made."
S050,36523647,10.1148/ryai.210313,2022,Exploring the Acceleration Limits of Deep Learning Variational Network-based Two-dimensional Brain MRI,Diagnostic accuracy / reader study,technical validation with reader assessment,QUADAS-2,full text,2,69,yes,High,"Abnormal volumes were selected from the larger pool to include a broad variety of abnormal conditions, including acute and chronic ischemia, hemorrhage, intra- and extra-axial masses",The 69 reader-study volumes were purposively enriched for abnormality from a larger retrospective test set rather than sampled consecutively or at random.,High,Two neuroradiologists with 20 (Y.W.L.) and 5 (E.L.) years of experience independently reviewed ground truth reconstruction and deep learning reconstructions at all accelerations.,"Readers graded the accelerated reconstructions in a double-stimulus presentation alongside the identified fully sampled ground truth, so index-test interpretation was not blinded to the reference; quality thresholds were, however, pre-specified.",Low,"although undersampling was performed retrospectively, it was performed on actual raw, multireceiver channel k-space data provided in the fastMRI dataset, which was obtained directly from MRI scanners","The reference was the fully sampled reconstruction from genuine multi-coil raw k-space, an appropriate ground truth for judging what accelerated reconstruction preserves.",Low,"For radiologist evaluation, we reviewed a subgroup of 69 volumes (29 T2-weighted, 20 T2 FLAIR, and 20 T1-weighted examinations) from the test set with a balance of normal and abnormal cases",Index and reference images derive from the same raw k-space (zero interval) and all 69 volumes (29/20/20) are accounted for in the reported results tables.,Low,The dataset includes raw k-space data from 6405 fully sampled clinical brain MR images (including normal and abnormal clinical studies) obtained using standard 2D imaging sequences,Routine clinical brain MRI containing both normal and a wide range of abnormal studies matches the review population.,Low,we enlarged and adapted the End-to-End Variational Network (12) to reconstruct standard clinical two-dimensional (2D) spin-echo brain MR images,"The index test is a deep-learning reconstruction of undersampled brain MRI evaluated across acceleration factors, exactly the technology of interest.",Low,defined as image quality undifferentiable from state-of-the-art routine clinical diagnostic imaging currently obtained at an academic tertiary care center based on subspecialist neuroradiology review,The fully sampled acquisition plus subspecialist neuroradiologist review is the reference standard the review question presumes.,yes,"others for further acceleration. To facilitate reproducibility, our open-source code is available in GitHub (https://github.com/ facebookresearch/fas",yes,"gle phase-encoded direction for two-dimensional [2D] sections) on the fastMRI test set collected at New York University, consisting of 558 image vo",fastMRI,Fully sampled acquisition,both stated,not stated,"pose imaging and potential screening. MATERIALS AND METHODS: In this retrospective study conducted from 2019 through 2021, a model was trained for reco",yes,verified,Dat Tat Mai,Thai Viet Pham,Thu Nguyen Thi Dang,"Independently appraised by three reviewers (2026-08-06); independent ratings agreed on all domains, no adjudication required."
S051,35618420,10.3174/ajnr.a7531,2022,Image-Quality Assessment of 3D Intracranial Vessel Wall MRI Using DANTE or DANTE-CAIPI for Blood Suppression and Imaging Acceleration,Algorithmic / methodological reconstruction study,,Reproducibility & robustness checklist,full text,,,,n/a,,,n/a,,,n/a,,,n/a,,,n/a,,,n/a,,,n/a,,,not stated,,not stated,,,Expert reader consensus,not stated,not stated,,yes,"n/a - evidence-linked extraction, not a rated appraisal",,,,"Reproducibility and robustness items extracted with supporting evidence; QUADAS-2 does not apply to this design, so no risk-of-bias rating was made."
S052,34851499,10.1007/s11604-021-01225-2,2022,Impact of deep learning reconstruction on intracranial 1.5 T magnetic resonance angiography,Diagnostic accuracy / reader study,technical validation with reader assessment,QUADAS-2,full text,2,40,yes,Unclear,"In this retrospective study, MRA images of 40 patients (21 males and 19 females; mean age, 65.8 ± 13.2 years) were reconstructed with and without the DLR technique","Only abstract text is available; no consecutive or random sampling rule, inclusion criteria, or exclusions are described for the 40 retrospective cases.",Unclear,"Two experienced radiologists evaluated the depiction of structures (the right internal carotid artery, right ophthalmic artery, basilar artery, and right superior cerebellar artery), artifacts, subjective noise and overall image quality","No statement that the two radiologists were blinded to whether an image was the DLR or non-DLR reconstruction, and no pre-specified thresholds are reported.",Unclear,"reconstructed with and without the DLR technique (DLR image and non-DLR image, respectively)",The comparator is simply the non-DLR reconstruction of the same data; no independent ground truth or blinded reference reading is described.,Low,Scores were compared in the quantitative and qualitative image analyses between the DLR and non-DLR images using Wilcoxon signed-rank tests.,Paired within-subject analysis of two reconstructions of the same acquisition implies a zero interval and that all 40 patients contributed to both arms.,Low,"MRA images of 40 patients (21 males and 19 females; mean age, 65.8 ± 13.2 years) were reconstructed with and without the DLR technique",Adult patients undergoing clinical intracranial MR angiography are within the brain MRI population of interest.,Low,The purpose of this study was to evaluate whether deep learning reconstruction (DLR) improves the image quality of intracranial magnetic resonance angiography (MRA) at 1.5 T.,A vendor deep-learning reconstruction applied to intracranial MR imaging is the class of index test the review concerns.,Unclear,Quantitative image analysis was performed by placing regions of interest on the basilar artery and cerebrospinal fluid in the prepontine cistern.,"Outcomes are SNR/CNR and subjective quality surrogates against the non-DLR image; no diagnostic ground truth is defined, so the match to preservation of diagnostic content is uncertain.",not stated,,not stated,,,Expert reader consensus,retrospective,single-centre,MRI unit. ## **Methods** This retrospective study was approved by our institutional review board (20-Nr-056). The requirement for written informed cons,yes,verified,Dat Tat Mai,Thai Viet Pham,Thu Nguyen Thi Dang,"Independently appraised by three reviewers (2026-08-06); independent ratings agreed on all domains, no adjudication required."
S053,35046218,10.6009/jjrt.780108,2022,[Improvement of Motion Artifacts in Brain MRI Using Deep Learning by Simulation Training Data],Algorithmic / methodological reconstruction study,,Reproducibility & robustness checklist,full text,,,,n/a,,,n/a,,,n/a,,,n/a,,,n/a,,,n/a,,,n/a,,,not stated,,not stated,,,Stated ground truth (unspecified),not stated,not stated,,not stated,"n/a - evidence-linked extraction, not a rated appraisal",,,,"Reproducibility and robustness items extracted with supporting evidence; QUADAS-2 does not apply to this design, so no risk-of-bias rating was made."
S054,35180675,10.1016/j.media.2022.102387,2022,Learning residual motion correction for fast and robust 3D multiparametric MRI,Algorithmic / methodological reconstruction study,,Reproducibility & robustness checklist,full text,,,,n/a,,,n/a,,,n/a,,,n/a,,,n/a,,,n/a,,,n/a,,,yes,". , Schwarzl, A. , Diwoky, C. , Sodickson, D.K. , 2014. gpuNUFFT - an open-source GPU library for 3D gridding with direct Matlab interface. In: Procee",not stated,,,Fully sampled acquisition,both stated,not stated,"ion. Here, we present a novel strategy based on residual learning for retrospective motion correction in fast 3D whole-brain multiparametric MRI. We pro",not stated,"n/a - evidence-linked extraction, not a rated appraisal",,,,"Reproducibility and robustness items extracted with supporting evidence; QUADAS-2 does not apply to this design, so no risk-of-bias rating was made."
S055,35657830,10.1109/tmi.2022.3179981,2022,MOdel-Based SyntheTic Data-Driven Learning (MOST-DL): Application in Single-Shot T2 Mapping With Severe Head Motion Using Overlapping-Echo Acquisition,Algorithmic / methodological reconstruction study,,Reproducibility & robustness checklist,abstract + MeSH only,,,,n/a,,,n/a,,,n/a,,,n/a,,,n/a,,,n/a,,,n/a,,,yes,s the potential to be applied to motion-prone patients in the clinic. Our code is available at https://github.com/qinqinyang/MOST-DL. - Humans - Alg,not stated,,,Not stated,not stated,not stated,,not stated,"n/a - evidence-linked extraction, not a rated appraisal",,,,"Reproducibility and robustness items extracted with supporting evidence; QUADAS-2 does not apply to this design, so no risk-of-bias rating was made."
S056,35403237,10.1002/mrm.29238,2022,Mitigating transmit-B1 artifacts by predicting parallel transmission images with deep learning: A feasibility study using high-resolution whole-brain diffusion at 7 Tesla,Algorithmic / methodological reconstruction study,,Reproducibility & robustness checklist,full text,,,,n/a,,,n/a,,,n/a,,,n/a,,,n/a,,,n/a,,,n/a,,,yes,"rate decay factor, and _DS_ the learning rate decay step. The source code is publicly available at https://github.com/ XiaodongMa-MRI/ImageBasedDLForpTX.jl. ## **2",yes,The feasibility was demonstrated using 7 T Human-Connectome Project (HCP)-style diffusion MRI. The training dataset comprised images acquired,HCP;Human Connectome;fastMRI;human Connectome;human connectome,Expert reader consensus,not stated,not stated,,yes,"n/a - evidence-linked extraction, not a rated appraisal",,,,"Reproducibility and robustness items extracted with supporting evidence; QUADAS-2 does not apply to this design, so no risk-of-bias rating was made."
S057,36103561,10.1371/journal.pone.0274576,2022,Motion correction in MR image for analysis of VSRAD using generative adversarial network,Algorithmic / methodological reconstruction study,,Reproducibility & robustness checklist,full text,,,,n/a,,,n/a,,,n/a,,,n/a,,,n/a,,,n/a,,,n/a,,,not stated,,yes,"G, Harvey D, et al. The Alzheimer’s Disease Neuroimaging Initiative (ADNI): MRI methods. J Magn Reson Imaging. 2008; 27: 685–691. https://doi.",ADNI,Expert reader consensus,retrospective,both stated,lzheimer’s disease using voxel-based morphometry of structural MRI: A multicenter<br>study. Neuropsychiatr Dis Treat. 2019; 15: 2715–2722.https://doi.o,yes,"n/a - evidence-linked extraction, not a rated appraisal",,,,"Reproducibility and robustness items extracted with supporting evidence; QUADAS-2 does not apply to this design, so no risk-of-bias rating was made."
S058,,10.1002/nbm.4616,2022,Quantitative effects of off-resonance related distortion on brain mechanical property estimation with magnetic resonance elastography,Algorithmic / methodological reconstruction study,,Reproducibility & robustness checklist,full text,,,,n/a,,,n/a,,,n/a,,,n/a,,,n/a,,,n/a,,,n/a,,,yes,"016:p 1951. 51. Cerjanic A, Holtrop JL, Ngo GC, et al. PowerGrid: A open source library for accelerated iterative magnetic resonance image reconstruc",not stated,,,Stated ground truth (unspecified),retrospective,not stated,"izes a separately collected map of the magnetic field<sup>26</sup> to retrospectively correct mis-mapped pixels, and TOPUP, which requires collection of",yes,"n/a - evidence-linked extraction, not a rated appraisal",,,,"Reproducibility and robustness items extracted with supporting evidence; QUADAS-2 does not apply to this design, so no risk-of-bias rating was made."
S059,,10.1038/s41598-022-22778-w,2022,Quantitative susceptibility mapping using plug-and-play alternating direction method of multipliers,Diagnostic accuracy / reader study,technical validation with reader assessment,QUADAS-2,full text,3,10,yes,Unclear,We apply the technique to the 2016 QSM Challenge and in 10 glioblastoma multiforme datasets.,"Available text (abstract and introduction only) gives no sampling frame, inclusion criteria, or selection rule for the 10 glioblastoma datasets.",Unclear,Reconstructions on glioblastoma data were analyzed using ranked and semiquantitative image grading by three neuroradiologist observers to assess image quality (IQ) and sharpness (IS).,"No information on whether the three observers were blinded to which reconstruction algorithm produced each map, nor on pre-specified grading thresholds.",Unclear,We compared its performance with four published QSM techniques and a multi-orientation QSM method.,A multi-orientation (COSMOS) reference was available only for the challenge data; the clinical glioblastoma grading was relative ranking against other algorithms with no independent ground truth described.,Unclear,,"The accessible text does not report how many cases each observer graded, whether any were excluded, or the flow of datasets through the analyses.",Low,We apply the technique to the 2016 QSM Challenge and in 10 glioblastoma multiforme datasets.,"Patients with intracranial pathology undergoing brain MRI fall within the review population, albeit a small and narrow sample.",Unclear,We developed PnP QSM using alternating direction method of multiplier framework and applied collaborative filtering denoisers.,"The index test is a regularized iterative QSM reconstruction with patch-based denoisers rather than an accelerated or deep-learning reconstruction, so its fit to the review question is uncertain.",Unclear,"We analyzed magnetic susceptibility accuracy using brain region-of-interest measurements, and image quality using global error metrics.",Reference outcomes are susceptibility accuracy and global error metrics rather than a fully sampled acquisition or expert diagnostic reading of preserved clinical content.,not stated,,not stated,,,Expert reader consensus,not stated,not stated,,yes,verified,Dat Tat Mai,Thai Viet Pham,Thu Nguyen Thi Dang,"Independently appraised by three reviewers (2026-08-06); independent ratings agreed on all domains, no adjudication required."
S060,,10.1109/tmi.2022.3142610,2022,Scan-Specific Generative Neural Network for MRI Super-Resolution Reconstruction,Algorithmic / methodological reconstruction study,,Reproducibility & robustness checklist,full text,,,,n/a,,,n/a,,,n/a,,,n/a,,,n/a,,,n/a,,,n/a,,,not stated,,yes,ity. We simulated a dataset based on the structural MRI data from the Human Connectome Project (HCP) [55]. We randomly picked twenty subjects for their HR T,HCP;Human Connectome;human connectome,Stated ground truth (unspecified),not stated,not stated,,yes,"n/a - evidence-linked extraction, not a rated appraisal",,,,"Reproducibility and robustness items extracted with supporting evidence; QUADAS-2 does not apply to this design, so no risk-of-bias rating was made."
S061,34166181,10.1109/tbme.2021.3091881,2022,Spatiotemporal Flexible Sparse Reconstruction for Rapid Dynamic Contrast-Enhanced MRI,Algorithmic / methodological reconstruction study,,Reproducibility & robustness checklist,full text,,,,n/a,,,n/a,,,n/a,,,n/a,,,n/a,,,n/a,,,n/a,,,not stated,,not stated,,,Fully sampled acquisition,not stated,not stated,,not stated,"n/a - evidence-linked extraction, not a rated appraisal",,,,"Reproducibility and robustness items extracted with supporting evidence; QUADAS-2 does not apply to this design, so no risk-of-bias rating was made."
S062,31865624,10.1002/nbm.4225,2022,Suppressing motion artefacts in MRI using an Inception-ResNet network with motion simulation augmentation,Algorithmic / methodological reconstruction study,,Reproducibility & robustness checklist,full text,,,,n/a,,,n/a,,,n/a,,,n/a,,,n/a,,,n/a,,,n/a,,,not stated,,not stated,,,Stated ground truth (unspecified),both stated,not stated,parameters can subsequently be used to perform either prospective or retrospective motion correction. The first navigator sequence to estimate in-plan,yes,"n/a - evidence-linked extraction, not a rated appraisal",,,,"Reproducibility and robustness items extracted with supporting evidence; QUADAS-2 does not apply to this design, so no risk-of-bias rating was made."
S063,34882551,10.1109/tmi.2021.3134496,2022,Unsupervised Deep Learning for FOD-Based Susceptibility Distortion Correction in Diffusion MRI,Algorithmic / methodological reconstruction study,,Reproducibility & robustness checklist,full text,,,,n/a,,,n/a,,,n/a,,,n/a,,,n/a,,,n/a,,,n/a,,,yes,"hieved a significant speedup of the runtime. Furthermore, we make the code publicly available on Github (https://github.com/YuchuanQiao/DrC-Net) to facilitate rese",yes,"artifact that affects the diffusion MRI (dMRI) data analysis. In the Human Connectome Project (HCP), the state-of-the-art method adopted to correct this ki",HCP;Human Connectome,Stated ground truth (unspecified),not stated,not stated,,not stated,"n/a - evidence-linked extraction, not a rated appraisal",,,,"Reproducibility and robustness items extracted with supporting evidence; QUADAS-2 does not apply to this design, so no risk-of-bias rating was made."
S064,37384951,10.1016/j.media.2023.102872,2023,Adaptive diffusion priors for accelerated MRI reconstruction,Algorithmic / methodological reconstruction study,,Reproducibility & robustness checklist,full text,,,,n/a,,,n/a,,,n/a,,,n/a,,,n/a,,,n/a,,,n/a,,,yes,"cross-domain cases. Code to implement AdaDiff is available at https://github.com/icon-lab/AdaDiff. Contributions • To our knowledge, AdaDiff is the first prior adaptati",yes,tasets Demonstrations were performed on multi-contrast brain MRI from IXI (http://brain-development.org/ixi-dataset/) and fastMRI (Knoll et al.,IXI;fastMRI;ixi,Fully sampled acquisition,retrospective,not stated,"nsistency projection for inference (Peng et al., 2022). 4.4. Analyses Retrospectively undersampled acquisitions in IXI and fastMRI were reconstructed. H",not stated,"n/a - evidence-linked extraction, not a rated appraisal",,,,"Reproducibility and robustness items extracted with supporting evidence; QUADAS-2 does not apply to this design, so no risk-of-bias rating was made."
S065,36702502,10.3174/ajnr.a7777,2023,Clinical Evaluation of Scout Accelerated Motion Estimation and Reduction Technique for 3D MR Imaging in the Inpatient and Emergency Department Settings,Diagnostic accuracy / reader study,reader study,QUADAS-2,full text,2,97,yes,Unclear,Ninety-seven patients who underwent routine brain MR imaging examination between August 2021 and January 2022 in the inpatient and emergency department settings were included in this study.,"A defined single-centre time window is given but the study never states that enrolment was consecutive or random, and no inclusion or exclusion rule is described.",Low,"Two neuroradiologists (M.L. and J.F. with 3 and 5 years of experience, respectively) performed independent blinded reviews of unlabeled MPRAGE images without and with SAMER motion correction.","Readers were blinded to reconstruction type, images were unlabeled and independently reviewed, and a previously established 5-point motion scale was used.",Low,The order of the study and the type of study (baseline-versus-SAMER motion-corrected images) were randomized by A.T. for the reviewing neuroradiologists.,"The standard non-motion-corrected reconstruction was graded blind and in randomized order by the same neuroradiologists, with a third blinded senior reader adjudicating discrepancies.",Low,The same 2 neuroradiologists (M.L. and J.F.) independently reviewed 79 of 97 cases with pathology in a blinded fashion; 18 cases did not have visible pathology on MPRAGE images.,"Both reconstructions come from the same raw k-space (zero interval), all 97 cases appear in the motion-grade analysis, and the 18 cases omitted from the head-to-head substudy are explained.",Low,Ninety-seven patients who underwent MR imaging in the inpatient and emergency department settings were included in the study.,Unselected clinical inpatient and emergency brain MRI patients are directly relevant to whether an advanced reconstruction is safe in routine practice.,Low,SAMER motion correction was retrospectively applied to an accelerated T1-weighted MPRAGE sequence that was included in brain MR imaging examinations performed with and without contrast.,An advanced model-based reconstruction applied to an R=4 accelerated brain acquisition matches the review's index-test concept.,Low,"Two blinded neuroradiologists graded images with and without SAMER motion correction on a 5-tier motion severity scale (none = 1, minimal = 2, mild = 3, moderate = 4, severe = 5).","The conventional reconstruction of the same acquisition, read by expert neuroradiologists with an explicit diagnostic/nondiagnostic cut-off, is the intended standard-of-care reference.",not stated,,not stated,,,Expert reader consensus,both stated,not stated,tion and reduction (SAMER) framework has been developed for efficient retrospective motion correction. The goal of this study was to perform an initial,yes,verified,Dat Tat Mai,Thai Viet Pham,Thu Nguyen Thi Dang,"Independently appraised by three reviewers (2026-08-06); independent ratings agreed on all domains, no adjudication required."
S066,,10.1007/s00062-023-01261-7,2023,Comparison of EPI DWI and STEAM DWI in Early Postoperative MRI Controls After Resection of Tumors of the Central Nervous System,Algorithmic / methodological reconstruction study,,Reproducibility & robustness checklist,full text,,,,n/a,,,n/a,,,n/a,,,n/a,,,n/a,,,n/a,,,n/a,,,not stated,,not stated,,,Expert reader consensus,retrospective,not stated,The MRIs of neurosurgical patients with early postoperative MRI were retrospectively analyzed. The study was ethically approved by the institutional re,yes,"n/a - evidence-linked extraction, not a rated appraisal",,,,"Reproducibility and robustness items extracted with supporting evidence; QUADAS-2 does not apply to this design, so no risk-of-bias rating was made."
S067,,10.48550/arxiv.2305.00088,2023,DD-CISENet: Dual-Domain Cross-Iteration Squeeze and Excitation Network for Accelerated MRI Reconstruction,Algorithmic / methodological reconstruction study,,Reproducibility & robustness checklist,partial full text (truncated),,,,n/a,,,n/a,,,n/a,,,n/a,,,n/a,,,n/a,,,n/a,,,yes,. This study included 720 multi-coil brain MRI cases adopted from the open-source fastMRI Dataset. Results showed that the average reconstruction error,yes,included 720 multi-coil brain MRI cases adopted from the open-source fastMRI Dataset. Results showed that the average reconstruction error by DD-C,fastMRI;fastmri,Fully sampled acquisition,not stated,not stated,,not stated,"n/a - evidence-linked extraction, not a rated appraisal",,,,"Reproducibility and robustness items extracted with supporting evidence; QUADAS-2 does not apply to this design, so no risk-of-bias rating was made."
S068,37797482,10.1016/j.media.2023.102942,2023,"Deep learning, data ramping, and uncertainty estimation for detecting artifacts in large, imbalanced databases of MRI images",Algorithmic / methodological reconstruction study,,Reproducibility & robustness checklist,abstract + MeSH only,,,,n/a,,,n/a,,,n/a,,,n/a,,,n/a,,,n/a,,,n/a,,,not stated,,not stated,,,Not stated,not stated,not stated,,not stated,"n/a - evidence-linked extraction, not a rated appraisal",,,,"Reproducibility and robustness items extracted with supporting evidence; QUADAS-2 does not apply to this design, so no risk-of-bias rating was made."
S069,36433748,10.1002/mp.16119,2023,Deep learning-based motion quantification from k-space for fast model-based magnetic resonance imaging motion correction,Algorithmic / methodological reconstruction study,,Reproducibility & robustness checklist,full text,,,,n/a,,,n/a,,,n/a,,,n/a,,,n/a,,,n/a,,,n/a,,,yes,"ct removal with unpaired data. Accessed on: 22 February 2022. https://zenodo.org/record/4474599 41. Kim D, Cauley SF, Nayak KS, Leahy RM, Haldar JP. Region- optimize",not stated,,,Stated ground truth (unspecified),both stated,not stated,nce imaging (MRI) of the head. PURPOSE: State-of-the-art methods for retrospective motion correction in MRI are often computationally expensive or in t,not stated,"n/a - evidence-linked extraction, not a rated appraisal",,,,"Reproducibility and robustness items extracted with supporting evidence; QUADAS-2 does not apply to this design, so no risk-of-bias rating was made."
S070,36867912,10.1016/j.media.2023.102744,2023,Diffusion MRI data analysis assisted by deep learning synthesized anatomical images (DeepAnat),Algorithmic / methodological reconstruction study,,Reproducibility & robustness checklist,full text,,,,n/a,,,n/a,,,n/a,,,n/a,,,n/a,,,n/a,,,n/a,,,yes,The source codes are publicly and freely available at GitHub (https://github.com/liziyu0929/DeepAnat). As results from the HCP data (reported in the Results section) demo,yes,ystematic evaluations using data of 60 young subjects provided by the Human Connectome Project (HCP) show that the synthesized T1w images and results for br,ADNI;HCP;Human Connectome;UK Biobank,Expert reader consensus,prospective,not stated,,not stated,"n/a - evidence-linked extraction, not a rated appraisal",,,,"Reproducibility and robustness items extracted with supporting evidence; QUADAS-2 does not apply to this design, so no risk-of-bias rating was made."
S071,37125656,10.1002/mrm.29684,2023,Distortion-corrected image reconstruction with deep learning on an MRI-Linac,Algorithmic / methodological reconstruction study,,Reproducibility & robustness checklist,full text,,,,n/a,,,n/a,,,n/a,,,n/a,,,n/a,,,n/a,,,n/a,,,yes,** The source code for our neural networks is available at: https://github.com/shanshanshan3/DCReconNet. ### **ORCID** _Shanshan Shan_ https://orcid.org/0000-0002-8758-42,yes,", Borowski BJ, et al. Measurement of MRI scanner performance with the ADNI phantom. _Med Phys_ . 2009;36:2193-2205. 16. Schad LR, Ehricke HH,",ADNI,Fully sampled acquisition,both stated,not stated,patient lung images acquired from an MRI-Linac for fully sampled and retrospectively subsampled acquisitions. ## **2 METHODS** ## **2.1 GNL-encodin,yes,"n/a - evidence-linked extraction, not a rated appraisal",,,,"Reproducibility and robustness items extracted with supporting evidence; QUADAS-2 does not apply to this design, so no risk-of-bias rating was made."
S072,37058493,10.1371/journal.pone.0284440,2023,Effect of geometric distortion correction on thickness and volume measurements of cortical parcellations in 3D T1w gradient echo sequences,Algorithmic / methodological reconstruction study,,Reproducibility & robustness checklist,full text,,,,n/a,,,n/a,,,n/a,,,n/a,,,n/a,,,n/a,,,n/a,,,yes,"ions of this study that need to be mentioned. First, we only used the open-source FreeSurfer software to investigate the effect of distortion correctio",not stated,,,Expert reader consensus,not stated,both stated,"onal and longitudinal studies. Of course, this bias is more likely in multi-site studies assuming that one site uses the distortion correction provide",yes,"n/a - evidence-linked extraction, not a rated appraisal",,,,"Reproducibility and robustness items extracted with supporting evidence; QUADAS-2 does not apply to this design, so no risk-of-bias rating was made."
S073,37237139,10.1038/s41598-023-35794-1,2023,Evaluation of motion artefact reduction depending on the artefacts' directions in head MRI using conditional generative adversarial networks,Algorithmic / methodological reconstruction study,,Reproducibility & robustness checklist,full text,,,,n/a,,,n/a,,,n/a,,,n/a,,,n/a,,,n/a,,,n/a,,,not stated,,not stated,,,Stated ground truth (unspecified),both stated,not stated,"in k-space would cause a motion artefact across the entire image, in retrospective motion correction, k-space data were corrected with reference to a p",yes,"n/a - evidence-linked extraction, not a rated appraisal",,,,"Reproducibility and robustness items extracted with supporting evidence; QUADAS-2 does not apply to this design, so no risk-of-bias rating was made."
S074,37284977,10.1007/s12021-023-09635-5,2023,Geometric Reliability of Super-Resolution Reconstructed Images from Clinical Fetal MRI in the Second Trimester,Algorithmic / methodological reconstruction study,,Reproducibility & robustness checklist,full text,,,,n/a,,,n/a,,,n/a,,,n/a,,,n/a,,,n/a,,,n/a,,,yes,"t al., 2021). On average, 3.35 sequences per subject were 1 https://github.com/gift-surg/NiftyMIC. 2 https://github.com/Medical-Image-Analysis-Laboratory/ mialsuperres",not stated,,,Expert reader consensus,both stated,multi-centre,"in the diagnosis of fetal brain abnormalities in utero (MERIDIAN): A multicentre, prospective cohort study. Lancet (London England), 389(10068), 538–",yes,"n/a - evidence-linked extraction, not a rated appraisal",,,,"Reproducibility and robustness items extracted with supporting evidence; QUADAS-2 does not apply to this design, so no risk-of-bias rating was made."
S075,36106429,10.1002/nbm.4831,2023,"High-fidelity, high-spatial-resolution diffusion magnetic resonance imaging of ex vivo whole human brain at ultra-high gradient strength with structured low-rank echo-planar imaging ghost correction",Algorithmic / methodological reconstruction study,,Reproducibility & robustness checklist,full text,,,,n/a,,,n/a,,,n/a,,,n/a,,,n/a,,,n/a,,,n/a,,,not stated,,yes,".070 [PubMed: 21473920] 4. McNab JA, Edlow BL, Witzel T, et al. The Human Connectome Project and beyond: Initial applications of 300 mT/m gradients. Neuro",Human Connectome;human connectome,Stated ground truth (unspecified),not stated,not stated,,not stated,"n/a - evidence-linked extraction, not a rated appraisal",,,,"Reproducibility and robustness items extracted with supporting evidence; QUADAS-2 does not apply to this design, so no risk-of-bias rating was made."
S076,37010811,10.1002/mrm.29647,2023,Highly accelerated intracranial time-of-flight magnetic resonance angiography using wave-encoding,Algorithmic / methodological reconstruction study,,Reproducibility & robustness checklist,full text,,,,n/a,,,n/a,,,n/a,,,n/a,,,n/a,,,n/a,,,n/a,,,yes,the reconstructions performed in this study is available at https:// github.com/yangji6/WaveTOF. A dataset used for testing the reconstruction code are available from,not stated,,,Fully sampled acquisition,both stated,not stated,coded and Cartesian k-space datasets from six healthy volunteers were retrospectively and prospectively undersampled with 2D-CAIPI sampling and variable,yes,"n/a - evidence-linked extraction, not a rated appraisal",,,,"Reproducibility and robustness items extracted with supporting evidence; QUADAS-2 does not apply to this design, so no risk-of-bias rating was made."
S077,37784039,10.1186/s12880-023-01109-z,2023,"Improving MR image quality with a multi-task model, using convolutional losses",Algorithmic / methodological reconstruction study,,Reproducibility & robustness checklist,full text,,,,n/a,,,n/a,,,n/a,,,n/a,,,n/a,,,n/a,,,n/a,,,not stated,,yes,"n in-house pelvic MRI dataset, which was evaluated qualitatively on a publicly available dataset for reproducibility. The datasets are further described below. #",FastMRI;fastMRI,Fully sampled acquisition,retrospective,not stated,uper‑resolution_** The fully sampled _k_ -space data was subsampled retrospectively by selecting only part of the _k_ -space lines (frequencies) using,yes,"n/a - evidence-linked extraction, not a rated appraisal",,,,"Reproducibility and robustness items extracted with supporting evidence; QUADAS-2 does not apply to this design, so no risk-of-bias rating was made."
S078,36856903,10.1007/s10278-022-00697-6,2023,Multi-Modal Brain Tumor Data Completion Based on Reconstruction Consistency Loss,Algorithmic / methodological reconstruction study,,Reproducibility & robustness checklist,full text,,,,n/a,,,n/a,,,n/a,,,n/a,,,n/a,,,n/a,,,n/a,,,not stated,,yes,"is used to conduct the baseline experiment of this article, and the BraTs data set is used for testing under the same conditions. The comparis",BRATS;BraTs;brats,Stated ground truth (unspecified),not stated,not stated,,yes,"n/a - evidence-linked extraction, not a rated appraisal",,,,"Reproducibility and robustness items extracted with supporting evidence; QUADAS-2 does not apply to this design, so no risk-of-bias rating was made."
S079,37394534,10.1186/s41747-023-00351-y,2023,Optimized flow compensation for contrast-enhanced T1-weighted Wave-CAIPI 3D MPRAGE imaging of the brain,Algorithmic / methodological reconstruction study,,Reproducibility & robustness checklist,full text,,,,n/a,,,n/a,,,n/a,,,n/a,,,n/a,,,n/a,,,n/a,,,not stated,,not stated,,,Expert reader consensus,not stated,not stated,,yes,"n/a - evidence-linked extraction, not a rated appraisal",,,,"Reproducibility and robustness items extracted with supporting evidence; QUADAS-2 does not apply to this design, so no risk-of-bias rating was made."
S080,,10.1007/978-3-031-46914-5_23,2023,SADIR: Shape-Aware Diffusion Models for 3D Image Reconstruction,Algorithmic / methodological reconstruction study,,Reproducibility & robustness checklist,full text,,,,n/a,,,n/a,,,n/a,,,n/a,,,n/a,,,n/a,,,n/a,,,not stated,,yes,"cans from the latest released Open Access Series of Imaging Studies (OASIS-III) [23]. All subjects include both healthy and disease individuals,",OASIS;Oasis,Stated ground truth (unspecified),not stated,not stated,,not stated,"n/a - evidence-linked extraction, not a rated appraisal",,,,"Reproducibility and robustness items extracted with supporting evidence; QUADAS-2 does not apply to this design, so no risk-of-bias rating was made."
S081,,10.1007/978-3-031-43999-5_47,2023,Self-supervised MRI Reconstruction with Unrolled Diffusion Models,Algorithmic / methodological reconstruction study,,Reproducibility & robustness checklist,full text,,,,n/a,,,n/a,,,n/a,,,n/a,,,n/a,,,n/a,,,n/a,,,yes,uction speed and quality. Implementation will be available at https://github.com/yilmazkorkmaz1/SSDiffRecon . ### Page 1 Self-supervised MRI Reconstruction with Unrolled Diﬀus,yes,at 445K and 654K steps which corresponds to 28th and 109th epochs for IXI and fastMRI datasets respectively. A single NVIDIA RTX A5000 gpu is u,IXI;fastMRI;ixi,Fully sampled acquisition,retrospective,multi-centre,"re used for training, 10 for validation and 40 for testing. Data from multiple sites are included with no common protocol. T1-, T2- and Flair-weighted acq",not stated,"n/a - evidence-linked extraction, not a rated appraisal",,,,"Reproducibility and robustness items extracted with supporting evidence; QUADAS-2 does not apply to this design, so no risk-of-bias rating was made."
S082,37285247,10.1109/tmi.2023.3283948,2023,Spatial-Intensity Transforms for Medical Image-to-Image Translation,Algorithmic / methodological reconstruction study,,Reproducibility & robustness checklist,full text,,,,n/a,,,n/a,,,n/a,,,n/a,,,n/a,,,n/a,,,n/a,,,yes,"tness, which is critical for translation to clinical settings. Source code is available at github.com/clintonjwang/spatial-intensity-transforms. - Humans - I",yes,nerative disease in the Alzheimer’s Disease Neuroimaging Initiative (ADNI) dataset (adni.loni.usc.edu). Here we drastically improve performance,ADNI;adni,Stated ground truth (unspecified),not stated,multi-centre,"forms have been applied to translate scans across clinical sites for multi-site harmonization, where the spatial component permits visual inspection",not stated,"n/a - evidence-linked extraction, not a rated appraisal",,,,"Reproducibility and robustness items extracted with supporting evidence; QUADAS-2 does not apply to this design, so no risk-of-bias rating was made."
S083,38167996,10.1002/mp.16918,2024,AI-based motion artifact severity estimation in undersampled MRI allowing for selection of appropriate reconstruction models,Algorithmic / methodological reconstruction study,,Reproducibility & robustness checklist,full text,,,,n/a,,,n/a,,,n/a,,,n/a,,,n/a,,,n/a,,,n/a,,,not stated,,yes,uniformly random distributed sampling pat- tern as used for the 2019 FastMRI challenge.3 Given an undersampling factor R and a center fraction par,FastMRI;fastMRI,Fully sampled acquisition,both stated,not stated,rally assume an ideal setting without intra-scan motion. PURPOSE: To retrospectively detect and quantify the severity of motion artifacts in undersampl,not stated,"n/a - evidence-linked extraction, not a rated appraisal",,,,"Reproducibility and robustness items extracted with supporting evidence; QUADAS-2 does not apply to this design, so no risk-of-bias rating was made."
S084,,10.1038/s41598-024-59705-0,2024,Accelerated MRI reconstructions via variational network and feature domain learning,Diagnostic accuracy / reader study,technical validation with reader assessment,QUADAS-2,full text,3,20,yes,High,"consisting of 20 cases (4 FLAIR, 5 T1-weighted, and 11 T2-weighted volumes) with abnormalities (clinical dataset)","The reader cohort was a purposively chosen subset of abnormal cases carried over from a prior study, not a consecutive or random sample of the test set.",High,"All radiologists had knowledge of the ground-truth, but were blinded to the particular reconstruction model and performed their reviews independently.","Reconstruction model identity was masked, but readers scored each accelerated reconstruction while knowingly viewing the labelled fully sampled ground truth, so interpretation was not blinded to the reference.",Low,The fastMRI dataset includes both the raw k-space data and ground-truth MRI images presented in this work.,The fully sampled reconstruction from raw multi-coil k-space is an appropriate reference for judging preserved image content.,Low,Each radiologist was assigned the ground-truth fully-sampled image and two undersampled reconstructions: one with the FI VarNet (12 feature-12 image cascades),"Retrospective undersampling of the same raw data gives a zero interval, and all three readers scored all 20 cases (reported as x/20 for every reader).",Low,"The abnormalities included postsurgical complications, vascular-related conditions, masses and tumors, and fluid-related conditions.",Clinical brain MRI containing a spread of real pathology is the population in which loss of diagnostic content matters.,Low,Reconstructions were evaluated on the fastMRI dataset using standard metrics and clinical scoring by three neuroradiologists.,"Deep-learning reconstruction of 4x to 8x Cartesian undersampled brain MRI, scored by neuroradiologists, is precisely the index test of interest.",Low,"three Likert-like grading scales were used to assess artifacts, sharpness, and contrast-to-noise ratio (CNR), in comparison to the ground-truth",Expert grading explicitly referenced to the fully sampled ground truth matches the review's reference standard.,yes,"erboard for 4 $$\times$$ × Cartesian undersampling, outperforming all open-source models in the leaderboard. Radiologists rated FI VarNet brain reconst",yes,in learning and boost accuracy. Reconstructions were evaluated on the fastMRI dataset using standard metrics and clinical scoring by three neurorad,FastMRI;fastMRI;fastmri,Fully sampled acquisition,not stated,not stated,,not stated,verified,Dat Tat Mai,Thai Viet Pham,Thu Nguyen Thi Dang,"Independently appraised by three reviewers (2026-08-06); independent ratings agreed on all domains, no adjudication required."
S085,,10.1109/access.2024.3408840,2024,Adversarial Learning for MRI Reconstruction and Classification of Cognitively Impaired Individuals,Algorithmic / methodological reconstruction study,,Reproducibility & robustness checklist,full text,,,,n/a,,,n/a,,,n/a,,,n/a,,,n/a,,,n/a,,,n/a,,,yes,"es. Python scripts and manuals are made available on GitHub (https:// github.com/vkola-lab/access2024) F. COMPLEXITY ANALYSIS 1) TIME COMPLEXITY—In general, for convolution",yes,"of participants from the Alzheimer’s Disease Neuroimaging Initiative (ADNI, N=342) and the National Alzheimer’s Coordinating Center (NACC, N =19",ADNI,Fully sampled acquisition,not stated,multi-centre,"heimer’s Coordinating Center (NACC) to perform this study. ADNI is a multi-center project focused on curating clinical, imaging, genetic, and biochemi",not stated,"n/a - evidence-linked extraction, not a rated appraisal",,,,"Reproducibility and robustness items extracted with supporting evidence; QUADAS-2 does not apply to this design, so no risk-of-bias rating was made."
S086,38400805,10.1002/jmri.29308,2024,Automated Quality Evaluation Index for Arterial Spin Labeling Derived Cerebral Blood Flow Maps,Diagnostic accuracy / reader study,reader study + diagnostic accuracy,QUADAS-2,full text,2,221,yes,High,"The scans were chosen to encompass a wide range of artifacts, but not considering any disease status.","Scans were purposively selected to span the artifact spectrum rather than sampled consecutively or randomly, which inflates the quality range on which the index was trained and tested.",High,"The dotted line in the plot shows the point corresponding to a 99% sensitivity and 79% specificity, and a QEI value of 0.53.","The QEI cut-off of 0.53 was derived post hoc from the same ROC analysis and its parameters were fitted to the same expert ratings, so the threshold was not pre-specified (leave-one-out cross-validation only partly mitigates this).",Low,Two neuroradiologists (RW with 23 years of experience and SAN with 12 years of experience in interpreting ASL images) rated the 101 CBF maps shown in Table 1 based on visual inspection.,"Independent visual ratings by two highly experienced neuroradiologists, made before the automated index existed, are an acceptable reference read independent of the index test (inter-rater R = 0.81).",Low,"We discarded the data of two subjects, one for having a single control-label pair for which the computation of ASL-MC QI was not possible",Index and reference are computed on the identical CBF maps (zero interval) and the only exclusions are enumerated with explicit reasons.,Low,"Data from N = 221 adults, including patients with Alzheimer's disease (AD), Parkinson's disease, and traumatic brain injury.",Adults undergoing brain MRI across several neurological conditions fall within the review population.,High,To develop an automated and objective quality evaluation index (QEI) for ASL CBF maps.,"The index test is an automated image-quality metric for ASL perfusion maps, not an accelerated or deep-learning reconstruction, so it does not address whether accelerated reconstruction preserves diagnostic content.",Unclear,The maps were rated based on the level of image artifacts relative to plausible CBF information on a scale between 1 and 4,"Expert visual ratings act as ground truth, but the target condition is ASL map quality rather than preserved diagnostic content relative to a fully sampled or conventional acquisition.",not stated,,yes,"e were obtained from the Alzheimer’s Disease Neuroimaging Initiative (ADNI) database (adni.loni.usc.edu). As such, the investigators within the",ADNI;adni,Expert reader consensus,retrospective,multi-centre,become the modality of choice to measure CBF in several large-scale multisite studies with measurements of brain structure and function (3–6). ASL,yes,verified,Dat Tat Mai,Thai Viet Pham,Thu Nguyen Thi Dang,"Independently appraised by three reviewers (2026-08-06); independent ratings agreed on all domains, no adjudication required."
S087,38009996,10.1002/mrm.29937,2024,CEST and nuclear Overhauser enhancement imaging with deep learning-extrapolated semisolid magnetization transfer reference: Scan-rescan reproducibility and reliability studies,Algorithmic / methodological reconstruction study,,Reproducibility & robustness checklist,full text,,,,n/a,,,n/a,,,n/a,,,n/a,,,n/a,,,n/a,,,n/a,,,not stated,,not stated,,,Expert reader consensus,prospective,not stated,,yes,"n/a - evidence-linked extraction, not a rated appraisal",,,,"Reproducibility and robustness items extracted with supporting evidence; QUADAS-2 does not apply to this design, so no risk-of-bias rating was made."
S088,,10.3174/ajnr.a8143,2024,Clinical Evaluation of a 2-Minute Ultrafast Brain MR Protocol for Evaluation of Acute Pathology in the Emergency and Inpatient Settings,Diagnostic accuracy / reader study,reader study + diagnostic accuracy,QUADAS-2,full text,2,66,yes,Low,Consecutive adult patients .18 years of age who underwent clinical brain MR imaging with the routine brain without contrast MR imaging protocol in the emergency and inpatient settings were included in the study.,"Prospective consecutive enrolment of an unselected emergency/inpatient clinical population, with no case-control sampling and no evident inappropriate exclusions.",Low,"For all cases, the ms-EPI was reviewed first, without seeing the reference sequences, and the neuroradiologists were asked to provide the main clinical diagnosis.","The accelerated ms-EPI images were read first and independently by two neuroradiologists blinded to clinical history and acquisition method, with a pre-specified categorical diagnosis scale, although the authors concede true blinding was imperfect for the side-by-side quality comparison.",High,The reference sequence images were then subsequently reviewed and the neuroradiologists were asked if there was a change in final diagnosis after reviewing the reference sequences.,"The reference (10-minute conventional protocol) was interpreted by the same readers immediately after, and with full knowledge of, their index-test diagnosis, so the reference reading was not blinded to the index test.",Low,"All patients underwent both the reference and the ultrafast brain MR protocols. Both brain MR imaging protocols consisted of T1-weighted, T2/T2*-weighted, FLAIR, and DWI sequences.",Every patient received the same reference protocol in the same imaging session and all 66 were analysed; the interval between index and reference acquisition was negligible.,Low,Sixty-six adult patients who underwent brain MR imaging in the emergency department and inpatient settings were included in the study.,"Real-world adult brain MRI patients imaged for acute neurological indications match the review population, although most had no acute finding.",Low,The ultrafast MR images were reconstructed by using a machine-learning assisted framework.,"The index test is a machine-learning-assisted reconstruction of a highly accelerated brain protocol, exactly the technology of interest.",Low,The average acquisition time was 2.1 minutes for the ultrafast brain MR protocol and 10 minutes for the reference brain MR protocol.,"The comparator is the institution's conventional 10-minute standard-of-care brain protocol read by expert neuroradiologists, matching the review's reference standard.",not stated,,not stated,,,Expert reader consensus,both stated,single-centre,"All brain MR examinations were performed on one of two 3T scanners at our institution (Magnetom Prisma and Magnetom Skyra, Siemens Healthineers), by using",yes,verified,Dat Tat Mai,Thai Viet Pham,Thu Nguyen Thi Dang,"Independently appraised by three reviewers (2026-08-06); independent ratings agreed on all domains, no adjudication required."
S089,39434010,10.1186/s12880-024-01463-6,2024,Comprehensive assessment of imaging quality of artificial intelligence-assisted compressed sensing-based MR images in routine clinical settings,Diagnostic accuracy / reader study,technical validation with reader assessment,QUADAS-2,full text,3,50,yes,High,"The inclusion criteria for the participants’ selection were as follows: a) healthy subjects with no known medical history, b) adults aged 18–70 years","Only healthy subjects were enrolled and subjects whose image quality did not meet diagnostic requirements were excluded, which removes the diagnostically difficult spectrum entirely.",Low,All images were randomized before being presented to the radiologist for evaluation as well as all images were anonymized and labelled with a neutral identifier that does not indicate the acquisition technique.,"Readers scored ACS and non-ACS images independently, in randomised order, with acquisition technique concealed and pre-specified 5-point criteria.",Low,This approach has been considered the gold standard for evaluating ACS-reconstructed images in this study.,"The comparator was a fully sampled, conventionally Fourier-reconstructed acquisition, and it was read under the same blinded, randomised conditions as the index images.",Low,Ten MR datasets acquired for each body region with and without ACS technique using different MR contrasts.,"Each subject was imaged with and without ACS using otherwise identical parameters in the same session, and data from all 50 subjects entered the analysis.",High,"The clinical significance of the study is limited by the lack of diseased subjects, which restricts interpretation of the results in a clinical context.","A healthy-volunteer sample containing no pathology, of whom only ten were brain examinations, cannot inform whether accelerated reconstruction preserves diagnostic content in patients.",Low,"ACS uses a randomized undersampling pattern, providing 9 levels of undersampling in total. The corresponding acceleration factor varies from 2 to 4.","AI-assisted compressed sensing reconstruction of prospectively undersampled data at acceleration factors 2-4, including brain sequences, matches the index test of interest.",Low,"The non-ACS reference approach entails obtaining full k-space data without undersampling, enabling the inclusion of all data points.","A fully sampled conventional acquisition assessed by radiologists is the reference standard specified by the review, though only image-quality rather than diagnostic endpoints were scored.",not stated,,not stated,,,Fully sampled acquisition,prospective,multi-centre,N. Measurement of signal-to- noise and contrast-to-noise in the fBIRN multicenter imaging study. J Digit Imaging. 2006;19(2):140–7. https://​doi.​org/,yes,verified,Dat Tat Mai,Thai Viet Pham,Thu Nguyen Thi Dang,"Independently appraised by three reviewers (2026-08-06); independent ratings agreed on all domains, no adjudication required."
S090,39455814,10.1038/s41598-024-76592-7,2024,Deep learning-based super-resolution and denoising algorithm improves reliability of dynamic contrast-enhanced MRI in diffuse glioma,Algorithmic / methodological reconstruction study,,Reproducibility & robustness checklist,full text,,,,n/a,,,n/a,,,n/a,,,n/a,,,n/a,,,n/a,,,n/a,,,not stated,,not stated,,,Expert reader consensus,retrospective,multi-centre,"sessment of mri in neuro-oncology with artificial neural networks: A multicentre, retrospective study. Lancet Oncol. 20, 728–740 (2019). 30. Martine",yes,"n/a - evidence-linked extraction, not a rated appraisal",,,,"Reproducibility and robustness items extracted with supporting evidence; QUADAS-2 does not apply to this design, so no risk-of-bias rating was made."
S091,38621552,10.1016/j.mri.2024.04.013,2024,DeepFLAIR: A neural network approach to mitigate signal and contrast loss in temporal lobes at 7 Tesla FLAIR images,Algorithmic / methodological reconstruction study,,Reproducibility & robustness checklist,full text,,,,n/a,,,n/a,,,n/a,,,n/a,,,n/a,,,n/a,,,n/a,,,yes,g established scripts from the MP2RAGE authors (available at https://github.com/JosePMarque s/MP2RAGE-related-scripts). The other remaining structural scans we,not stated,,,Expert reader consensus,both stated,not stated,the attenuated regions may be an inexpensive solution applicable in retrospective datasets. Another alternative would be to use 3 T FLAIR images to b,not stated,"n/a - evidence-linked extraction, not a rated appraisal",,,,"Reproducibility and robustness items extracted with supporting evidence; QUADAS-2 does not apply to this design, so no risk-of-bias rating was made."
S092,,10.48550/arxiv.2409.00807,2024,Diffusion based multi-domain neuroimaging harmonization method with preservation of anatomical details,Algorithmic / methodological reconstruction study,,Reproducibility & robustness checklist,full text,,,,n/a,,,n/a,,,n/a,,,n/a,,,n/a,,,n/a,,,n/a,,,not stated,,yes,. • We tested the proposed method in two public datasets ABIDE II and ADNI 1: 1. Our diffusion model-based harmonization method achieved superio,ADNI;adni,Stated ground truth (unspecified),retrospective,multi-centre,"aging harmonization method with preservation of anatomical details In multi-center neuroimaging studies, the technical variability caused by the batch d",not stated,"n/a - evidence-linked extraction, not a rated appraisal",,,,"Reproducibility and robustness items extracted with supporting evidence; QUADAS-2 does not apply to this design, so no risk-of-bias rating was made."
S093,38342980,10.1002/mrm.30045,2024,Improving quantitative MRI using self-supervised deep learning with model reinforcement: Demonstration for rapid T1 mapping,Algorithmic / methodological reconstruction study,,Reproducibility & robustness checklist,full text,,,,n/a,,,n/a,,,n/a,,,n/a,,,n/a,,,n/a,,,n/a,,,not stated,,not stated,,,Fully sampled acquisition,retrospective,single-centre,"6. All in-vivo studies were carried out under a protocol approved by our institutional review board. In all 4 studies, to correct for bias on T1 estimati",yes,"n/a - evidence-linked extraction, not a rated appraisal",,,,"Reproducibility and robustness items extracted with supporting evidence; QUADAS-2 does not apply to this design, so no risk-of-bias rating was made."
S094,38942939,10.1007/s10278-024-01184-w,2024,Iterative Motion Correction Technique with Deep Learning Reconstruction for Brain MRI: A Volunteer and Patient Study,Algorithmic / methodological reconstruction study,,Reproducibility & robustness checklist,full text,,,,n/a,,,n/a,,,n/a,,,n/a,,,n/a,,,n/a,,,n/a,,,not stated,,not stated,,,Expert reader consensus,retrospective,single-centre,"brain DLR MR images. Materials and Methods This study was approved by our Institutional Review Board. For the volunteer study, written informed consent w",yes,"n/a - evidence-linked extraction, not a rated appraisal",,,,"Reproducibility and robustness items extracted with supporting evidence; QUADAS-2 does not apply to this design, so no risk-of-bias rating was made."
S095,,10.1109/cisp-bmei64163.2024.10906217,2024,MCDDPM: Multichannel Conditional Denoising Diffusion Model for Unsupervised Anomaly Detection in Brain MRI,Algorithmic / methodological reconstruction study,,Reproducibility & robustness checklist,full text,,,,n/a,,,n/a,,,n/a,,,n/a,,,n/a,,,n/a,,,n/a,,,yes,raTS21) demonstrate promising performance of the proposed method. The code is available at https://github.com/vivekkumartri/MCDDPM. ### Page 1 MCDDPM: Mult,yes,Xz −X0∥p TABLE I INFORMATION ABOUT DATASETS. Characteristics Datasets IXI BraTS20 BraTS21 MSLUB # Train 358 0 0 0 # Val 44 0 100 10 # Test 158,BraTS;IXI;brats,Stated ground truth (unspecified),not stated,not stated,,not stated,"n/a - evidence-linked extraction, not a rated appraisal",,,,"Reproducibility and robustness items extracted with supporting evidence; QUADAS-2 does not apply to this design, so no risk-of-bias rating was made."
S096,38760778,10.1186/s12880-024-01297-2,2024,MRI reconstruction with enhanced self-similarity using graph convolutional network,Algorithmic / methodological reconstruction study,,Reproducibility & robustness checklist,full text,,,,n/a,,,n/a,,,n/a,,,n/a,,,n/a,,,n/a,,,n/a,,,not stated,,yes,"e 9 of 15 Ma et al. BMC Medical Imaging (2024) 24:113 the fastMRI [43] brain dataset, both from open reposi- tories. The coil sensitivi",fastMRI,Fully sampled acquisition,not stated,not stated,,yes,"n/a - evidence-linked extraction, not a rated appraisal",,,,"Reproducibility and robustness items extracted with supporting evidence; QUADAS-2 does not apply to this design, so no risk-of-bias rating was made."
S097,38462289,10.1016/j.artmed.2024.102798,2024,NPB-REC: A non-parametric Bayesian deep-learning approach for undersampled MRI reconstruction with uncertainty estimation,Algorithmic / methodological reconstruction study,,Reproducibility & robustness checklist,full text,,,,n/a,,,n/a,,,n/a,,,n/a,,,n/a,,,n/a,,,n/a,,,yes,m undersampled data. Code and trained models are available at https://github.com/samahkh/NPB-REC. - Bayes Theorem - Deep Learning - Uncertainty - Brain / diagnostic im,yes,ate the efficacy of our approach on a multi-coil MRI dataset from the fastMRI challenge and compare it to the baseline End-to-End Variational Netwo,fastMRI;fastmri,Fully sampled acquisition,retrospective,not stated,imization in- cluded 32 images sampled randomly from the test set. We retrospectively un- dersampled the k-space data with random Cartesian masks of acc,yes,"n/a - evidence-linked extraction, not a rated appraisal",,,,"Reproducibility and robustness items extracted with supporting evidence; QUADAS-2 does not apply to this design, so no risk-of-bias rating was made."
S098,,10.1109/tbme.2023.3300090,2024,Quantitative MR Image Reconstruction Using Parameter-Specific Dictionary Learning With Adaptive Dictionary-Size and Sparsity-Level Choice,Algorithmic / methodological reconstruction study,,Reproducibility & robustness checklist,full text,,,,n/a,,,n/a,,,n/a,,,n/a,,,n/a,,,n/a,,,n/a,,,not stated,,not stated,,,Not stated,retrospective,not stated,ented approach’s superiority was quantitatively eval- uated merely on retrospectively simulated data. The lack of ground-truth quantitative parameter ma,yes,"n/a - evidence-linked extraction, not a rated appraisal",,,,"Reproducibility and robustness items extracted with supporting evidence; QUADAS-2 does not apply to this design, so no risk-of-bias rating was made."
S099,39349147,10.1016/j.neuroimage.2024.120865,2024,Quantitative evaluation of Scout Accelerated Motion Estimation and Reduction (SAMER) MPRAGE for morphometric analysis of brain tissue in patients undergoing evaluation for memory loss,Algorithmic / methodological reconstruction study,,Reproducibility & robustness checklist,abstract + MeSH only,,,,n/a,,,n/a,,,n/a,,,n/a,,,n/a,,,n/a,,,n/a,,,not stated,,not stated,,,Not stated,both stated,not stated,y developed Scout Accelerated Motion Estimation and Reduction (SAMER) retrospective motion correction method addresses motion artifact within clinically,not stated,"n/a - evidence-linked extraction, not a rated appraisal",,,,"Reproducibility and robustness items extracted with supporting evidence; QUADAS-2 does not apply to this design, so no risk-of-bias rating was made."
S100,38102776,10.1002/mrm.29969,2024,Self-calibrated subspace reconstruction for multidimensional MR fingerprinting for simultaneous relaxation and diffusion quantification,Algorithmic / methodological reconstruction study,,Reproducibility & robustness checklist,full text,,,,n/a,,,n/a,,,n/a,,,n/a,,,n/a,,,n/a,,,n/a,,,not stated,,not stated,,,Fully sampled acquisition,both stated,not stated,"can be significantly reduced as the dictionary needs to be generated retrospectively after each specific scan. Lastly, the method’s robustness decreas",yes,"n/a - evidence-linked extraction, not a rated appraisal",,,,"Reproducibility and robustness items extracted with supporting evidence; QUADAS-2 does not apply to this design, so no risk-of-bias rating was made."
S101,38626138,10.1371/journal.pone.0301132,2024,Simulating rigid head motion artifacts on brain magnitude MRI data-Outcome on image quality and segmentation of the cerebral cortex,Algorithmic / methodological reconstruction study,,Reproducibility & robustness checklist,full text,,,,n/a,,,n/a,,,n/a,,,n/a,,,n/a,,,n/a,,,n/a,,,yes,erformed these sim- ulations using the functionality available in the open-source Python framework TorchIO [15]. TorchIO facilitates the standardizatio,yes,"pically not available from large population MRI data sets such as the UK Biobank and the German National Cohort (GNC) [8, 9]. The preva- lence of moti",ADNI;UK Biobank;UK biobank,Not stated,both stated,not stated,"ting, blurring, and ringing in the image [2]. Several prospective and retrospective motion correction techniques exist, but these are seldom employed in",yes,"n/a - evidence-linked extraction, not a rated appraisal",,,,"Reproducibility and robustness items extracted with supporting evidence; QUADAS-2 does not apply to this design, so no risk-of-bias rating was made."
S102,38758490,10.1007/s10334-024-01161-y,2024,Towards retrospective motion correction and reconstruction for clinical 3D brain MRI protocols with a reference contrast,Algorithmic / methodological reconstruction study,,Reproducibility & robustness checklist,full text,,,,n/a,,,n/a,,,n/a,,,n/a,,,n/a,,,n/a,,,n/a,,,not stated,,not stated,,,Stated ground truth (unspecified),both stated,not stated,Towards retrospective motion correction and reconstruction for clinical 3D brain MRI proto,yes,"n/a - evidence-linked extraction, not a rated appraisal",,,,"Reproducibility and robustness items extracted with supporting evidence; QUADAS-2 does not apply to this design, so no risk-of-bias rating was made."
S103,38376403,10.1148/radiol.231938,2024,Ultrafast Brain MRI with Deep Learning Reconstruction for Suspected Acute Ischemic Stroke,Algorithmic / methodological reconstruction study,,Reproducibility & robustness checklist,full text,,,,n/a,,,n/a,,,n/a,,,n/a,,,n/a,,,n/a,,,n/a,,,not stated,,yes,"er B, Radmanesh A, Kim S, Jeong G, Ko J, et al. Results of the 2020 fastMRI Challenge for Machine Learning MR Image Reconstruction. IEEE Trans",fastMRI,Expert reader consensus,both stated,not stated,"2). During training, simulated training examples were generated by retrospectively undersampling high-SNR images, and noise was added to the simulat",yes,"n/a - evidence-linked extraction, not a rated appraisal",,,,"Reproducibility and robustness items extracted with supporting evidence; QUADAS-2 does not apply to this design, so no risk-of-bias rating was made."
S104,38282270,10.1002/mrm.30018,2024,Zero-DeepSub: Zero-shot deep subspace reconstruction for rapid multiparametric quantitative MRI using 3D-QALAS,Algorithmic / methodological reconstruction study,,Reproducibility & robustness checklist,full text,,,,n/a,,,n/a,,,n/a,,,n/a,,,n/a,,,n/a,,,n/a,,,yes,tion within 2 min. • All the source codes can be found here: https://github.com/yohan-jun/Zero- DeepSub THEORY QALAS Signal Model The MR signal model describing acqu,not stated,,,Fully sampled acquisition,both stated,multi-centre,"lts of the Magnetic Resonance Image Compilation (MAGiC) Prospective, Multicenter, Multireader Trial. AJNR Am. J. Neuroradiol. 2017;38:1103–1110. [Pub",yes,"n/a - evidence-linked extraction, not a rated appraisal",,,,"Reproducibility and robustness items extracted with supporting evidence; QUADAS-2 does not apply to this design, so no risk-of-bias rating was made."
S105,40035173,10.1002/mrm.30436,2025,"3D MERMAID: 3D Multi-shot enhanced recovery motion artifact insensitive diffusion for submillimeter, multi-shell, and SNR-efficient diffusion imaging",Algorithmic / methodological reconstruction study,,Reproducibility & robustness checklist,abstract + MeSH only,,,,n/a,,,n/a,,,n/a,,,n/a,,,n/a,,,n/a,,,n/a,,,not stated,,not stated,,,Not stated,not stated,not stated,,not stated,"n/a - evidence-linked extraction, not a rated appraisal",,,,"Reproducibility and robustness items extracted with supporting evidence; QUADAS-2 does not apply to this design, so no risk-of-bias rating was made."
S106,,10.1038/s41598-025-17993-0,2025,A multinational study of deep learning-based image enhancement for multiparametric glioma MRI,Diagnostic accuracy / reader study,reader study,QUADAS-2,full text,3,294,yes,Low,"A total of 300 consecutive patients (100 glioma patients from each of the three institutions (NYU, Severance, and SNUH) who underwent a dedicated MRI protocol for the evaluation of gliomas",Consecutive retrospective enrolment of 100 glioma patients at each of three institutions with explicit inclusion criteria and no case-control structure.,Unclear,"All images were anonymized and blinded in terms of patient identification, institutional information and origin, and were presented to the readers in a randomized order.","Blinding is described only for patient identity, institution and origin; the paper never states that readers were blinded to whether an image was DL-enhanced, and the large SNR difference makes that concealment doubtful.",Unclear,"Each reviewer independently evaluated T2W, T2 FLAIR, postcontrast T1W with the following image quality criteria in conventional and DL-enhanced images based on a 5-point Likert scale",The conventional images acted as comparator and were rated by the same readers with Likert quality scores; no independent diagnostic ground truth was applied and blinding of the comparator reading to processing status is not reported.,Low,"Of 300 consecutive patients with gliomas, five patients from NYU dataset were excluded due to incomplete scan range and one patient from Severance dataset was excluded due to image upload failure","Only six technical exclusions are documented, every remaining patient contributed paired conventional and DL images derived from the same acquisition, so the interval is zero.",Low,The inclusion criteria were as follows: (1) Patients who underwent preoperative glioma MRI protocols between April 2007 and June 2023 and were pathologically confirmed with gliomas and (2) aged ≥ 18 years.,"Pathologically confirmed glioma patients scanned on 21 scanners across three countries represent a real clinical brain MRI population, albeit restricted to one disease.",High,The software was applied to the obtained images in a post-processing manner in the Digital Imaging and Communications in Medicine (DICOM) domain.,"No undersampling or scan acceleration was actually performed; DL enhancement was applied post hoc to fully acquired standard images, so the study does not test whether accelerated reconstruction preserves diagnostic content.",Low,The quantitative and qualitative image parameters were compared between conventional and DL-enhanced images.,The conventional standard-of-care acquisition read by neuroradiologists serves as the comparator specified by the review.,not stated,,not stated,,,Fully sampled acquisition,both stated,both stated,"o hinder research in broader contexts, including clinical trials and multicenter studies. Various imaging acquisition and reconstruction techniques, s",yes,verified,Dat Tat Mai,Thai Viet Pham,Thu Nguyen Thi Dang,"Independently appraised by three reviewers (2026-08-06); independent ratings agreed on all domains, no adjudication required."
S107,41395855,10.1002/mp.70197,2025,A physics-informed deep learning model for MRI brain motion correction,Algorithmic / methodological reconstruction study,technical validation with reader assessment,Reproducibility & robustness checklist,full text,,728,reclassified from observer/reader design to algorithmic after three-reviewer appraisal of the full text found no human reader,High,"Institutional Review Board approval was not required for this study, as both datasets were obtained from open-access repositories, and the original studies had already received ethical approval.","Subjects are a convenience sample from two public research repositories (IXI and MR-ART) with no clinical indication, no consecutive or random sampling rule, and no patient-level selection criteria.",Unclear,"The dataset was partitioned into two non-overlapping subsets: a training set (n=480, 54,160 slices) and a testing set (n=100, 11,980 slices).","Evaluation was entirely automated with no human interpretation and no pre-specified diagnostic threshold, so blinding cannot be assessed; the train/test split is reported for IXI but not for the in-vivo MR-ART data.",Unclear,"This dataset includes three types of images: motion-free ground truth images, motion-corrupted images at level 1, and motion-corrupted images at level 2","The reference is a pixel-level motion-free image rather than any expert reading or target-condition classification, so its ability to correctly classify diagnostic findings is unknown.",Low,Realistic motion artifacts were simulated by perturbing phase encoding lines with random rigid transformations.,"Corruption was applied to the same k-space data that provided the ground truth, giving a zero interval, and all test cases received the identical reference with metrics reported for every case.",High,"although our simulated motion artifact framework closely mimics realistic conditions, the performance of PI-MoCoNet should be validated on larger and more diverse clinical datasets.","Research-repository volunteers with simulated or task-induced motion, and no clinical pathology, do not represent the diagnostic brain MRI population of the review.",High,"The primary goal is to robustly remove motion artifacts from high-resolution brain MRI images without explicit motion parameter estimation, thereby preserving image fidelity and enhancing diagnostic reliability.","The index test is a deep-learning motion-artifact correction network; no undersampled or accelerated acquisition is reconstructed, so it only indirectly addresses accelerated reconstruction safety.",High,"Performance was assessed using three quantitative metrics: normalized mean square error (NMSE), peak signal-to-noise ratio (PSNR), and structural similarity index (SSIM)",Only automated similarity metrics were compared against the motion-free image; without any radiologist reading or diagnostic ground truth the reference cannot address preservation of diagnostic content.,yes,"tient motion is unavoidable. The source code is available at: https://github.com/mosaf/PI-MoCoNet.git. keywords: k-space, MRI, motion correction, MoCo, physics informed dee",yes,gid transformations. The method was evaluated on two public datasets (IXI and MR-ART). Comparative assessments were made against baseline model,IXI;ixi,Stated ground truth (unspecified),retrospective,not stated,"37, 397–409 (2024). [10] B. A. Duffy, L. Zhao, F. Sepehrband, et al., Retrospective motion artifact cor- rection of structural MRI images using deep lea",yes,"n/a - evidence-linked extraction, not a rated appraisal",,,,"Reproducibility and robustness items extracted with supporting evidence; QUADAS-2 does not apply to this design, so no risk-of-bias rating was made."
S108,39887515,10.1002/mrm.30439,2025,A straightforward approach for 3D single-shot arterial spin labeling-based brain perfusion imaging: Preventing artifacts due to signal fluctuations,Algorithmic / methodological reconstruction study,,Reproducibility & robustness checklist,full text,,,,n/a,,,n/a,,,n/a,,,n/a,,,n/a,,,n/a,,,n/a,,,not stated,,not stated,,,Fully sampled acquisition,retrospective,not stated,"o avoid artifacts from inter-shot movements and enable more effective retrospective motion correction, particularly for children, the elderly, and pati",yes,"n/a - evidence-linked extraction, not a rated appraisal",,,,"Reproducibility and robustness items extracted with supporting evidence; QUADAS-2 does not apply to this design, so no risk-of-bias rating was made."
S109,39316286,10.1007/s11604-024-01666-5,2025,Accelerating FLAIR imaging via deep learning reconstruction: potential for evaluating white matter hyperintensities,Diagnostic accuracy / reader study,reader study,QUADAS-2,full text,3,30,yes,High,"Forty patients met the inclusion criteria. However, 10 patients were excluded because of body motion-induced artifacts.","Retrospective single-centre selection limited to patients with stored raw data, followed by exclusion of a quarter of eligible patients for motion artefact, removes precisely the difficult cases most likely to challenge the reconstruction.",Low,All FLAIR images were anonymized and randomly displayed. The images were independently and blindly evaluated by the three neuroradiologists using a dedicated viewer,"The three image types were anonymised, randomised and read blindly and independently against pre-specified 4-point scales, although the hyperintensity task deliberately displayed std-FLAIR alongside the accelerated images.",Low,"Two radiologists with 15 and 17 years of experience, distinct from the three evaluators, selected 100 white matter hyperintensities, each measuring 3–10 mm in diameter.","The reference is the fully sampled std-FLAIR acquisition, with target lesions defined on it by two experienced radiologists independent of the three scoring readers.",Low,"We retrospectively reconstructed 3 × accelerated images (i.e., images obtained by applying AF = 3) using one-third of the fully sampled raw k-space data.","Index and reference images derive from the same raw k-space acquisition, so the interval is zero, all 30 patients received the same reference and all were analysed.",Low,"MRI was performed in the 30 patients for the following conditions: moyamoya disease (n = 8), cerebral aneurysm (n = 5), multiple sclerosis (n = 3), arterial dissection (n = 2)",Clinical patients with genuine white matter hyperintensities across diverse cerebrovascular and inflammatory conditions match the review population.,Low,We applied deep learning-based reconstruction to the 3 × acc-FLAIR images and designated the resulting images as DLR–FLAIR images.,Deep learning reconstruction of three-fold undersampled brain FLAIR data is exactly the accelerated reconstruction the review addresses.,Low,The scan time of fully sampled data was 4 min 37 s. The image obtained using this fully sampled method was referred to as the standard FLAIR (std-FLAIR) image.,"The fully sampled acquisition read by neuroradiologists is the review's reference standard, though only lesion visibility and not lesion detection was assessed.",not stated,,not stated,,,Fully sampled acquisition,both stated,both stated,"brain MRI while preserving quantitative performance: a pro- spective, multicenter, multireader trial. AJNR Am J Neuroradiol. 2021;42:2130–7. https://​",yes,verified,Dat Tat Mai,Thai Viet Pham,Thu Nguyen Thi Dang,"Independently appraised by three reviewers (2026-08-06); independent ratings agreed on all domains, no adjudication required."
S110,40596927,10.1186/s12880-025-01763-5,2025,Accelerating brain T2-weighted imaging using artificial intelligence-assisted compressed sensing combined with deep learning-based reconstruction: a feasibility study at 5.0T MRI,Diagnostic accuracy / reader study,reader study,QUADAS-2,full text,2,98,yes,Unclear,"The prospective analysis was performed on 98 participants who underwent brain T2WI scans using ACS, DLR, and PI techniques.","Abstract only: enrolment is described as prospective but no sampling rule, consecutive recruitment, or inclusion and exclusion criteria are reported.",Unclear,"Two observers evaluated the overall image quality, truncation artifacts, motion artifacts, cerebrospinal fluid flow artifacts, vascular pulsation artifacts, and the significance of lesions.","Abstract only: two observers scored the images but nothing is stated about blinding to sequence type, randomisation of presentation, or pre-specified thresholds.",Unclear,"This study systematically evaluates the diagnostic efficacy of the integrated ACS-DLR technique for T2WI at 5.0T, comparing it to conventional parallel imaging (PI) protocols.","Abstract only: the comparator is a conventional parallel-imaging sequence rather than a fully sampled acquisition, and no information is given on blinded interpretation of that comparator.",Unclear,"The prospective analysis was performed on 98 participants who underwent brain T2WI scans using ACS, DLR, and PI techniques.","Abstract only: all participants appear to have received all three sequences, but no exclusions, withdrawals, or acquisition intervals are reported.",Unclear,"The prospective analysis was performed on 98 participants who underwent brain T2WI scans using ACS, DLR, and PI techniques.","Abstract only: participants are not characterised as patients or volunteers and no clinical indications are given, so match to the review population cannot be judged.",Low,The acquisition time for ACS and DLR was reduced by 78%.,AI-assisted compressed sensing combined with deep learning reconstruction of substantially accelerated brain T2-weighted imaging is directly the index test of interest.,Low,comparing it to conventional parallel imaging (PI) protocols,"The comparator is the conventional standard-of-care parallel-imaging brain protocol assessed by observers, which fits the review's standard-of-care reference definition.",not stated,,not stated,,,Fully sampled acquisition,prospective,both stated,"the single-center and small sample design, it is necessary to conduct multi-center research in future studies to further validate the research results a",yes,verified,Dat Tat Mai,Thai Viet Pham,Thu Nguyen Thi Dang,"Independently appraised by three reviewers (2026-08-06); independent ratings agreed on all domains, no adjudication required."
S111,40493331,10.1007/s10334-025-01266-y,2025,Agreement of image quality metrics with radiological evaluation in the presence of motion artifacts,Diagnostic accuracy / reader study,technical validation with reader assessment,QUADAS-2,full text,4,31,yes,High,"This dataset includes 3D T1 MP-RAGE, 3D T2 FLAIR, 2D T1 STIR, and 2D T2 TSE acquisitions with instructed head nodding and shaking motion from 22 healthy participants.",Healthy volunteer convenience samples from two research datasets with deliberately induced motion; no consecutive or random clinical sampling frame is described.,Unclear,The metrics were recalculated seven times with varying pre-processing steps.,"The index metrics were computed automatically but no threshold was pre-specified and seven pre-processing variants were explored, with the best-correlating configuration reported post hoc.",Unclear,the limited quality evaluation (only one experienced radiologist for the CUBRIC dataset versus two radiologists and two technicians for the NRU dataset),The reference is a subjective 1-5 quality score with only moderate observer agreement for three of four sequences and a single rater in one dataset.,Low,"Each sequence was acquired with and without voluntary motion, as well as with and without prospective motion correction. The acquisition without motion and without motion correction served as reference image.","Index and reference images come from the same within-session paired acquisitions, so the interval is negligible and all rated volumes entered the correlation analysis.",High,Our current analysis is based on data acquired for research purposes that included a separate 'still' reference scan.,Healthy research volunteers performing instructed motion do not represent a clinical brain MRI population undergoing accelerated reconstruction.,High,the use of IQMs for benchmarking different image reconstruction or motion correction methods is challenging and might misguide future research,"The index test is a panel of image quality metrics for motion correction rather than an accelerated or AI reconstruction, so it addresses the review question only indirectly.",Low,radiological evaluation of overall image quality is commonly used as a gold standard when investigating the performance of IQMs,Expert radiologist reading plus a motion-free reference acquisition matches the review's definition of the reference standard.,not stated,,yes,ability vary between different studies. The organizers of the first fastMRI challenge found that SSIM performed consistently with radiological e,UK biobank;fastMRI,Stated ground truth (unspecified),both stated,not stated,"19. Marchetto E, Murphy K, Glimberg SL, Gallichan D (2023) Robust retrospective motion correction of head motion using navigator- based and markerle",yes,verified,Dat Tat Mai,Thai Viet Pham,Thu Nguyen Thi Dang,"Independently appraised by three reviewers (2026-08-06); independent ratings agreed on all domains, no adjudication required."
S112,39832954,10.3174/ajnr.a8662,2025,Application of Deep Learning Accelerated Image Reconstruction in T2-Weighted Turbo Spin-Echo Imaging of the Brain at 7T,Algorithmic / methodological reconstruction study,,Reproducibility & robustness checklist,full text,,,,n/a,,,n/a,,,n/a,,,n/a,,,n/a,,,n/a,,,n/a,,,not stated,,not stated,,,Stated ground truth (unspecified),both stated,not stated,"utilizing the proposed DL algorithms; subsequently, the raw data were retrospectively reconstructed by using the standard GRAPPA reconstruction pipeline",not stated,"n/a - evidence-linked extraction, not a rated appraisal",,,,"Reproducibility and robustness items extracted with supporting evidence; QUADAS-2 does not apply to this design, so no risk-of-bias rating was made."
S113,40257058,10.1177/03000605251330578,2025,Artificial intelligence-powered four-fold upscaling of human brain synthetic metabolite maps,Algorithmic / methodological reconstruction study,,Reproducibility & robustness checklist,abstract + MeSH only,,,,n/a,,,n/a,,,n/a,,,n/a,,,n/a,,,n/a,,,n/a,,,not stated,,not stated,,,Conventional/standard-of-care acquisition,not stated,not stated,,not stated,"n/a - evidence-linked extraction, not a rated appraisal",,,,"Reproducibility and robustness items extracted with supporting evidence; QUADAS-2 does not apply to this design, so no risk-of-bias rating was made."
S114,,10.1109/isbi60581.2025.10981000,2025,Assessing the Use of Diffusion Models for Motion Artifact Correction in Brain MRI,Algorithmic / methodological reconstruction study,,Reproducibility & robustness checklist,full text,,,,n/a,,,n/a,,,n/a,,,n/a,,,n/a,,,n/a,,,n/a,,,not stated,,not stated,,,Stated ground truth (unspecified),retrospective,not stated,t years have seen increasing efforts to use deep learning methods for retrospective motion artifact removal in MRI—techniques applied after scan complet,not stated,"n/a - evidence-linked extraction, not a rated appraisal",,,,"Reproducibility and robustness items extracted with supporting evidence; QUADAS-2 does not apply to this design, so no risk-of-bias rating was made."
S115,40315626,10.1016/j.ejrad.2025.112123,2025,"Assessment of AI-accelerated T2-weighted brain MRI, based on clinical ratings and image quality evaluation",Diagnostic accuracy / reader study,reader study,QUADAS-2,abstract + MeSH only,4,100,yes,Low,100 consecutive patients with various neurological conditions underwent both T2(DR) and T2(CN) on a Siemens Vida 3 T scanner,"Consecutive enrolment of an unselected clinical neurological cohort, with no case-control construction or stated inappropriate exclusions.",Low,"Four neuroradiologists evaluated overall image quality (OIQ), diagnostic safety (DS), and image artifacts (IA), blinded to the acquisition mode.",Readers scoring the deep-learning reconstruction were explicitly blinded to whether the acquisition was accelerated or conventional.,Low,To compare clinical ratings and signal-to-noise ratio (SNR) measures of a commercially available Deep Learning-based MRI reconstruction method (T2(DR)) against conventional T2- turbo spin echo brain MRI (T2(CN)).,"The comparator is the full-length conventional T2 turbo spin echo acquisition, rated by the same readers under blinding to acquisition mode.",Low,underwent both T2(DR) and T2(CN) on a Siemens Vida 3 T scanner with a 64-channel head coil in the same examination,"Both sequences were acquired in the same examination so the interval is effectively zero, and results are reported for the full cohort of 100 patients.",Low,"The mean patient age was 43.6 years (SD 20.3), with 54 females.",A routine clinical adult neurological population undergoing brain MRI matches the review question.,Low,Acquisition times were 3.33 min for T2(CN) and 1.04 min for T2(DR).,A commercial deep-learning reconstruction delivering a roughly three-fold reduction in acquisition time is exactly the index test of interest.,Low,"Our results suggest that while T2(DR) may be clinically applicable for a diagnostic setting, it does not fully match the quality of high-standard conventional T2(CN), MRI acquisitions.",The standard-of-care conventional acquisition read by neuroradiologists is the reference standard the review specifies.,not stated,,not stated,,,Expert reader consensus,not stated,not stated,,not stated,verified,Dat Tat Mai,Thai Viet Pham,Thu Nguyen Thi Dang,"Independently appraised by three reviewers (2026-08-06); independent ratings agreed on all domains, no adjudication required."
S116,39080159,10.1007/s10278-024-01171-1,2025,AutoCorNN: An Unsupervised Physics-Aware Deep Learning Model for Geometric Distortion Correction of Brain MRI Images Towards MR-Only Stereotactic Radiosurgery,Algorithmic / methodological reconstruction study,,Reproducibility & robustness checklist,full text,,,,n/a,,,n/a,,,n/a,,,n/a,,,n/a,,,n/a,,,n/a,,,not stated,,yes,"s-aware deep-learning model for correcting geometric distortions. Two publicly available datasets, the MPI-Leipzig Mind-Brain-Body with 318 subjects, and the Vesti",HCP,Stated ground truth (unspecified),prospective,not stated,,not stated,"n/a - evidence-linked extraction, not a rated appraisal",,,,"Reproducibility and robustness items extracted with supporting evidence; QUADAS-2 does not apply to this design, so no risk-of-bias rating was made."
S117,39566835,10.1016/j.mri.2024.110277,2025,Blip-up blip-down circular EPI (BUDA-cEPI) for distortion-free dMRI with rapid unrolled deep learning reconstruction,Algorithmic / methodological reconstruction study,,Reproducibility & robustness checklist,abstract + MeSH only,,,,n/a,,,n/a,,,n/a,,,n/a,,,n/a,,,n/a,,,n/a,,,not stated,,not stated,,,Not stated,not stated,not stated,,not stated,"n/a - evidence-linked extraction, not a rated appraisal",,,,"Reproducibility and robustness items extracted with supporting evidence; QUADAS-2 does not apply to this design, so no risk-of-bias rating was made."
S118,40912664,10.1016/j.neuroimage.2025.121442,2025,Conditional deep generative normative modeling for structural and developmental anomaly detection in the fetal brain,Algorithmic / methodological reconstruction study,,Reproducibility & robustness checklist,full text,,,,n/a,,,n/a,,,n/a,,,n/a,,,n/a,,,n/a,,,n/a,,,yes,"this study is available at the project repository on GitHub (https://github.com/VictorSungminYou/Fetal-Brain-AnomalyDetection). References Avisdris N, Yehuda B, Ben-Zvi O, Link-Sourani D, Ben-Sira",yes,"l infections. Additionally, we included TD cases from the developing Human Connectome Project(dHCP)(Price et al., 2019) public dataset. We collected T2-we",Human Connectome,Expert reader consensus,retrospective,multi-centre,"data from typically developing and clinically abnormal fetuses across multiple sites, CCVAEGAN achieves superior image generation quality and anomaly dete",yes,"n/a - evidence-linked extraction, not a rated appraisal",,,,"Reproducibility and robustness items extracted with supporting evidence; QUADAS-2 does not apply to this design, so no risk-of-bias rating was made."
S119,40273728,10.1016/j.media.2025.103579,2025,Cycle-conditional diffusion model for noise correction of diffusion-weighted images using unpaired data,Algorithmic / methodological reconstruction study,,Reproducibility & robustness checklist,full text,,,,n/a,,,n/a,,,n/a,,,n/a,,,n/a,,,n/a,,,n/a,,,not stated,,not stated,,,Stated ground truth (unspecified),not stated,not stated,,yes,"n/a - evidence-linked extraction, not a rated appraisal",,,,"Reproducibility and robustness items extracted with supporting evidence; QUADAS-2 does not apply to this design, so no risk-of-bias rating was made."
S120,39038956,10.3174/ajnr.a8424,2025,DANTE-CAIPI Accelerated Contrast-Enhanced 3D T1: Deep Learning-Based Image Quality Improvement for Vessel Wall MRI,Algorithmic / methodological reconstruction study,,Reproducibility & robustness checklist,full text,,,,n/a,,,n/a,,,n/a,,,n/a,,,n/a,,,n/a,,,n/a,,,not stated,,not stated,,,Expert reader consensus,prospective,not stated,,yes,"n/a - evidence-linked extraction, not a rated appraisal",,,,"Reproducibility and robustness items extracted with supporting evidence; QUADAS-2 does not apply to this design, so no risk-of-bias rating was made."
S121,,10.1109/access.2025.3634749,2025,DIMA: DIffusing Motion Artifacts for Unsupervised Correction in Brain MRI Images,Algorithmic / methodological reconstruction study,technical validation with reader assessment,Reproducibility & robustness checklist,full text,,169,reclassified from observer/reader design to algorithmic after three-reviewer appraisal of the full text found no human reader,High,This study was conducted retrospectively using ethically acquired publicly available human subject data.,"Convenience reuse of two public datasets built by design around paired motion-free and deliberately motion-corrupted scans, with no consecutive or random clinical sampling rule.",Unclear,"To train the network, we utilize paired datasets where motion-affected images (simulated via our framework) serve as inputs, and their corresponding ground-truth, artifact-free images act as targets. During training, we optimize using the SSIM loss function.","The correction network is optimised against the same similarity measure later used to judge it and no blinded reading or pre-specified diagnostic threshold was applied, although test patients were held out.",Low,"For each patient, there are three scans: one motion-free scan acquired while the patient remained still and two motion-affected scans acquired while the patient purposefully moved their head to induce artifacts.",A genuinely acquired motion-free scan of the same subject serves as ground truth rather than a simulation.,Unclear,"we applied normalization and performed registration to align the motion-free and motion-affected images in the MR-ART dataset, as the volumes were often misaligned.","Index and reference images came from separate acquisitions that were frequently misaligned and required registration, and the number of subjects and slices in the final MR-ART test set is not reported.",High,"The motion artifacts in the MR-ART dataset were generated through purposeful movement, which differs from the unintentional and often irregular motion seen in real-world clinical settings.",The population is volunteers performing instructed head movements rather than a clinical cohort whose diagnostic content is at stake.,Low,"DIMA (DIffusing Motion Artifacts), a novel framework that leverages diffusion models to enable unsupervised motion artifact correction in brain MRI.",A deep-learning generative method that alters brain MRI image content falls within the review's index test of AI-based reconstruction and restoration.,High,"To validate performance, we quantify restoration accuracy using as metrics structural similarity index (SSIM), mean squared error (MSE) and peak signal-to-noise ratio (PSNR).","The reference acquisition is compared only by global similarity metrics, with no radiologist reading or lesion-level assessment of preserved diagnostic content.",not stated,,not stated,,,Stated ground truth (unspecified),both stated,not stated,have developed two primary intervention strate- gies: prospective and retrospective techniques. Prospective methods are implemented during the scanning,not stated,"n/a - evidence-linked extraction, not a rated appraisal",,,,"Reproducibility and robustness items extracted with supporting evidence; QUADAS-2 does not apply to this design, so no risk-of-bias rating was made."
S122,39212832,10.1007/s10334-024-01200-8,2025,Deep learning for efficient reconstruction of highly accelerated 3D FLAIR MRI in neurological deficits,Diagnostic accuracy / reader study,technical validation with reader assessment,QUADAS-2,full text,3,62,yes,Low,Patient data were consecutively acquired on a 3 T Philips Ingenia Elition scanner equipped with a 32-channel head coil between 08/2021 and 02/2023.,"Consecutive acquisition of routine clinical scans over a defined period, with a documented and diagnosis-independent exclusion of five motion-degraded cases.",Low,"The order of the reconstruction methods was randomized, and the raters remained unaware of the method used and the patients' clinical information.","Reconstruction identity was randomised and concealed from all three raters, who were also blinded to clinical information.",High,"For the prospectively acquired patient data, no ground truth data were available, and comparisons with clinically used CS reconstructions prohibited an assessment of changes in diagnosis.","No fully sampled reference exists; the comparator is a compressed-sensing reconstruction of the same 12-fold undersampled data, so the reference cannot establish whether diagnostic content was preserved.",Low,"Five subjects were discarded due to excessive motion artifacts, in which there was no exclusion bias toward a particular diagnostic label, resulting in a dataset of fifty-seven (n = 57) subjects.","Both reconstructions derive from identical raw k-space so the interval is zero, all remaining subjects received the same comparator, and withdrawals are fully accounted for.",Low,"All patients included in this study (n = 62, 34 females) came to the hospital as part of the clinical routine, including patients with stroke (n = 8)","A heterogeneous routine clinical cohort with stroke, multiple sclerosis and tumours matches the review's target population.",Low,Twelve-fold accelerated 3D T2-FLAIR images were obtained from a cohort of 62 patients with neurological deficits on 3 T MRI.,A physics-informed deep-learning reconstruction of highly accelerated prospectively undersampled brain data is precisely the index test of interest.,High,Compressed sensing (CS) is the reference reconstruction method used in the clinic to which we compare our CIRIM method.,"The reference is another accelerated reconstruction rather than a fully sampled acquisition, so preserved diagnostic content cannot be verified against a true standard.",yes,econstruction times. Model parameters were initialized randomly. The code is available online at https://​github.​com/​ wdika/​atomm​ic. Reconstruction time,yes,"ans, including scans with white matter lesions, were adopted from the FastMRI database to evaluate structural similarity (SSIM) and the CR of lesio",FastMRI;fastMRI,Fully sampled acquisition,both stated,multi-centre,acute ischaemic stroke within 4·5 h of symptom onset (PRE-FLAIR): a multicentre observational study. Lancet Neurol 10(11):978–986. https://​doi.​org,yes,verified,Dat Tat Mai,Thai Viet Pham,Thu Nguyen Thi Dang,"Independently appraised by three reviewers (2026-08-06); independent ratings agreed on all domains, no adjudication required."
S123,,10.1007/s10916-025-02300-1,2025,Diffusion Models for Neuroimaging Data Augmentation: Assessing Realism and Clinical Relevance,Algorithmic / methodological reconstruction study,,Reproducibility & robustness checklist,full text,,,,n/a,,,n/a,,,n/a,,,n/a,,,n/a,,,n/a,,,n/a,,,not stated,,yes,ed the following steps: Dataset Type Subjects Target Population Ref. ADNI (Alzheimer’s Disease Neuroim­ aging Initiative) Longitudinal 819 Mild,ADNI;OASIS;Oasis;oasis,Expert reader consensus,not stated,multi-centre,"nd structural fidelity, we propose a generative pipeline trained on a multicenter dataset of healthy subjects. The model suggests the potential to prod",not stated,"n/a - evidence-linked extraction, not a rated appraisal",,,,"Reproducibility and robustness items extracted with supporting evidence; QUADAS-2 does not apply to this design, so no risk-of-bias rating was made."
S124,40065646,10.1002/mrm.30482,2025,Elastographic magnetization prepared imaging with rapid encoding,Algorithmic / methodological reconstruction study,,Reproducibility & robustness checklist,full text,,,,n/a,,,n/a,,,n/a,,,n/a,,,n/a,,,n/a,,,n/a,,,not stated,,not stated,,,Fully sampled acquisition,both stated,not stated,"Additionally, we obtained displacement fields with high OSS-SNR with retrospective sampling and differences in average stiffness properties (NRMSE) of",yes,"n/a - evidence-linked extraction, not a rated appraisal",,,,"Reproducibility and robustness items extracted with supporting evidence; QUADAS-2 does not apply to this design, so no risk-of-bias rating was made."
S125,39898398,10.3348/kjr.2024.0701,2025,Evaluation of Image Quality and Scan Time Efficiency in Accelerated 3D T1-Weighted Pediatric Brain MRI Using Deep Learning-Based Reconstruction,Diagnostic accuracy / reader study,technical validation with reader assessment,QUADAS-2,full text,3,46,yes,Unclear,"although we consecutively enrolled pediatric patients who underwent brain MRI during a specified period, there may have been a selection bias associated with the retrospective design of this study",Consecutive enrolment is claimed but the sample was deliberately capped at the minimum number the institution deemed necessary and the authors concede possible selection bias.,Low,Readers were also blinded to the MRI acquisition parameters and sequence identifiers.,"The three qualitative readers scored a randomised mixture of conventional, accelerated and deep-learning reconstructions while blinded to sequence identity.",High,"For the qualitative analysis of lesion conspicuity, only images with visible lesions on conventional pre- and post-contrast T1-weighted examinations were included.","Lesion truth is defined by the comparator images themselves and readers were given lesion locations in advance, producing incorporation bias; the conventional protocol is also already accelerated rather than fully sampled.",Low,"For the quantitative analysis of MRI quality obtained using pre-contrast T1-weighted image sequences, three patients were excluded due to severe postoperative tissue defects (n = 1) or hypomyelination disease (n = 2).","All three image sets were obtained in the same examination so the interval is zero, and every exclusion is enumerated in a flow chart with all 46 patients retained for qualitative analysis.",Low,"In total, 46 patients (20 male and 26 female) with a mean age of 7.4 years (age range: 5 months to 16 years) were included.","A clinical paediatric brain MRI population with varied indications is a relevant, if age-specific, target group for accelerated reconstruction.",Low,images acquired using the accelerated acquisition protocol were reconstructed using intensity Filter A and a DL-based reconstruction algorithm (AIRTM Recon DL; GE HealthCare),A commercial deep-learning reconstruction applied to prospectively accelerated 3D T1 acquisitions matches the review's index test.,Low,"All images acquired using the conventional acquisition protocol were reconstructed using intensity Filter A (i.e., slight sharpening and smoothing) reconstruction (ClariView; GE HealthCare)","The institution's standard-of-care conventional protocol acquired in the same session, read by radiologists, is the review's intended comparator.",not stated,,yes,"der B, Radmanesh A, Kim S, Jeong G, Ko J, et al. Results of the 2020 fastMRI challenge for machine learning MR image reconstruction. IEEE Trans M",fastMRI,Fully sampled acquisition,both stated,both stated,ut arterial phase hyperenhancement at gadoxetic acid-enhanced MRI: a multicenter study. Radiology 2020;296:335-345 26. McHugh ML. Interrater reliabil,yes,verified,Dat Tat Mai,Thai Viet Pham,Thu Nguyen Thi Dang,"Independently appraised by three reviewers (2026-08-06); independent ratings agreed on all domains, no adjudication required."
S126,39690114,10.1002/jmri.29672,2025,Incorporating Radiologist Knowledge Into MRI Quality Metrics for Machine Learning Using Rank-Based Ratings,Diagnostic accuracy / reader study,technical validation with reader assessment,QUADAS-2,full text,7,,yes,Unclear,"In the ranking part of this study we included axial T1, T1 post-contrast, T2, and T2FLAIR 2D images (N = 378, 428, 1894, and 216, respectively) from the fastMRI Initiative neuro database.","Slices were drawn from a public database with no stated patient-level sampling rule, no demographics and no description of how cases were chosen.",Low,A total of 2916 corrupted image pairs were shown to radiologists with random repeats and random left/right ordering on a HTML page.,"The ranking task was randomised with concealed left/right ordering and repeat presentations, and readers were given no cues about the corruption applied.",Unclear,Image ranking was subjective with a high level of intraobserver agreement ( 94.9 % ± 2.4 % ) and lower interobserver agreement ( 61.47 % ± 5.51 % ),"Fully sampled k-space provides a sound image reference, but the radiologist consensus ranking used as the human reference standard showed only moderate interobserver agreement.",High,"considering the difference in their time commitment, the numbers of rankings from readers varied, which may introduce bias in the majority vote.","Image pairs did not all receive the same reference standard because readers contributed very unequal numbers of rankings and could skip pairs, biasing the consensus label.",Unclear,The study is retrospective only and the dataset only consisted of axial brain scans.,"The scans are real clinical brain MRI but no clinical indications, pathology prevalence or patient characteristics are reported, so population match cannot be judged.",Low,We undersampled the multichannel k-space data by Poisson disc with an acceleration factor of 16X.,Model-based deep-learning reconstruction of 8-fold and 16-fold undersampled brain k-space is directly within the review's index test.,High,"Synthetically corrupted image pairs were ranked by radiologists (N = 7), with a subset also scoring images using a Likert scale (N = 2).","Radiologists judged synthetically corrupted images rather than the accelerated reconstructions themselves, which were compared to the fully sampled reference by automated metrics only.",yes,us quality metric. All DL networks were implemented in PyTorch29 with code available: https://github.com/ uwmri/LearnedImagingMetrics. Images for Ranking,yes,"N: A total of 19,344 rankings on 2916 unique image pairs from the NYU fastMRI Initiative neuro database was used for the neural network-based image",fastMRI;fastmri,Fully sampled acquisition,both stated,multi-centre,"Davidzon GA, et al. Low-count whole-body PET with deep learning in a multicenter and externally validated study. npj Digit Med 2021;4:1-11. 2. Sanaat",yes,verified,Dat Tat Mai,Thai Viet Pham,Thu Nguyen Thi Dang,"Independently appraised by three reviewers (2026-08-06); independent ratings agreed on all domains, no adjudication required."
S127,40545734,10.1002/nbm.70079,2025,Insights on Scan-Specific Deep-Learning Strategies for Brain MRI Parallel Imaging Reconstruction,Algorithmic / methodological reconstruction study,,Reproducibility & robustness checklist,full text,,,,n/a,,,n/a,,,n/a,,,n/a,,,n/a,,,n/a,,,n/a,,,not stated,,yes,d. Qualitative and quantitative comparisons are performed both on the FastMRI and in-house multi-contrasts 2D data. The proposed objective grid-sea,FastMRI;fastMRI;fastmri,Fully sampled acquisition,both stated,not stated,"trategy based on ACS successfully provided optimized hyperparameters, retrospectively validated by enhanced image quality metrics. Notably, it is shown",not stated,"n/a - evidence-linked extraction, not a rated appraisal",,,,"Reproducibility and robustness items extracted with supporting evidence; QUADAS-2 does not apply to this design, so no risk-of-bias rating was made."
S128,40112563,10.1016/j.compbiomed.2025.110005,2025,Intersection-based slice motion estimation for fetal brain imaging,Algorithmic / methodological reconstruction study,,Reproducibility & robustness checklist,full text,,,,n/a,,,n/a,,,n/a,,,n/a,,,n/a,,,n/a,,,n/a,,,yes,"cost func- tion, facilitating the reproducibility of the method. The code is available at: https://github.com/rousseau/pyrecon. Moreover, this work proposes",yes,"i, T., Arulkumaran, S., et al., 34 ### Page 36 2022. The developing human connectome project neonatal data release. Frontiers in neuroscience 16, 886772.",human connectome,Stated ground truth (unspecified),retrospective,multi-centre,", 2024. Assessing data qual- ity on fetal brain mri reconstruction: a multi-site and multi-rater study, in: International Workshop on Preterm, Perinat",yes,"n/a - evidence-linked extraction, not a rated appraisal",,,,"Reproducibility and robustness items extracted with supporting evidence; QUADAS-2 does not apply to this design, so no risk-of-bias rating was made."
S129,39834104,10.1002/mrm.30440,2025,Learning-based motion artifact correction in the Z-spectral domain for chemical exchange saturation transfer MRI,Algorithmic / methodological reconstruction study,,Reproducibility & robustness checklist,full text,,,,n/a,,,n/a,,,n/a,,,n/a,,,n/a,,,n/a,,,n/a,,,not stated,,not stated,,,Expert reader consensus,both stated,not stated,"o distinguish CEST signals from motion artifacts. Previously, several retrospective motion correction techniques for CEST MRI have been proposed. The is",yes,"n/a - evidence-linked extraction, not a rated appraisal",,,,"Reproducibility and robustness items extracted with supporting evidence; QUADAS-2 does not apply to this design, so no risk-of-bias rating was made."
S130,39947682,10.3174/ajnr.a8566,2025,Leveraging Physics-Based Synthetic MR Images and Deep Transfer Learning for Artifact Reduction in Echo-Planar Imaging,Algorithmic / methodological reconstruction study,,Reproducibility & robustness checklist,full text,,,,n/a,,,n/a,,,n/a,,,n/a,,,n/a,,,n/a,,,n/a,,,not stated,,not stated,,,Stated ground truth (unspecified),retrospective,both stated,"te-specific data set. To address this, future work should incorporate multi-center data sets, encompassing a broader range of scanner types (e.g., 1.5T",yes,"n/a - evidence-linked extraction, not a rated appraisal",,,,"Reproducibility and robustness items extracted with supporting evidence; QUADAS-2 does not apply to this design, so no risk-of-bias rating was made."
S131,39846325,10.1002/hbm.26806,2025,Measuring the effects of motion corruption in fetal fMRI,Algorithmic / methodological reconstruction study,,Reproducibility & robustness checklist,full text,,,,n/a,,,n/a,,,n/a,,,n/a,,,n/a,,,n/a,,,n/a,,,yes,ate alternative regression strategies for mitigating this impact. The code is publicly available at: https://github.com/cirmuw/fetalfMRIproc. - Humans - Magnetic Reso,not stated,,,Stated ground truth (unspecified),not stated,not stated,,yes,"n/a - evidence-linked extraction, not a rated appraisal",,,,"Reproducibility and robustness items extracted with supporting evidence; QUADAS-2 does not apply to this design, so no risk-of-bias rating was made."
S132,40691452,10.1038/s41598-025-08552-8,2025,Modified energy-based GAN for intensity in homogeneity correction in brain MR images,Algorithmic / methodological reconstruction study,,Reproducibility & robustness checklist,full text,,,,n/a,,,n/a,,,n/a,,,n/a,,,n/a,,,n/a,,,n/a,,,not stated,,yes,he data used to support the findings of this study are available from publicly available datasets. ​h​t​t​p​s​:​/​/​b​r​a​i​n​w​e​ b​.​b​i​c​.​m​n​i​.​m​c​g​i​l​l​,,Stated ground truth (unspecified),both stated,not stated,"C methods may be divided into two approaches, namely prospective, and retrospective methods. The prospective methods aim to calibrate and enhance the p",not stated,"n/a - evidence-linked extraction, not a rated appraisal",,,,"Reproducibility and robustness items extracted with supporting evidence; QUADAS-2 does not apply to this design, so no risk-of-bias rating was made."
S133,40309965,10.1002/hbm.70080,2025,Multi-Metric Approach for the Comparison of Denoising Techniques for Resting-State fMRI,Algorithmic / methodological reconstruction study,,Reproducibility & robustness checklist,full text,,,,n/a,,,n/a,,,n/a,,,n/a,,,n/a,,,n/a,,,n/a,,,not stated,,yes,"sett. 2018. “Diversity of Meso-­ Scale Architecture in Human and Non-­human Connectomes.” Nature Communications 9, no. 1: 346. https://​doi.​org/​10.​1038/",human Connectome,Not stated,retrospective,not stated,"Glover, G. H., T. Q. Li, and D. Ress. 2000. “Image-­Based Method for Retrospective Correction of Physiological Motion Effects in fMRI: RETROICOR.” Mag",yes,"n/a - evidence-linked extraction, not a rated appraisal",,,,"Reproducibility and robustness items extracted with supporting evidence; QUADAS-2 does not apply to this design, so no risk-of-bias rating was made."
S134,40679773,10.1007/s10334-025-01276-w,2025,Myelin water imaging from accelerated 3D-GRASE acquisitions using subspace constrained reconstruction,Algorithmic / methodological reconstruction study,,Reproducibility & robustness checklist,full text,,,,n/a,,,n/a,,,n/a,,,n/a,,,n/a,,,n/a,,,n/a,,,not stated,,not stated,,,Fully sampled acquisition,both stated,multi-centre,"r B, Harris T, Fu E, Li DKB, Traboulsee AL, MacKay AL, Laule C (2013) Multicenter measurements of myelin water fraction and geometric mean _T_ 2 : Intr",yes,"n/a - evidence-linked extraction, not a rated appraisal",,,,"Reproducibility and robustness items extracted with supporting evidence; QUADAS-2 does not apply to this design, so no risk-of-bias rating was made."
S135,,10.1007/978-3-031-72744-3_19,2025,Non-reference Quality Assessment for Medical Imaging: Application to Synthetic Brain MRIs,Algorithmic / methodological reconstruction study,,Reproducibility & robustness checklist,full text,,,,n/a,,,n/a,,,n/a,,,n/a,,,n/a,,,n/a,,,n/a,,,not stated,,yes,sets include 503 high-quality (distortion-free) reference images from ADNI [33] preprocessed using FreeSurfer [6]; 40 MRI scans from OASIS [19];,ADNI;BraTS;IXI;OASIS,Expert reader consensus,not stated,not stated,,not stated,"n/a - evidence-linked extraction, not a rated appraisal",,,,"Reproducibility and robustness items extracted with supporting evidence; QUADAS-2 does not apply to this design, so no risk-of-bias rating was made."
S136,,10.1101/2025.04.30.651598,2025,PW-GAN: Pseudo-Warping Field Guided GAN for Unsupervised Denoising of Fetal Brain MRI Images,Algorithmic / methodological reconstruction study,,Reproducibility & robustness checklist,full text,,,,n/a,,,n/a,,,n/a,,,n/a,,,n/a,,,n/a,,,n/a,,,not stated,,not stated,,,Stated ground truth (unspecified),retrospective,multi-centre,"ickness Morphometry of Neonatal Brain and Systematic Evaluation Using Multi-Site MRI Datasets,"" (in English), Methods vol. Volume 15 - 2021, 2021-Mar",not stated,"n/a - evidence-linked extraction, not a rated appraisal",,,,"Reproducibility and robustness items extracted with supporting evidence; QUADAS-2 does not apply to this design, so no risk-of-bias rating was made."
S137,40064110,10.1088/1361-6560/adbed4,2025,Patient-specific MRI super-resolution via implicit neural representations and knowledge transfer,Algorithmic / methodological reconstruction study,,Reproducibility & robustness checklist,full text,,,,n/a,,,n/a,,,n/a,,,n/a,,,n/a,,,n/a,,,n/a,,,yes,"intumorsegmentation.org/. The knee dataset can be accessed at https://zenodo.org/records/10673359. ## **References** - [1]. Katti G, Ara SA, and Shireen A, “Magneti",yes,"inct clinical super-resolution tasks on the Brain Tumor Segmentation (BRATS) dataset. For Task 1, KT-INR achieved an average Structural Similarit",BRATS;brats,Stated ground truth (unspecified),not stated,not stated,,not stated,"n/a - evidence-linked extraction, not a rated appraisal",,,,"Reproducibility and robustness items extracted with supporting evidence; QUADAS-2 does not apply to this design, so no risk-of-bias rating was made."
S138,,10.1038/s41598-025-31958-3,2025,Probabilistic brain MR image transformation using generative models,Algorithmic / methodological reconstruction study,,Reproducibility & robustness checklist,full text,,,,n/a,,,n/a,,,n/a,,,n/a,,,n/a,,,n/a,,,n/a,,,not stated,,yes,"ypical results for all possible image transformation types within the IXI and OASIS datasets, respectively. Each dataset contains three differ",BraTS;IXI;Ixi;OASIS;Oasis;brats;ixi,Stated ground truth (unspecified),not stated,not stated,,not stated,"n/a - evidence-linked extraction, not a rated appraisal",,,,"Reproducibility and robustness items extracted with supporting evidence; QUADAS-2 does not apply to this design, so no risk-of-bias rating was made."
S139,39780631,10.3348/kjr.2024.0653,2025,Prospective Evaluation of Accelerated Brain MRI Using Deep Learning-Based Reconstruction: Simultaneous Application to 2D Spin-Echo and 3D Gradient-Echo Sequences,Diagnostic accuracy / reader study,technical validation with reader assessment,QUADAS-2,full text,4,150,yes,Low,Patients who visited the neurology clinic between August 2022 and February were consecutively enrolled.,Prospective consecutive enrolment from a defined clinic population with explicit inclusion/exclusion criteria and random assignment to the three scanner vendors.,Low,"randomized datasets were presented for rating, with reconstruction methods and clinical information blinded by removing and anonymizing the DICOM headers.","Readers were blinded to the reconstruction method, cases were presented in randomized order, and the Likert scales were pre-specified.",Low,A typical randomized crossover design with a 4-week washout period was used [15].,"The conventional acquisition served as the standard-of-care reference and was read by the same blinded readers in a randomized crossover with washout, so reference reading was not informed by the index images.",Low,"The patients underwent both conventional and Accel-DL brain MRI protocols, including 2D axial T1WI, T2WI, T2-FLAIR, and 3D T1WI.",Every participant received both index and reference acquisitions in the same session (zero interval) and all 150 enrolled participants entered the final analysis.,High,"this prospective evaluation did not include patients with large lesions or structural distortions, such as acute hemorrhage, infarction, or tumors, highlighting the need for further research.",By design the cohort excluded acute focal deficits and the space-occupying pathologies most relevant to whether accelerated reconstruction preserves diagnostic content.,Low,A DICOM-based U-Net architecture was developed in a supervised manner and trained on numerous image pairs to transform low-quality images from undersampled k-space data into high-quality images,"The index test is a commercial deep-learning reconstruction of prospectively undersampled data giving ~39% scan-time reduction, directly matching the review question.",Low,Conventional and Accel-DL MRI images were obtained from each participant and compared using 2D T1- and T2-weighted and 3D gradient-echo sequences.,"The reference is the routine clinical (non-accelerated) acquisition read by neuroradiologists, which matches the review's reference-standard definition.",not stated,,not stated,,,Expert reader consensus,prospective,multi-centre,"T1-weighted brain MR images reconstructed with DL in a prospective, multicenter, multi-reader study. Although routine brain MRI typically includes",yes,verified,Dat Tat Mai,Thai Viet Pham,Thu Nguyen Thi Dang,"Independently appraised by three reviewers (2026-08-06); independent ratings agreed on all domains, no adjudication required."
S140,40312865,10.1002/mrm.30537,2025,Quantitative susceptibility mapping in magnetically inhomogeneous tissues,Algorithmic / methodological reconstruction study,,Reproducibility & robustness checklist,full text,,,,n/a,,,n/a,,,n/a,,,n/a,,,n/a,,,n/a,,,n/a,,,yes,"chnique optimized for QSM, bi-parametric Joined Label Fusion (https://gitlab.com/R01NS114227/antsjointlabelfusion_bi parametric).48 To create WM ROIs, we used SynthSeg50 on the T1-weight",not stated,,,Stated ground truth (unspecified),prospective,not stated,,yes,"n/a - evidence-linked extraction, not a rated appraisal",,,,"Reproducibility and robustness items extracted with supporting evidence; QUADAS-2 does not apply to this design, so no risk-of-bias rating was made."
S141,39589491,10.1007/s00247-024-06088-z,2025,Rapid and motion-robust pediatric brain imaging: T2-weighted turbo-spin-echo PROPELLER acquisition with compressed sensing,Diagnostic accuracy / reader study,technical validation with reader assessment,QUADAS-2,full text,3,31,yes,Low,Participants were consecutively recruited from March to June 2022 and in November 2023.,"Prospective consecutive recruitment of children referred for clinically indicated brain MRI across a broad range of indications, with no case-control structure.",Low,"Three blinded radiologists with 10 years (rater 1), 6 years (rater 2), and 3 years (rater 3) of experience independently rated both sequences","Readers were stated to be blinded, rated independently, and used a pre-defined 5-point Likert scale with category definitions given in Table 2.",Low,"The T2PROPELLER CS sequence was compared to a conventional, CS-accelerated Cartesian turbo-spin-echo T2-weighted sequence (T2Cartesian CS).","The comparator is the routine clinical T2 sequence, rated by the same blinded independent readers, so reference interpretation was not informed by knowledge of the index result.",Low,The T2PROPELLER CS sequence was acquired before the T2Cartesian CS sequence for 4 of the anesthetized patients and after for the remaining patients.,"Both sequences were acquired in the same examination in the same orientation for every patient, and all 31 patients were analysed; only acquisition order varied.",Low,"Twenty-one of the 31 patients had lesions, including pre- and post-treatment astrocytic tumors such as pilocytic astrocytomas of the cerebellum","A real clinical brain-MRI population with a high prevalence of genuine pathology, appropriate for judging preservation of diagnostic content.",Low,"Enabling faster and motion-robust MRI of the brain in infants and children using a novel, enhanced compressed sensing (CS) algorithm in combination with a turbo-spin-echo T2-weighted sequence utilizing the PROPELLER-technique","The index test is an accelerated acquisition/reconstruction (31% shorter scan) evaluated in brain MRI, matching the review question.",Low,"Clinically, a Cartesian sampling scheme is most commonly employed for its robust data collection, practical implementation","The comparator is the standard-of-care clinical sequence permitted by the review definition, although it is itself CS-accelerated rather than fully sampled.",not stated,,not stated,,,Expert reader consensus,prospective,not stated,,yes,verified,Dat Tat Mai,Thai Viet Pham,Thu Nguyen Thi Dang,"Independently appraised by three reviewers (2026-08-06); independent ratings agreed on all domains, no adjudication required."
S142,40534142,10.1002/mrm.30604,2025,"Rapid, high-resolution and distortion-free R 2 ∗ mapping of fetal brain using multi-echo radial FLASH and model-based reconstruction",Algorithmic / methodological reconstruction study,,Reproducibility & robustness checklist,abstract + MeSH only,,,,n/a,,,n/a,,,n/a,,,n/a,,,n/a,,,n/a,,,n/a,,,not stated,,not stated,,,Not stated,not stated,not stated,,not stated,"n/a - evidence-linked extraction, not a rated appraisal",,,,"Reproducibility and robustness items extracted with supporting evidence; QUADAS-2 does not apply to this design, so no risk-of-bias rating was made."
S143,40240759,10.1038/s41598-025-87224-z,2025,Reliability assessment of accelerated MR sequences for the estimation of structural and vascular markers in dementia,Algorithmic / methodological reconstruction study,,Reproducibility & robustness checklist,full text,,,,n/a,,,n/a,,,n/a,,,n/a,,,n/a,,,n/a,,,n/a,,,yes,"o the toolkit. For T2-FLAIR images,Lesion Segmentation Tool (LST), an open-source toolbox for Statistical Parametric Mapping30, was employed to segmen",yes,"lerated MPRAGE protocols against the standard two-fold-accelerated 3T ADNI MPRAGE protocol. Their accelerated protocols included 2D-GRAPPA, CAI",ADNI,Stated ground truth (unspecified),not stated,multi-centre,"(2022). 38. Schnack, H. G. et al. Reliability of brain volumes from multicenter MRI acquisition: A calibration study. Hum. Brain Mapp. 22, 312–320.",yes,"n/a - evidence-linked extraction, not a rated appraisal",,,,"Reproducibility and robustness items extracted with supporting evidence; QUADAS-2 does not apply to this design, so no risk-of-bias rating was made."
S144,39316090,10.1007/s00234-024-03461-5,2025,Reliability of brain volume measures of accelerated 3D T1-weighted images with deep learning-based reconstruction,Algorithmic / methodological reconstruction study,,Reproducibility & robustness checklist,full text,,,,n/a,,,n/a,,,n/a,,,n/a,,,n/a,,,n/a,,,n/a,,,not stated,,not stated,,,Expert reader consensus,both stated,multi-centre,"patient population or brain morphology. Hence, further large-scale, multi-center studies employing a diverse range of volumetric software need to be",yes,"n/a - evidence-linked extraction, not a rated appraisal",,,,"Reproducibility and robustness items extracted with supporting evidence; QUADAS-2 does not apply to this design, so no risk-of-bias rating was made."
S145,41061726,10.1088/1361-6560/ae1110,2025,Res-MoCoDiff: residual-guided diffusion models for motion artifact correction in brain MRI,Algorithmic / methodological reconstruction study,technical validation with reader assessment,Reproducibility & robustness checklist,full text,,728,reclassified from observer/reader design to algorithmic after three-reviewer appraisal of the full text found no human reader,Unclear,The IXI dataset comprises 580 cases of T1-weighted (T1-w) brain MRI images.,"Retrospective convenience use of two public datasets with no stated patient eligibility criteria, sampling frame, or clinical context.",Unclear,"To quantitatively assess the performance of the models in removing brain motion ARTs, we reported three metrics: normalized mean squared error (NMSE), structural similarity index measure (SSIM), and peak signal-to-noise ratio (PSNR).","Evaluation was entirely by automated similarity metrics with no reader interpretation, so blinding and pre-specified diagnostic thresholds cannot be assessed.",Low,"This dataset includes three types of images: ground truth motion-free images, motion-corrupted images with a low level of distortion (level 1), and motion-corrupted images with a high level of distortion (level 2).",Matched motion-free acquisitions (in-vivo) and the original uncorrupted images (in-silico) provide an appropriate paired ground truth applied identically to every case.,Low,"Rigid brain image registration was performed using FSL-FLIRT (Jenkinson and Smith 2001, Jenkinson et al 2002) to compensate for misalignment between the motion-free and motion-corrupted images.",Fully paired design in which every test case has its own reference; the in-silico corruption is applied to the same data so the interval is zero and no cases were dropped.,Unclear,"Additionally, model performance on in-vivo data was evaluated using the MR-ART T1-w brain MRI dataset, which comprises 148 cases (95 females and 53 males).","Only counts and sex are reported; clinical indication, age and presence of pathology are unstated, so match to a clinical brain-MRI population cannot be judged.",High,"It is important to note that our study was conducted in the image domain, rather than in k-space.","The index test is retrospective post-processing of reconstructed magnitude images for motion artefact removal, not an accelerated reconstruction from undersampled acquisition.",Low,"We adapted the motion simulation technique of Duffy et al (2021) to generate an in-silico dataset with varying levels of motion ARTs including high, moderate, and minor","The reference is the clean/motion-free acquisition, which satisfies the review's reference-standard definition, although no expert reading of the reference was performed.",not stated,,yes,"ient data acquisition and data pre-processing This study utilizes two publicly available datasets, namely the IXI dataset (https://brain-development.org/ ixi-datas",IXI;ixi,Stated ground truth (unspecified),both stated,multi-centre,"ages that are universally available in both retrospective studies and multi-center collaborations, enabling wide applic- ability without requiring chang",not stated,"n/a - evidence-linked extraction, not a rated appraisal",,,,"Reproducibility and robustness items extracted with supporting evidence; QUADAS-2 does not apply to this design, so no risk-of-bias rating was made."
S146,40457510,10.1002/mrm.30591,2025,Robust multi-coil MRI reconstruction via self-supervised denoising,Algorithmic / methodological reconstruction study,,Reproducibility & robustness checklist,full text,,,,n/a,,,n/a,,,n/a,,,n/a,,,n/a,,,n/a,,,n/a,,,yes,do not have any conflicts of interest. DATA AVAILABILITY STATEMENT We open-source and release our source code: github.com /utcsilab/gsure-diffusion-mri,yes,"Unbiased Risk Estimate (GSURE)58 and train denoiser networks for the fastMRI dataset.59 Subsequently, in the context of generative models, we demo",FastMRI;M4Raw;fastMRI,Fully sampled acquisition,retrospective,not stated,"taset has an average SNR of 24 dB. For accelerated reconstruction, we retrospectively undersample 100 examples per anatomy using the same pre-processing",not stated,"n/a - evidence-linked extraction, not a rated appraisal",,,,"Reproducibility and robustness items extracted with supporting evidence; QUADAS-2 does not apply to this design, so no risk-of-bias rating was made."
S147,39552568,10.1002/mrm.30365,2025,Romer-EPTI: Rotating-view motion-robust super-resolution EPTI for SNR-efficient distortion-free in-vivo mesoscale diffusion MRI and microstructure imaging,Algorithmic / methodological reconstruction study,,Reproducibility & robustness checklist,full text,,,,n/a,,,n/a,,,n/a,,,n/a,,,n/a,,,n/a,,,n/a,,,not stated,,yes,"berlein E, et al. Pushing the limits of in vivo diffusion MRI for the human connectome project. Neuroimage. 2013;80:220-233. 14. McNab JA, Edlow BL, Witzel",human connectome,Expert reader consensus,not stated,not stated,,not stated,"n/a - evidence-linked extraction, not a rated appraisal",,,,"Reproducibility and robustness items extracted with supporting evidence; QUADAS-2 does not apply to this design, so no risk-of-bias rating was made."
S148,39159019,10.1109/tmi.2024.3446450,2025,SISMIK for Brain MRI: Deep-Learning-Based Motion Estimation and Model-Based Motion Correction in k-Space,Algorithmic / methodological reconstruction study,,Reproducibility & robustness checklist,full text,,,,n/a,,,n/a,,,n/a,,,n/a,,,n/a,,,n/a,,,n/a,,,not stated,,not stated,,,Stated ground truth (unspecified),both stated,multi-centre,"ity metric system for struc- tural brain magnetic resonance images in multi-center neuroimaging study”. In: BMC medical imaging 18 (2018), pp. 1–19. [36",not stated,"n/a - evidence-linked extraction, not a rated appraisal",,,,"Reproducibility and robustness items extracted with supporting evidence; QUADAS-2 does not apply to this design, so no risk-of-bias rating was made."
S149,40173320,10.1002/mrm.30489,2025,Short-term gradient imperfections in high-resolution EPI lead to Fuzzy Ripple artifacts,Algorithmic / methodological reconstruction study,,Reproducibility & robustness checklist,full text,,,,n/a,,,n/a,,,n/a,,,n/a,,,n/a,,,n/a,,,n/a,,,yes,canning protocols and sequence parameters are available here: https://github.com/layerfMRI/Sequence _Github/. Table 1 summarizes the key protocol parameters of the exper,yes,"-watching paradigm, utilizing the same 15-min movie clips from the 7T HCP study (MOVIE1). 3.2 Large FOV data to compare Fuzzy Ripples with edge",HCP,Conventional/standard-of-care acquisition,not stated,not stated,,yes,"n/a - evidence-linked extraction, not a rated appraisal",,,,"Reproducibility and robustness items extracted with supporting evidence; QUADAS-2 does not apply to this design, so no risk-of-bias rating was made."
S150,,10.1109/icip55913.2025.11084355,2025,Sparsity-Driven Parallel Imaging Consistency for Improved Self-Supervised MRI Reconstruction,Algorithmic / methodological reconstruction study,,Reproducibility & robustness checklist,full text,,,,n/a,,,n/a,,,n/a,,,n/a,,,n/a,,,n/a,,,n/a,,,not stated,,yes,able and artifact-free reconstructions. The results obtained from the fastMRI knee and brain datasets show that the proposed training strategy effe,fastMRI,Fully sampled acquisition,not stated,not stated,,not stated,"n/a - evidence-linked extraction, not a rated appraisal",,,,"Reproducibility and robustness items extracted with supporting evidence; QUADAS-2 does not apply to this design, so no risk-of-bias rating was made."
S151,39250435,10.1002/mrm.30255,2025,Spherical echo-planar time-resolved imaging (sEPTI) for rapid 3D quantitative T 2 * and susceptibility imaging,Algorithmic / methodological reconstruction study,,Reproducibility & robustness checklist,abstract + MeSH only,,,,n/a,,,n/a,,,n/a,,,n/a,,,n/a,,,n/a,,,n/a,,,not stated,,not stated,,,Not stated,not stated,not stated,,not stated,"n/a - evidence-linked extraction, not a rated appraisal",,,,"Reproducibility and robustness items extracted with supporting evidence; QUADAS-2 does not apply to this design, so no risk-of-bias rating was made."
S152,39366765,10.3174/ajnr.a8526,2025,Super-Resolution in Clinically Available Spinal Cord MRIs Enables Automated Atrophy Analysis,Algorithmic / methodological reconstruction study,,Reproducibility & robustness checklist,full text,,,,n/a,,,n/a,,,n/a,,,n/a,,,n/a,,,n/a,,,n/a,,,yes,he “degrade” fea- ture of the “radifox-utils” Python package (https://github.com/jh- mipc/radifox-utils) to apply a learned slice profile to the HR patche,not stated,,,Stated ground truth (unspecified),not stated,multi-centre,"4;23:307–15 CrossRef Medline 18. Liu Y, Lukas C, Steenwijk MD, et al. Multicenter validation of mean upper cervical cord area measurements from head 3D",yes,"n/a - evidence-linked extraction, not a rated appraisal",,,,"Reproducibility and robustness items extracted with supporting evidence; QUADAS-2 does not apply to this design, so no risk-of-bias rating was made."
S153,39607873,10.1002/mrm.30384,2025,"Time-efficient, high-resolution 3T whole-brain relaxometry using Cartesian 3D MR Spin TomogrAphy in Time-Domain (MR-STAT) with cerebrospinal fluid suppression",Algorithmic / methodological reconstruction study,,Reproducibility & robustness checklist,abstract + MeSH only,,,,n/a,,,n/a,,,n/a,,,n/a,,,n/a,,,n/a,,,n/a,,,not stated,,not stated,,,Not stated,not stated,not stated,,not stated,"n/a - evidence-linked extraction, not a rated appraisal",,,,"Reproducibility and robustness items extracted with supporting evidence; QUADAS-2 does not apply to this design, so no risk-of-bias rating was made."
S154,39824686,10.1016/j.zemedi.2024.12.001,2025,Ultra-high-resolution brain MRI at 0.55T: bSTAR and its application to magnetization transfer ratio imaging,Algorithmic / methodological reconstruction study,,Reproducibility & robustness checklist,full text,,,,n/a,,,n/a,,,n/a,,,n/a,,,n/a,,,n/a,,,n/a,,,yes,nt The code used to extract the data is distributed by the authors as open-source. The patient data can be made available on request due to privacy/eth,not stated,,,Expert reader consensus,not stated,multi-centre,"aal-Behloul F, Hofman PA, van Osch MJ, et al. Sources of variation in multi-centre brain MTR histogram studies: body-coil transmission eliminates inter-",yes,"n/a - evidence-linked extraction, not a rated appraisal",,,,"Reproducibility and robustness items extracted with supporting evidence; QUADAS-2 does not apply to this design, so no risk-of-bias rating was made."
S155,39938896,10.2463/mrms.mp.2024-0098,2025,Using Deep Learning to Simultaneously Reduce Noise and Motion Artifacts in Brain MR Imaging,Algorithmic / methodological reconstruction study,,Reproducibility & robustness checklist,full text,,,,n/a,,,n/a,,,n/a,,,n/a,,,n/a,,,n/a,,,n/a,,,not stated,,not stated,,,Stated ground truth (unspecified),prospective,not stated,,yes,"n/a - evidence-linked extraction, not a rated appraisal",,,,"Reproducibility and robustness items extracted with supporting evidence; QUADAS-2 does not apply to this design, so no risk-of-bias rating was made."
S156,39567364,10.1002/mrm.30380,2025,Variable-flip-angle 3D spiral-in-out turbo spin-echo imaging using concomitant gradient compensation and echo reordering at 0.55 T,Algorithmic / methodological reconstruction study,,Reproducibility & robustness checklist,full text,,,,n/a,,,n/a,,,n/a,,,n/a,,,n/a,,,n/a,,,n/a,,,not stated,,not stated,,,Fully sampled acquisition,both stated,not stated,"mensional (2D) imaging, with the primary benefit being the ability to retrospectively reformat the corresponding data sets to yield high-quality images",yes,"n/a - evidence-linked extraction, not a rated appraisal",,,,"Reproducibility and robustness items extracted with supporting evidence; QUADAS-2 does not apply to this design, so no risk-of-bias rating was made."
S157,41376618,10.1002/hbm.70429,2025,White Matter Bundle Reconstruction From Single-Shell Diffusion Magnetic Resonance Imaging: Test-Retest Reliability and Predictive Capability Across Orientation Distribution Function Reconstruction Methods,Algorithmic / methodological reconstruction study,,Reproducibility & robustness checklist,full text,,,,n/a,,,n/a,,,n/a,,,n/a,,,n/a,,,n/a,,,n/a,,,yes,"046908. Vallat, R. 2018. “Pingouin: Statistics in Python.” Journal of Open Source Software 3, no. 31: 1026. https://​doi.​org/​10.​21105/​joss.​01026​",yes,"n shells as is common in large-­scale neuroimaging datasets like the Human Connectome Project (Van Essen et al. 2013), UK Biobank (Bycroft et al. 2018),",HCP;Human Connectome;UK Biobank,Stated ground truth (unspecified),not stated,multi-centre,"ed using data from a single site and scanner; when pooling data from multiple sites or over a longer time in which the in- stitution's scanner, acquisiti",yes,"n/a - evidence-linked extraction, not a rated appraisal",,,,"Reproducibility and robustness items extracted with supporting evidence; QUADAS-2 does not apply to this design, so no risk-of-bias rating was made."
S158,,10.1038/s44172-025-00580-6,2026,Accelerating CEST MRI through complementary undersampling and multi-offset transformer reconstruction,Algorithmic / methodological reconstruction study,,Reproducibility & robustness checklist,full text,,,,n/a,,,n/a,,,n/a,,,n/a,,,n/a,,,n/a,,,n/a,,,not stated,,not stated,,,Fully sampled acquisition,both stated,not stated,"undersampling below the Nyquist rate introduces imaging artifacts, a retrospective reconstruction method is required to recover missing information. Co",yes,"n/a - evidence-linked extraction, not a rated appraisal",,,,"Reproducibility and robustness items extracted with supporting evidence; QUADAS-2 does not apply to this design, so no risk-of-bias rating was made."
S159,41873533,10.1002/mrm.70358,2026,Advancing Quantitative Susceptibility Mapping With 2.5D Diffusion Models for Rapid Intracranial Hemorrhage Quantification,Algorithmic / methodological reconstruction study,,Reproducibility & robustness checklist,full text,,,,n/a,,,n/a,,,n/a,,,n/a,,,n/a,,,n/a,,,n/a,,,not stated,,yes,"ing follows a three-stage process. First, 20 COSMOS subjects from two publicly available datasets [38, 63], with an isotropic image resolution of 1 mm, were used t",,Conventional/standard-of-care acquisition,not stated,not stated,,not stated,"n/a - evidence-linked extraction, not a rated appraisal",,,,"Reproducibility and robustness items extracted with supporting evidence; QUADAS-2 does not apply to this design, so no risk-of-bias rating was made."
S160,41204061,10.1002/mrm.70132,2026,An Exploration of Motion-Sampling Interactions in 3D MRI for Neuroimaging,Algorithmic / methodological reconstruction study,,Reproducibility & robustness checklist,full text,,,,n/a,,,n/a,,,n/a,,,n/a,,,n/a,,,n/a,,,n/a,,,yes,(red “X”) for the volunteer to follow (software available on https://gitlab.com/neuromr_karolinska/ mocovisualisation). By changing the target position on the mon- itor,not stated,,,Fully sampled acquisition,both stated,not stated,"-Relaxometry With MPn- RAGE: Test-Retest Reliability With and Without Retrospective Motion Correction,” NeuroImage 242 (2021): 118447, https://doi.org/1",not stated,"n/a - evidence-linked extraction, not a rated appraisal",,,,"Reproducibility and robustness items extracted with supporting evidence; QUADAS-2 does not apply to this design, so no risk-of-bias rating was made."
S161,,10.1007/978-3-032-05997-0_1,2026,Automatic Quality Control in Multi-centric Fetal Brain MRI Super-Resolution Reconstruction,Algorithmic / methodological reconstruction study,,Reproducibility & robustness checklist,full text,,,,n/a,,,n/a,,,n/a,,,n/a,,,n/a,,,n/a,,,n/a,,,yes,"ed to generate, train and evaluate the model are available at https://github.com/Medical-Image-Analysis-Laboratory/fetmrqc_sr . ### Page 1 Automatic quality control in multi-centric fetal brain",yes,"and quality control for the first 10,000 brain imaging datasets from uk biobank,” Neuroimage, vol. 166, pp. 400–424, 2018. 2. M. Reuter et al., “Head",uk biobank,Stated ground truth (unspecified),retrospective,multi-centre,"opose FetMRQCSRto tackle the challenge of automated QC for multi-SRR, multi-site data. Our contributions are as follows: (i) We col- lect a unique dat",not stated,"n/a - evidence-linked extraction, not a rated appraisal",,,,"Reproducibility and robustness items extracted with supporting evidence; QUADAS-2 does not apply to this design, so no risk-of-bias rating was made."
S162,40432253,10.1002/mrm.30569,2026,Block-interleaved segmented echo-planar imaging for improved activity detection in submillimeter high-resolution functional MRI at 7 T,Algorithmic / methodological reconstruction study,,Reproducibility & robustness checklist,full text,,,,n/a,,,n/a,,,n/a,,,n/a,,,n/a,,,n/a,,,n/a,,,yes,"in Experiments 3 and 5 were denoised using NORDIC denoising (https://github.com/SteenMoeller /NORDIC_Raw). NORDIC is an advanced denoising method for MRI, particu",not stated,,,Conventional/standard-of-care acquisition,not stated,not stated,,yes,"n/a - evidence-linked extraction, not a rated appraisal",,,,"Reproducibility and robustness items extracted with supporting evidence; QUADAS-2 does not apply to this design, so no risk-of-bias rating was made."
S163,41039908,10.1002/mrm.70113,2026,Cartesian MaxGIRF: Model-based EPI reconstruction incorporating gradient nonlinearity and concomitant field effects,Algorithmic / methodological reconstruction study,,Reproducibility & robustness checklist,full text,,,,n/a,,,n/a,,,n/a,,,n/a,,,n/a,,,n/a,,,n/a,,,yes,://www.github.com /usc-mrel/cartesian_maxgirf_epi_2d and https://www .github.com/usc-mrel/cartesian_maxgirf_epi_3d. ORCID Nam G. Lee https://orcid.org/0000-0001-5462-1492 Sophia X. Cui,not stated,,,Fully sampled acquisition,retrospective,both stated,"2/mrm.20122 90. Jovicich J, Czanner S, Greve D, et al. Reliability in multi-site structural MRI studies: effects of gradient non-linearity correction",yes,"n/a - evidence-linked extraction, not a rated appraisal",,,,"Reproducibility and robustness items extracted with supporting evidence; QUADAS-2 does not apply to this design, so no risk-of-bias rating was made."
S164,40955094,10.1002/mrm.70073,2026,Combined angiography and perfusion using radial imaging and arterial spin labeling with structural contrast,Algorithmic / methodological reconstruction study,,Reproducibility & robustness checklist,full text,,,,n/a,,,n/a,,,n/a,,,n/a,,,n/a,,,n/a,,,n/a,,,yes,Software Library (FSL).25 The modified code can be found at: https://github.com/tomokell/fabber_models_asl /tree/pcasldisp. This model fitting procedure was applied to CAPRIA+S,not stated,,,Expert reader consensus,retrospective,not stated,spatial and temporal reso- lution of each reconstruction to be chosen retrospectively; (c) it does not suffer from significant signal dropout or distort,not stated,"n/a - evidence-linked extraction, not a rated appraisal",,,,"Reproducibility and robustness items extracted with supporting evidence; QUADAS-2 does not apply to this design, so no risk-of-bias rating was made."
S165,40961378,10.1002/mrm.70090,2026,Contrast-optimized basis functions for self-navigated motion correction in quantitative MRI,Algorithmic / methodological reconstruction study,,Reproducibility & robustness checklist,full text,,,,n/a,,,n/a,,,n/a,,,n/a,,,n/a,,,n/a,,,n/a,,,yes,"erate the proposed contrast- optimized basis are available on https://github.com/EliMarchetto/ContrastOptimized_basis. Unfortunately, we cannot share the raw data, since facial recognitio",yes,und Truth Motion: Ground truth motion parameters were sourced from a publicly available database (http://34.88.15.16/webapps/home/session.html? app=BrainMRIMotion,,Stated ground truth (unspecified),both stated,single-centre,. Informed consent was obtained prior to the scan in accordance with our Institutional Review Board. 3.2. Motion Estimation and Image Reconstruction We ag,yes,"n/a - evidence-linked extraction, not a rated appraisal",,,,"Reproducibility and robustness items extracted with supporting evidence; QUADAS-2 does not apply to this design, so no risk-of-bias rating was made."
S166,41958180,10.1002/nbm.70286,2026,DEEP-DISORDER: Motion Correction in 3D MRI via Segment Reconstruction and Registration,Algorithmic / methodological reconstruction study,,Reproducibility & robustness checklist,full text,,,,n/a,,,n/a,,,n/a,,,n/a,,,n/a,,,n/a,,,n/a,,,yes,ilability Statement The authors do not have permission to share data. Code is available at https://​github.​com/​MoCoM​RI/​DEEP-­​DISORDER. References 1. J.,not stated,,,Fully sampled acquisition,both stated,not stated,"tially necessitating reacquisition. We propose a modular framework to retrospectively correct for intrascan motion in 3D brain MRI, without active motio",yes,"n/a - evidence-linked extraction, not a rated appraisal",,,,"Reproducibility and robustness items extracted with supporting evidence; QUADAS-2 does not apply to this design, so no risk-of-bias rating was made."
S167,41866419,10.1038/s41598-026-44834-5,2026,Deep learning approach to super-resolution correction of brain MRI motion artifacts for accurate hippocampal volumetry,Algorithmic / methodological reconstruction study,,Reproducibility & robustness checklist,full text,,,,n/a,,,n/a,,,n/a,,,n/a,,,n/a,,,n/a,,,n/a,,,not stated,,yes,with consecutive IDs (OAS30001–OAS30299) from the publicly available OASIS-3 database (https://sites.wustl.edu/oasisbrains/). All scans were acq,ADNI;OASIS;fastMRI,Stated ground truth (unspecified),both stated,not stated,"e Enhanced-Deep-Super-resolution neural network to brain MR images: A retrospective study on the Cam-CAN dataset. eNeuro 11, ENEURO.0458-22.2023 (2024)",yes,"n/a - evidence-linked extraction, not a rated appraisal",,,,"Reproducibility and robustness items extracted with supporting evidence; QUADAS-2 does not apply to this design, so no risk-of-bias rating was made."
S168,41925834,10.1007/s00330-026-12482-y,2026,Deep learning improves image quality in motion-robust and sedation-free pediatric brain MRI,Diagnostic accuracy / reader study,technical validation with reader assessment,QUADAS-2,full text,2,62,yes,Unclear,Participants were recruited between October and December 2024. Written informed consent was obtained from all patients’ legal guardians prior to participation in the study.,"Prospective single-centre recruitment over a fixed window, but no statement that enrolment was consecutive or random and no eligibility/exclusion rule is given.",Unclear,"all images were analyzed by two radiologists with 4 (rater 1) and 9 (rater 2) years of experience, who independently rated T2-SSHconv- and T2-SSHDL-sequences qualitatively on a five-point Likert scale","Ratings were independent and the Likert scale pre-defined, but blinding of the readers to the reconstruction type is never reported.",Unclear,"the two radiologists compared T2-SSHDL-sequences with high-resolution T2-weighted sequences for the categories artifacts and lesion conspicuity, using the aforementioned five-point Likert scale","The routine high-resolution T2 sequence is a plausible reference, but it was read in direct paired comparison with the index images and blinding is not described; no pathology-level verification was performed.",Low,The raw data of these sequences were reconstructed using a prototypical DL-based reconstruction framework provided by the vendor that combines and integrates CS with two different CNNs,Index and conventional images derive from identical raw data (zero interval) and all 62 enrolled patients contributed to the analysis.,Low,"33 of the 62 patients had lesions, including tumors such as gliomas, astrocytomas, craniopharyngiomas or embryonal tumors with multilayered rosettes","Clinically indicated paediatric brain MRI with a wide indication spectrum and genuine pathology in half the cohort, well matched to the review question.",Low,This study aimed to evaluate a novel DL-based reconstruction framework for T2-weighted single-shot brain MRI in a pediatric cohort that integrates CS acceleration with convolutional neural networks (CNNs),"A vendor deep-learning reconstruction of compressed-sensing accelerated raw k-space data, exactly the class of index test the review addresses.",Low,"In sedated patients, high-resolution T2-weighted sequences achieved superior image quality and lesion conspicuity, as motion was minimized.",Both comparators (conventional CS reconstruction of the same raw data and routine high-resolution T2) are standard-of-care acquisitions read by radiologists.,not stated,,yes,"54 18. Pezzotti N, de Weerdt E, YouseﬁS et al (2019) Adaptive-CS-Net: FastMRI with adaptive intelligence. Preprint at https://doi.org/10.48550/arXi",FastMRI,Expert reader consensus,prospective,both stated,"nstructions and DL-enhanced musculoskeletal MRI [23, 32]. Prospective multicenter validation across ﬁeld strengths, vendors, and age groups will be nec",yes,verified,Dat Tat Mai,Thai Viet Pham,Thu Nguyen Thi Dang,"Independently appraised by three reviewers (2026-08-06); independent ratings agreed on all domains, no adjudication required."
S169,,10.3389/fnins.2026.1817732,2026,Evaluating reliability of automated quantitative brain morphometry from fetal T2-weighted MRI,Algorithmic / methodological reconstruction study,,Reproducibility & robustness checklist,full text,,,,n/a,,,n/a,,,n/a,,,n/a,,,n/a,,,n/a,,,n/a,,,yes,"ts are available via the lab’s centralized GitHub (HYPERLINK https://github.com/FNNDSC). Anonymized MRI data, associated metadata, and derivative files used",not stated,,,Expert reader consensus,both stated,multi-centre,"on variability. They are also consistent with findings from a recent multicenter study, which reported that reconstruction- related bias was below the",yes,"n/a - evidence-linked extraction, not a rated appraisal",,,,"Reproducibility and robustness items extracted with supporting evidence; QUADAS-2 does not apply to this design, so no risk-of-bias rating was made."
S170,41489091,10.1002/jmri.70221,2026,Evaluation of Image-Level Harmonization Methods for Multi-Center MR Neuroimaging,Algorithmic / methodological reconstruction study,,Reproducibility & robustness checklist,full text,,,,n/a,,,n/a,,,n/a,,,n/a,,,n/a,,,n/a,,,n/a,,,not stated,,yes,d T2-FLAIR images in the Alzheimer's Disease Neuroimaging Initiative (ADNI) dataset and assess the performance of publicly available image-level,ADNI;IXI;UK Biobank;adni,Expert reader consensus,retrospective,multi-centre,Evaluation of Image-Level Harmonization Methods for Multi-Center MR Neuroimaging. BACKGROUND: Multi-center imaging studies create larg,yes,"n/a - evidence-linked extraction, not a rated appraisal",,,,"Reproducibility and robustness items extracted with supporting evidence; QUADAS-2 does not apply to this design, so no risk-of-bias rating was made."
S171,42286078,10.1038/s41598-026-55397-w,2026,Fast surface reconstruction of human brain MRI: benchmarking deep-learning based morphometry tools,Algorithmic / methodological reconstruction study,,Reproducibility & robustness checklist,full text,,,,n/a,,,n/a,,,n/a,,,n/a,,,n/a,,,n/a,,,n/a,,,yes,"11-min surface reconstruction pipeline adapted from the well studied open source software package FreeSurfer. Performance was assessed using both, lar",yes,"nitive Development (ABCD) study46; The healthy young adults from the Human Connectome Project (HCP)47; (iii) The Phantom of Bern (PoB)48, a longitudinal e",ADNI;HCP;Human Connectome;OASIS;Oasis;human connectome,Stated ground truth (unspecified),not stated,not stated,,not stated,"n/a - evidence-linked extraction, not a rated appraisal",,,,"Reproducibility and robustness items extracted with supporting evidence; QUADAS-2 does not apply to this design, so no risk-of-bias rating was made."
S172,40931540,10.1002/mrm.70072,2026,Few-shot learning for highly accelerated 3D time-of-flight MRA reconstruction,Algorithmic / methodological reconstruction study,,Reproducibility & robustness checklist,full text,,,,n/a,,,n/a,,,n/a,,,n/a,,,n/a,,,n/a,,,n/a,,,yes,"plex-valued, multi-coil raw k-space datasets synthesized from diverse open-source magnitude images and fine-tuned using only two single-slab experiment",yes,D TOF-MRA images from the large open-source multi-center multi-vendor IXI dataset (https://brain -development.org/ixi-dataset/). An overview of,IXI;fastMRI;ixi,Fully sampled acquisition,both stated,both stated,to leverage magni- tude 3D TOF-MRA images from the large open-source multi-center multi-vendor IXI dataset (https://brain -development.org/ixi-dataset/,not stated,"n/a - evidence-linked extraction, not a rated appraisal",,,,"Reproducibility and robustness items extracted with supporting evidence; QUADAS-2 does not apply to this design, so no risk-of-bias rating was made."
S173,,10.3390/biomimetics11030175,2026,GAN-Based Cross-Modality Brain MRI Synthesis: Paired Versus Unpaired Training and Comparison with Diffusion and Transformer Models,Algorithmic / methodological reconstruction study,,Reproducibility & robustness checklist,full text,,,,n/a,,,n/a,,,n/a,,,n/a,,,n/a,,,n/a,,,n/a,,,not stated,,yes,"unclear. This study evaluates cross-modality MRI synthesis using the BraTS 2019 brain tumour dataset, focusing on T1-to-T2 translation. We asses",BraTS,Expert reader consensus,not stated,multi-centre,"dataset, which may differ from newer BraTS releases and contemporary multi-centre clinical datasets in terms of spatial resolution, scanner hardware, a",yes,"n/a - evidence-linked extraction, not a rated appraisal",,,,"Reproducibility and robustness items extracted with supporting evidence; QUADAS-2 does not apply to this design, so no risk-of-bias rating was made."
S174,,10.1109/tmi.2026.3654585,2026,Highly Undersampled MRI Reconstruction via a Single Posterior Sampling of Diffusion Models,Algorithmic / methodological reconstruction study,,Reproducibility & robustness checklist,full text,,,,n/a,,,n/a,,,n/a,,,n/a,,,n/a,,,n/a,,,n/a,,,yes,3.1. The source codes and the trained models are available at https://github.com/YangGaoUQ/SSDM-MRI. IV. EXPERIMENTS A. Evaluation Datasets The performance and generaliza,yes,"Comprehensive experiments were carried out on both publicly available fastMRI brain and knee images, as well as an in-house multi-echo GRE (QSM) su",FASTMRI;fastMRI;fastmri,Fully sampled acquisition,both stated,not stated,"ta A total of 44,063 complex-valued slices (image size: 256×256) were retrospectively obtained from 47 subjects (Institutional ethics board approvals ha",not stated,"n/a - evidence-linked extraction, not a rated appraisal",,,,"Reproducibility and robustness items extracted with supporting evidence; QUADAS-2 does not apply to this design, so no risk-of-bias rating was made."
S175,41274083,10.1016/j.media.2025.103872,2026,Iterative learning for joint image denoising and motion artifact correction of 3D brain MRI,Algorithmic / methodological reconstruction study,,Reproducibility & robustness checklist,full text,,,,n/a,,,n/a,,,n/a,,,n/a,,,n/a,,,n/a,,,n/a,,,yes,research directions. This paper is concluded in Section 6. 1 https://github.com/goodaycoder/JDAC Zhang et al. Page 3 Med Image Anal. Author manuscript; available in,yes,"datasets, including (1) Alzheimer’s Disease Neuroimaging Initiative (ADNI) (Jack et al., Zhang et al. Page 9 Med Image Anal. Author manuscript",ADNI;UK biobank;adni,Stated ground truth (unspecified),retrospective,not stated,rying to avoid image contrast loss. Al-Masni et al. (2022) develop a retrospective 2D stacked UNet to learn the rigid motion artifacts in a coarse-to-,not stated,"n/a - evidence-linked extraction, not a rated appraisal",,,,"Reproducibility and robustness items extracted with supporting evidence; QUADAS-2 does not apply to this design, so no risk-of-bias rating was made."
S176,,10.1007/978-3-032-05472-2_19,2026,Latent Causal Modeling for 3D Brain MRI Counterfactuals,Algorithmic / methodological reconstruction study,,Reproducibility & robustness checklist,full text,,,,n/a,,,n/a,,,n/a,,,n/a,,,n/a,,,n/a,,,n/a,,,not stated,,yes,a (1 mm) provided by the Alzheimer’s Disease Neuroimaging Initiative (ADNI) and the National Consortium on Alcohol and Neurodevelopment in Adole,ADNI,Not stated,not stated,multi-centre,onsortium on Alcohol and Neurodevelopment in Adolescence (NCANDA): a multisite study of adolescent Peng et al. Page 7 Deep Gener Model (2025). Auth,not stated,"n/a - evidence-linked extraction, not a rated appraisal",,,,"Reproducibility and robustness items extracted with supporting evidence; QUADAS-2 does not apply to this design, so no risk-of-bias rating was made."
S177,,10.1007/978-3-032-04937-7_27,2026,Lesion-Aware Post-training of Latent Diffusion Models for Synthesizing Diffusion MRI from CT Perfusion,Algorithmic / methodological reconstruction study,,Reproducibility & robustness checklist,full text,,,,n/a,,,n/a,,,n/a,,,n/a,,,n/a,,,n/a,,,n/a,,,yes,ts were conducted using the NVIDIA A6000 GPU with a batch size of 48. Our code is publicly available at https://github.com/snuh-rad-aicon/Diffusion-,not stated,,,Stated ground truth (unspecified),prospective,not stated,,yes,"n/a - evidence-linked extraction, not a rated appraisal",,,,"Reproducibility and robustness items extracted with supporting evidence; QUADAS-2 does not apply to this design, so no risk-of-bias rating was made."
S178,,10.1109/isbi61048.2026.11515815,2026,MRIQT: Physics-Aware Diffusion Model for Image Quality Transfer in Neonatal Ultra-Low-Field MRI,Diagnostic accuracy / reader study,technical validation with reader assessment,QUADAS-2,full text,3,,yes,Unclear,"After quality control, the dataset comprised 50 matched uLF–HF pairs, 100 HF-only scans, and 130 uLF-only scans.",Single-centre retrospective convenience sample with no stated eligibility rule and unspecified quality-control exclusions; the number of distinct neonates is never given.,Unclear,"Raters were not shown the original scans; therefore, the study is not clinically applicable, and diagnostic decisions were not permitted due to ethical constraints.",Raters saw only model outputs with no comparator and no reference images; scoring categories are minimal (bad/acceptable/good) and no pre-specified diagnostic threshold is described.,Unclear,HF data were obtained from multiple clinical 3 T scanners with heterogeneous resolutions,"The high-field reference was acquired on multiple scanners with heterogeneous protocols, and the truth source for the reported pathology-detection accuracy is not described.",High,"Tests were conducted on 46 matched uLF–HF pairs (34 for LF-SynthSR, which requires T2-weighted input).","Of 50 matched pairs only 46 were tested and the headline table reports 34, comparator methods were evaluated on different subsets, and the uLF-to-HF acquisition interval is never stated.",Low,The cohort included neonates under six months of age with nine different pathologies.,"Real clinical neonatal brain MRI including pathological cases, an appropriate population for judging preservation of diagnostic content.",High,"We propose MRIQT, a 3D conditional diffusion framework for image quality transfer (IQT) from uLF to HF MRI.","The index test is generative cross-field-strength image synthesis rather than accelerated reconstruction of the subject's own undersampled data, a substantial mismatch with the review question.",Low,High-field magnetic resonance imaging (HF-MRI) remains the gold standard for structural and functional assessment,3 T high-field MRI is the accepted standard-of-care reference acquisition anticipated by the review's reference-standard definition.,yes,neonatal brain assessment. Implementation is available online https://github.com/albarqounilab/MRIQT. ### Page 1 HAL Id: hal-05606590 https://hal.science/hal-05606590v1,not stated,,,Expert reader consensus,not stated,not stated,,yes,verified,Dat Tat Mai,Thai Viet Pham,Thu Nguyen Thi Dang,"Independently appraised by three reviewers (2026-08-06); independent ratings agreed on all domains, no adjudication required."
S179,,10.1109/tmi.2026.3705847,2026,MotionDPS: Motion-Compensated 3D Brain MRI Reconstruction,Algorithmic / methodological reconstruction study,technical validation with reader assessment,Reproducibility & robustness checklist,full text,,8,reclassified from observer/reader design to algorithmic after three-reviewer appraisal of the full text found no human reader,Unclear,"All experiments are conducted on the multicoil test split provided by the dataset, restricted to T1-weighted volumes.","Evaluation relies on convenience use of public dataset splits with no patient-level eligibility criteria, recruitment description, or consecutive/random sampling.",High,"For severe motion scans we keep N = 200, while for all remaining scans we use N = 100.","A key index-test setting (number of reverse diffusion iterations) was chosen per scan using the reference-derived motion-severity label, so the index test was not pre-specified or applied uniformly; no blinded reader interpretation exists.",Low,"we adopt the same motion severity categorization (mild, moderate, and severe) as in Wang et al. [43] and use the ℓ1-regularized reconstruction of the motion-free scan as the reference.","The subject's own motion-free acquisition serves as reference and was applied identically to the index method and all baselines with uniform registration, masking and normalisation.",Unclear,The dataset provides four scans per subject: one motion-free and three motion-corrupted scans.,"Four scans across 8 subjects implies 32 volumes but only 27 are reported and 24 motion-corrupted scans are analysed, and the missing volumes are not accounted for.",High,"We conduct real-motion experiments using the PMoC3D dataset [43], which comprises 27 volumes from 8 healthy subjects.","Real-motion evaluation uses only healthy volunteers (and public research datasets), so preservation of clinically relevant lesions cannot be assessed.",Low,"we propose a unified Bayesian framework for motion-compensated 3D MRI that jointly estimates the anatomical image, rigid-body motion parameters, and coil sensitivity maps directly from motion-corrupted k-space data","The index test reconstructs directly from accelerated (R = 4-8) undersampled k-space using a learned diffusion prior, matching the review's index-test definition.",Low,We first generate synthetic inter-shot motion trajectories to corrupt k-space data from the fully sampled FastMRI dataset using 52 acquisition shots. Reconstructions are compared against the original motion-free reference volumes.,"Fully sampled motion-free volumes serve as the reference, satisfying the review definition, although no expert radiologist reading of the reference was performed.",not stated,,yes,"ion-corrupted R = 4 R = 8 Fig. 3: Central coil sensitivity maps for a FastMRI sample. In the presence of motion, the ESPIRiT estimate exhibits visi",Calgary-Campinas;FastMRI;fastMRI,Not stated,both stated,not stated,"ng, and geometric distortions that can compromise diagnostic quality. Retrospective motion compensation remains challenging, particularly in accelerated",not stated,"n/a - evidence-linked extraction, not a rated appraisal",,,,"Reproducibility and robustness items extracted with supporting evidence; QUADAS-2 does not apply to this design, so no risk-of-bias rating was made."
S180,,10.1007/978-3-032-05472-2_15,2026,RealDeal: Enhancing Realism and Details in Brain Image Generation via Image-to-Image Diffusion Models,Algorithmic / methodological reconstruction study,,Reproducibility & robustness checklist,full text,,,,n/a,,,n/a,,,n/a,,,n/a,,,n/a,,,n/a,,,n/a,,,not stated,,yes,"taset and Implementation Details We conduct our experiments using the Human Connectome Project (HCP) dataset [22]. The HCP provides high-resolution, high-q",HCP;Human Connectome,Not stated,not stated,not stated,,not stated,"n/a - evidence-linked extraction, not a rated appraisal",,,,"Reproducibility and robustness items extracted with supporting evidence; QUADAS-2 does not apply to this design, so no risk-of-bias rating was made."
S181,41477795,10.1109/tmi.2025.3650412,2026,Regression Is All You Need for Medical Image Translation,Algorithmic / methodological reconstruction study,,Reproducibility & robustness checklist,full text,,,,n/a,,,n/a,,,n/a,,,n/a,,,n/a,,,n/a,,,n/a,,,yes,mance generalizes to unseen data sources. We publish the models at: github.com/Deep-MI/YODA ## **II. Related Work** Approaches based on conditional GANs (cGA,yes,"[16] with external evaluation on the MindBodyBrain study (MBB) [49], BraTS [17], [50], [51] and IXI for multi-contrast brain MRI, as well as the",BRATS;BraTS;Brats;HCP;Human Connectome;IXI;human connectome;ixi,Expert reader consensus,retrospective,not stated,"complementary target modalities from acquired source scans, e.g., to retrospectively augment datasets or accelerate imaging protocols by removing redun",yes,"n/a - evidence-linked extraction, not a rated appraisal",,,,"Reproducibility and robustness items extracted with supporting evidence; QUADAS-2 does not apply to this design, so no risk-of-bias rating was made."
S182,,10.1038/s43856-026-01614-6,2026,"Simulation-based inference at the theoretical limit for fast, robust microstructural MRI with minimal diffusion data",Algorithmic / methodological reconstruction study,,Reproducibility & robustness checklist,abstract + MeSH only,,,,n/a,,,n/a,,,n/a,,,n/a,,,n/a,,,n/a,,,n/a,,,not stated,,not stated,,,Conventional/standard-of-care acquisition,not stated,not stated,,not stated,"n/a - evidence-linked extraction, not a rated appraisal",,,,"Reproducibility and robustness items extracted with supporting evidence; QUADAS-2 does not apply to this design, so no risk-of-bias rating was made."
S183,41580445,10.1038/s41598-025-33162-9,2026,SynPoC: a high-quality generative diffusion model for transforming ultra-low-field point-of-care MRI using high-field MRI representations,Algorithmic / methodological reconstruction study,,Reproducibility & robustness checklist,full text,,,,n/a,,,n/a,,,n/a,,,n/a,,,n/a,,,n/a,,,n/a,,,not stated,,not stated,,,Expert reader consensus,both stated,both stated,"es to model inter-field representations. We evaluated SynPoC across a multi-site dataset of 180 participants, including both healthy individuals and p",yes,"n/a - evidence-linked extraction, not a rated appraisal",,,,"Reproducibility and robustness items extracted with supporting evidence; QUADAS-2 does not apply to this design, so no risk-of-bias rating was made."
S184,,10.1007/s00062-026-01627-7,2026,Ultra-Fast Sub-Minute Brain MRI with Deep-Learning-reconstruction for Anesthesia-Free Emergency Imaging in Children,Algorithmic / methodological reconstruction study,,Reproducibility & robustness checklist,full text,,,,n/a,,,n/a,,,n/a,,,n/a,,,n/a,,,n/a,,,n/a,,,not stated,,not stated,,,Expert reader consensus,both stated,single-centre,"rly the entire patient popu- lation. There are limitations: this is a single-center, retrospec- tive study with a mixed patient sample and limited pathol",yes,"n/a - evidence-linked extraction, not a rated appraisal",,,,"Reproducibility and robustness items extracted with supporting evidence; QUADAS-2 does not apply to this design, so no risk-of-bias rating was made."
S185,40891385,10.1002/mrm.70054,2026,Vessel segmentation for χ $$ \\chi $$ -separation in quantitative susceptibility mapping,Algorithmic / methodological reconstruction study,,Reproducibility & robustness checklist,abstract + MeSH only,,,,n/a,,,n/a,,,n/a,,,n/a,,,n/a,,,n/a,,,n/a,,,not stated,,not stated,,,Not stated,not stated,not stated,,not stated,"n/a - evidence-linked extraction, not a rated appraisal",,,,"Reproducibility and robustness items extracted with supporting evidence; QUADAS-2 does not apply to this design, so no risk-of-bias rating was made."
S186,30884007,10.1002/jmri.26712,2019,Data-driven synthetic MRI FLAIR artifact correction via deep neural network.,Diagnostic accuracy / reader study,"retrospective single-centre reader study of DL image-domain artifact correction for synthetic (MDME) FLAIR, evaluated against separately acquired conventional FLAIR with quantitative metrics plus blinded ratings by three neuroradiologists",QUADAS-2,full text,3,23,yes,Low,"We retrospectively collected images of 86 subjects who underwent a synthetic MRI scan with a 3 T MRI scanner with 24-channel phased array head coils (GE Discovery 750 W, GE Healthcare, Milwaukee, WI) over a consecutive period","Consecutive-period retrospective collection of all subjects scanned with the synthetic MRI protocol, with a clinical-indication cohort spanning abnormal and unremarkable cases; the six exclusions for severe motion were explained.",Low,"three board-certified neuroradiologists (J.J., 10 years experience, J.C., 10 years experience, and H.L., 12 years experience) separately and blindly rated the three different images","Readers scored DL-corrected, uncorrected synthetic, and conventional FLAIR separately and blindly using prespecified 5-point quality and artifact scoring criteria (Table 1), limiting reader bias in the index-test interpretation.",Low,"For the label images, we fed the preprocessed separately acquired conventional FLAIR images.","The reference is a separately acquired standard-of-care conventional FLAIR from the same session, an appropriate truth for artifact-correction fidelity, and qualitative interpretation was blinded; it was not derived from the index-test images.",Low,"Of the 86 subjects, six subjects were excluded from the dataset due to high motion errors.","All subjects received both the synthetic MDME and conventional FLAIR acquisitions in the same examination (effectively zero interval), the full test set (N=23) was analysed, and the only exclusions were explained (motion/registration failure).",Low,"A total of 80 subjects with clinical indications (60.6 ± 16.7 years, 38 males, 42 females) were divided into three groups","Clinically indicated adult brain MRI patients including 40 cases with imaging abnormalities (stroke, hemorrhage, neoplasm, degenerative disease), matching the review's clinically-relevant human brain MRI population.",High,"In this study, a deep learning (DL)-based synthetic FLAIR method was developed, which does not require analytical modeling of the signal.","The index test is image-domain correction of synthetically generated FLAIR contrast (a synthesis/post-processing task), not reconstruction from undersampled k-space, so it is mismatched with the review's reconstruction-safety question.",Low,"A separate scan of the conventional 2D axial FLAIR (here dubbed ""conventional FLAIR"") was obtained","The separately acquired conventional FLAIR is the clinical standard-of-care sequence, a clinically relevant reference for judging whether the DL output preserves or removes true pathology.",not stated,,not stated,,,Expert reader consensus,both stated,both stated,"ults of the magnetic resonance image compilation (MAGiC) prospective, multicenter, multireader trial. AJNR Am J Neuroradiol 2017;38:1103–1110. 12. Ya",yes,verified,Dat Tat Mai,Thai Viet Pham,Thu Nguyen Thi Dang,Appraised in the post-registration round (2026-08-07) and independently verified by the three reviewers (2026-08-07); ratings confirmed without change.
S187,,10.1109/access.2020.2968395,2020,Brain MRI Super-Resolution Using 3D Dilated Convolutional Encoder–Decoder Network,Algorithmic / methodological reconstruction study,,Reproducibility & robustness checklist,full text,,,,n/a,,,n/a,,,n/a,,,n/a,,,n/a,,,n/a,,,n/a,,,yes,ion associated with the proposed DCED can be accessed through https://github.com/JinglongDu/DCED. ### 3) METRICS To quantitatively evaluate DCED and compare it aga,yes,"aset (KKI01 to KKI05), the ANVIL-adult dataset [44], the pathological BraTS dataset [45] with gliomas, and the MSSEG dataset [46] with multiple s",BRATS;BraTS,Expert reader consensus,not stated,not stated,,not stated,"n/a - evidence-linked extraction, not a rated appraisal",,,,
S188,32542779,10.1002/jmri.27255,2020,Combined Denoising and Suppression of Transient Artifacts in Arterial Spin Labeling MRI Using Deep Learning.,Algorithmic / methodological reconstruction study,,Reproducibility & robustness checklist,full text,,,,n/a,,,n/a,,,n/a,,,n/a,,,n/a,,,n/a,,,n/a,,,yes,"dation Trust and University College London. ## FOOTNOTES 1https://github.com/patrickhales/asl-denoising ## REFERENCES 1. Detre JA, Leigh JS, Williams DS, Koretsky AP. Pe",not stated,,,Not stated,retrospective,single-centre,"s acquired as part of the clinical imaging of pediatric patients at our institution, between 2016–2019. Images that had been severely corrupted due to su",not stated,"n/a - evidence-linked extraction, not a rated appraisal",,,,
S189,,10.1109/ojsp.2021.3100751,2021,Dictionary+Wavelet Model With Nested-Minorized VB-EM for SMS-CAIPI R-fMRI Reconstruction,Algorithmic / methodological reconstruction study,,Reproducibility & robustness checklist,full text,,,,n/a,,,n/a,,,n/a,,,n/a,,,n/a,,,n/a,,,n/a,,,not stated,,yes,"performance of all methods on high-quality brain R-fMRI data from the Human Connectome Project VOLUME 2, 2021 388 **FIGURE 1. Results on Brain R-f",HCP;Human Connectome,Fully sampled acquisition,retrospective,not stated,"se, and imaging artifacts. Qualitative and quantitative evaluation on retrospectively undersampled brain R-fMRI shows that estimates of resting-state ne",not stated,"n/a - evidence-linked extraction, not a rated appraisal",,,,
S190,33039617,10.1016/j.neuroimage.2020.117366,2021,Uncertainty modelling in deep learning for safer neuroimage enhancement: Demonstration in diffusion MRI.,Algorithmic / methodological reconstruction study,,Reproducibility & robustness checklist,full text,,,,n/a,,,n/a,,,n/a,,,n/a,,,n/a,,,n/a,,,n/a,,,yes,"entation from Alexander et al. (2017), which is available at https: //github.com/ucl-mig/iqt. We fit the DT model to the combination of _𝑏_ = 0 images and _𝑏_ =",yes,"n by measuring the predictive accuracy on unseen test subjects in the Human Connectome Project (HCP) dataset (Sotiropoulos et al., 2013) and the > 2 Intri",HCP;Human Connectome;Human connectome;human connectome,Stated ground truth (unspecified),not stated,multi-centre,"aims to learn mappings among imaging protocols to reduce confounds in multicentre studies. Our results on image quality transfer (Alexander et al., 201",not stated,"n/a - evidence-linked extraction, not a rated appraisal",,,,
S191,35753594,10.1016/j.neuroimage.2022.119411,2022,Stacked U-Nets with self-assisted priors towards robust correction of rigid motion artifact in brain MRI.,Algorithmic / methodological reconstruction study,,Reproducibility & robustness checklist,full text,,,,n/a,,,n/a,,,n/a,,,n/a,,,n/a,,,n/a,,,n/a,,,yes,U-Nets with self-assisted priors is available at ⟨13:italic ⟩https://github.com/Yonsei-MILab/ MRI-Motion-Artifact-Correction-Self-Assisted-Priors⟨/13:italic⟩. We a,not stated,,,Expert reader consensus,both stated,not stated,"affect the overall diagnosis. In this paper, we develop an efficient retrospective 2D deep learning method called stacked U-Nets with self-assisted pri",yes,"n/a - evidence-linked extraction, not a rated appraisal",,,,
S192,34863809,10.1016/j.neurad.2021.11.007,2022,The effect of a post-scan processing denoising system on image quality and morphometric analysis.,Algorithmic / methodological reconstruction study,,Reproducibility & robustness checklist,full text,,,,n/a,,,n/a,,,n/a,,,n/a,,,n/a,,,n/a,,,n/a,,,not stated,,yes,"e were obtained from the Alzheimer’s Disease Neuroimaging Initiative (ADNI) database (adni.loni.usc.edu). As such, the investigators within the",ADNI;adni,Stated ground truth (unspecified),not stated,multi-centre,"42.668698. 8. Jovicich J, Czanner S, Greve D, et al. Reliability in multi-site structural MRI studies: effects of gradient non-linearity correction",not stated,"n/a - evidence-linked extraction, not a rated appraisal",,,,
S193,37263108,10.1016/j.media.2023.102850,2023,Automatic brain MRI motion artifact detection based on end-to-end deep learning is similarly effective as traditional machine learning trained on image quality metrics.,Diagnostic accuracy / reader study,"retrospective multi-dataset development and validation of automated motion-artifact quality-control classifiers (end-to-end 3D CNN vs IQM-based SVM) for T1w brain MRI, referenced to clinical-usability labels from five radiologists",QUADAS-2,full text,5,1615,yes,High,We randomly selected 500 MRI scans from OASIS-3 and 500 “unusable” (as determined by the UK Biobank team) and 500 “usable” images from UK Biobank.,"Sampling was purposive and pathology/artifact-enriched: UK Biobank images were deliberately selected by prior quality label, OASIS-3 cases were chosen to balance demented and healthy subjects, and MR-ART volunteers performed instructed head nodding, so the sample does not reflect a consecutive or random clinical stream.",High,"For each model, the parameters (either from the median or the maximum validation balanced accuracy fold) that resulted in the highest test set balanced accuracy were kept.","Checkpoint retention and final model selection (including choosing 3D-CNN-v2 and SVM-v1 for the headline comparison) used test-set performance, so the index-test threshold/configuration was not fully prespecified independently of the evaluation data, risking optimistic estimates.",Low,"The STAND, HM1, and HM2 images from the MR-ART dataset were rated similarly to the images from other datasets regardless of the condition, as the radiologists were blind to the acquisition condition.","The reference was expert visual rating by five radiologists with senior revision and consensus discussion, performed blind to acquisition condition and before/independent of the model outputs, which is an acceptable truth standard for clinical usability.",Low,"It was ensured that subjects with multiple images appeared either in the training or the test set, but not in both.","All labeled images received the same radiologist reference standard applied to the identical scans (zero interval), the full disjoint test set (N=411) was analysed, and the few missing scans (8 participants' HM1/HM2 acquisitions) were explained.",High,"the majority of the scans used in our study were obtained from public datasets where precise imaging protocols were strictly followed, yielding overall better-quality images than those obtained in routine clinical examinations.","The cohort combines public research databases (UK Biobank, OASIS-3) and healthy volunteers with deliberately induced motion, rather than a routine clinical brain-MRI population, limiting applicability to the review's clinically-relevant setting.",High,"In the present study, we investigated the relative advantage of the two methods in structural MRI quality control.","The index test is an automatic motion-artifact detection/quality-control classifier applied to conventionally acquired images, not a deep-learning reconstruction from undersampled k-space, so it is mismatched with the review's reconstruction-evaluation question.",Low,Each record was rated on a 3-point scale based on image quality from the point of view of clinical diagnostic use.,Radiologist judgement of clinical diagnostic usability is a clinically relevant reference construct that matches how reconstruction/image safety would be adjudicated in practice.,yes,"zation purposes, images were padded with zeros to be of equal size. open source Cornerstone and Cornerstone Tools libraries (available on https://git",yes,749 T1w images from the Alzheimer’s Disease Neuroimaging Initiative (ADNI) dataset. Comparing the obtained labels to the manual quality assessm,ADNI;OASIS;UK Biobank;UK biobank,Expert reader consensus,both stated,multi-centre,loped classifier was not assessed. The reproducibility of IQMs across multi-site studies using different scanners and scanning sequences was tested by,yes,verified,Dat Tat Mai,Thai Viet Pham,Thu Nguyen Thi Dang,Appraised in the post-registration round (2026-08-07) and independently verified by the three reviewers (2026-08-07); ratings confirmed without change.
S194,,10.1109/tmi.2022.3217725,2023,Fetal MRI by Robust Deep Generative Prior Reconstruction and Diffeomorphic Registration,Diagnostic accuracy / reader study,"technical development and validation of a robust deep-generative-prior (untrained Deep Decoder) slice-to-volume reconstruction with diffeomorphic registration for whole-body fetal MRI, validated by synthetic/ablation experiments, LOOCV image metrics, single-radiologist paired preference rating, and a gestational-age prediction task",QUADAS-2,full text,1,72,yes,Unclear,We have tested our reconstruction algorithm in a cohort of 72 fetal cases consented as participants in the iFIND project,"The cohort mixes controls, suspected abnormalities, and incidental findings, but how the 72 cases were sampled from the iFIND project (consecutive, random, or purposive) and any inclusion/exclusion rules are not described.",Unclear,A radiologist with 11 years’ experience in fetal MRI was asked to select the higher quality image in each of three orthogonal pairs of matched slices extracted around the center of the trunk FOV from DSVR and RGDSVR.,"Blinding of the single reader to which method produced each image in the paired comparison is not reported, and several reconstruction hyperparameters were visually tuned on the same cohort, so independence of the index-test interpretation cannot be confirmed.",High,The reconstruction with minimum data corruption as assessed by the average Normalized Cross Correlation (NCC) of adjacent input slices [11] is used as a synthetic GT,"No independent truth exists: the synthetic ground truth and the LOOCV agreement target are derived from the motion-corrupted acquired data and reconstructions themselves (incorporation bias), and the radiological assessment was a reference-free preference rating.",Low,"Results of Peak SNR (PSNR), in dB, NCC and Structural SIMilarity Index (SSIM) are shown for all 72 cases in our cohort.","All 72 cases were retrospectively reprocessed with every compared reconstruction method on the same acquisitions (zero interval, same reference procedure), and the radiologist preference covered all 72 cases (62 + 10) with no unexplained exclusions.",High,Magnetic resonance imaging of whole fetal body and placenta is limited by different sources of motion affecting the womb.,"The population is fetal whole-body/placenta MRI at 20-36 weeks gestation, not the adult or clinical brain-MRI population targeted by the review; the fetal brain appears only as a secondary ROI for gestational-age prediction.",Unclear,we propose a deep generative prior for robust volumetric reconstructions integrated with a diffeomorphic volume to slice registration method,"The index test is a genuine DL-regularized reconstruction with hallucination-relevant generative prior, so it is task-relevant to reconstruction safety, but it is slice-to-volume motion-compensated reconstruction of the fetal body rather than reconstruction of undersampled k-space brain data.",High,lack of GT makes direct comparison of methods very challenging,"The surrogate references used (NCC-selected synthetic ground truth, held-out corrupted stacks, and clinical-record gestational age acknowledged as error-prone) do not constitute a clinically relevant diagnostic truth standard for reconstruction safety.",not stated,,not stated,,,Stated ground truth (unspecified),not stated,not stated,,not stated,verified,Dat Tat Mai,Thai Viet Pham,Thu Nguyen Thi Dang,Appraised in the post-registration round (2026-08-07) and independently verified by the three reviewers (2026-08-07); ratings confirmed without change.
S195,37976548,10.1088/1361-6560/ad0ddc,2023,Mitigating misalignment in MRI-to-CT synthesis for improved synthetic CT generation: an iterative refinement and knowledge distillation approach.,Algorithmic / methodological reconstruction study,,Reproducibility & robustness checklist,full text,,,,n/a,,,n/a,,,n/a,,,n/a,,,n/a,,,n/a,,,n/a,,,not stated,,not stated,,,Not stated,not stated,not stated,,yes,"n/a - evidence-linked extraction, not a rated appraisal",,,,
S196,37010491,10.1002/mrm.29642,2023,Pushing the limits of low-cost ultra-low-field MRI by dual-acquisition deep learning 3D superresolution.,Algorithmic / methodological reconstruction study,,Reproducibility & robustness checklist,full text,,,,n/a,,,n/a,,,n/a,,,n/a,,,n/a,,,n/a,,,n/a,,,not stated,,yes,data sets synthesized from the high-resolution 3T brain data from the Human Connectome Project. They were applied to 0.055T brain MRI with two repetitions a,HCP;Human Connectome;UK Biobank;UK biobank;fastMRI,Expert reader consensus,prospective,not stated,,yes,"n/a - evidence-linked extraction, not a rated appraisal",,,,
S197,37604079,10.1016/j.neunet.2023.08.004,2023,Sinogram upsampling using Primal-Dual UNet for undersampled CT and radial MRI reconstruction.,Algorithmic / methodological reconstruction study,,Reproducibility & robustness checklist,full text,,,,n/a,,,n/a,,,n/a,,,n/a,,,n/a,,,n/a,,,n/a,,,yes,"ochs with an effective batch size of 32, 1PD-UNet on GitHub: `https://github.com/phernst/pd-unet` the best epoch was chosen based on the validation loss and 2IXI Datas",yes,"iving output differentfferenterent organs were used in this research: IXI dataset<sup>2</sup> from that block, they were de-normalised. This wa",IXI;ixi,Fully sampled acquisition,not stated,not stated,,not stated,"n/a - evidence-linked extraction, not a rated appraisal",,,,
S198,38043105,10.1002/mp.16850,2024,A novel loss function to reproduce texture features for deep learning-based MRI-to-CT synthesis.,Algorithmic / methodological reconstruction study,,Reproducibility & robustness checklist,full text,,,,n/a,,,n/a,,,n/a,,,n/a,,,n/a,,,n/a,,,n/a,,,yes,"re automatically extracted from the ROIs (GTVnx and outline) using an open-source program for radiomic analysis (Pyradiomics library, version 1.2.0). T",yes,"GLCM features, which are typical texture features. Besides, we used a publicly available dataset of brain tumors to verify our loss function. RESULTS: Compared wi",,Expert reader consensus,retrospective,multi-centre,standardize CT images acquired using different imaging protocols for multicenter radiomics analysis.<sup>26</sup> Pan et al. employed a GAN with a sel,yes,"n/a - evidence-linked extraction, not a rated appraisal",,,,
S199,37877463,10.1002/jmri.29088,2024,Deep Learning-Driven Transformation: A Novel Approach for Mitigating Batch Effects in Diffusion MRI Beyond Traditional Harmonization.,Diagnostic accuracy / reader study,"Retrospective single-center technical study: DL harmonization of DWI (Attention U-Net contrast adjustment + REDNet super-resolution) evaluated with quantitative fidelity metrics (PSNR/SSIM, GLCM, PSD, Dice on 84 lesions) under single-radiologist oversight; no formal multi-reader study",QUADAS-2,full text,1,,yes,Unclear,The inclusion criteria were adult subjects who underwent MRI scans with diffusion-weighted images (DWIs). Exclusion criteria included subjects with artifacts in the images and incomplete imaging data.,"Inclusion/exclusion criteria are stated but consecutive or random sampling is not described, and pathology cases were removed from the main harmonization dataset, suggesting a purposive normal-enriched sample.",High,"An experienced, board-certified radiologist evaluated the effectiveness of restoring high-resolution T2WI and harmonizing diverse DWI with metrics such as PSNR and SSIM","The only human evaluation was by a single unblinded reader who is a study author, with reference/original images visible; no acceptability thresholds (e.g., for Dice) were prespecified.",Low,Various low-resolution images were created by down-sampling the high-resolution T2WIs in the dataset.,"Ground truth is known by construction: degradations were synthetically applied to acquired originals, and lesion reproducibility (Dice) was measured against the original acquired images.",Unclear,"Cases with abnormally high signals indicating conditions such as stroke, tumor, or inflammation and those with space-occupying lesions were excluded from the study.","Retrospective processing of the same acquisitions gives zero interval, but pathology was excluded from the main analysis and evaluated only in a separate 84-image set, and artifact/incomplete-data exclusion counts are not reported.",Low,The MRI data were obtained from a diverse patient population aged 20 years and older.,"Adult clinical brain MRI cohort across seven scanners from four vendors matches the human brain MRI setting of the review, though the main dataset under-represents pathology.",High,"we have developed a method that preprocesses all images to produce high-quality input data, thereby reducing diversity.","The intervention is image-domain harmonization/super-resolution preprocessing of already-reconstructed images, not reconstruction from undersampled k-space, so it is clearly mismatched to the review's index test.",Low,"the Dice coefficient for reproducing high-signal abnormalities in transformed images was above 0.74 for all 84 analyzed lesions, including high-intensity strokes and tumors","Using original acquired images and known synthetic degradations as truth is an appropriate fidelity reference for the safety question, including lesion-preservation assessment.",not stated,,not stated,,,Expert reader consensus,both stated,multi-centre,"on corrects site effects in functional connectivity measurements from multi-site fMRI data. Hum Brain Mapp 2018;39(11):4213-4227. 5. Cercignani M, B",yes,verified,Dat Tat Mai,Thai Viet Pham,Thu Nguyen Thi Dang,Appraised in the post-registration round (2026-08-07) and independently verified by the three reviewers (2026-08-07); ratings confirmed without change.
S200,38808752,10.1002/nbm.5179,2024,Deep-learning-based motion correction using multichannel MRI data: a study using simulated artifacts in the fastMRI dataset.,Algorithmic / methodological reconstruction study,,Reproducibility & robustness checklist,partial full text (truncated),,,,n/a,,,n/a,,,n/a,,,n/a,,,n/a,,,n/a,,,n/a,,,not stated,,yes,using multichannel MRI data: a study using simulated artifacts in the fastMRI dataset. Deep learning presents a generalizable solution for motion c,fastMRI,Expert reader consensus,retrospective,multi-centre,ed using simulated rigid motion artifacts in brain images acquired at multiple sites with multiple contrasts (not limited to healthy subjects). We compare,not stated,"n/a - evidence-linked extraction, not a rated appraisal",,,,
S201,37665773,10.1002/mp.16724,2024,GAN-based metal artifacts region inpainting in brain MRI imaging with reflective registration.,Algorithmic / methodological reconstruction study,,Reproducibility & robustness checklist,full text,,,,n/a,,,n/a,,,n/a,,,n/a,,,n/a,,,n/a,,,n/a,,,not stated,,not stated,,,Conventional/standard-of-care acquisition,retrospective,not stated,"ents in our hospital from January 2019 to December 2021 were reviewed retrospectively. To quantitatively compare the effects of synthetic CT, we collect",not stated,"n/a - evidence-linked extraction, not a rated appraisal",,,,
S202,37864370,10.1002/jmri.29072,2024,Handling Missing MRI Data in Brain Tumors Classification Tasks: Usage of Synthetic Images vs. Duplicate Images and Empty Images.,Diagnostic accuracy / reader study,Retrospective GAN synthesis study: three Pix2Pix-GAN models generate missing T1WI/T2WI/FLAIR for brain tumor (LGG vs HGG) classification; three-reader real-vs-fake visual Turing test on 81 images; internal test set plus independent BraTS 2019 external test,QUADAS-2,full text,3,,yes,Unclear,We retrospectively collected MRI data of 224 patients with brain tumors who were scanned at the Tel Aviv Sourasky Medical Center between 2008 and 2021.,"Retrospective single-institution collection with stated inclusion criteria, but consecutive/random sampling is not reported, and how the 81 reader-test images were selected is not described.",Low,The readers were asked to label each image as generated or real image.,"The real-vs-fake judgment is blinded by design (readers do not know which images are synthetic), and quantitative evaluation used a held-out internal test set plus a fully independent public dataset (BraTS).",Low,The PSNR and SSIM measures were extracted in order to evaluate the similarity between the generated and true images.,"Truth is defined by the actually acquired sequences (independent of the generative model) for synthesis fidelity, and by established tumor-grade labels for classification, avoiding incorporation bias.",Low,"Exclusion criteria were: substantial imaging artifacts, as detected by visual assessment (36 patients excluded).","All sequences come from the same retrospective examinations (zero interval), the same reference applies to all cases, and exclusions (36 for artifacts) are reported and explained.",Low,"The MRI data were acquired during patients’ routine clinical assessments, at different sites, with different MRI vendors and systems, and with various acquisition parameters","Clinically acquired brain tumor MRI from routine assessments plus the multi-institutional BraTS dataset matches the human brain, clinically relevant setting.",High,"Three image-to-image translation generative-adversarial-network (Pix2Pix-GAN) models were trained on the local-dataset, to generate T1WI, T2WI, and FLAIR images.","The index method is cross-contrast image synthesis (image-to-image translation) to replace missing sequences, not reconstruction from undersampled k-space, so it is clearly mismatched to the review's index test.",Low,The similarity between the generated and the original images was evaluated using the peak-signal-to-noise-ratio (PSNR) and the structural-similarity-index-measure (SSIM).,Comparing synthetic images against the truly acquired counterpart sequences is an appropriate and clinically relevant fidelity reference for this task.,yes,s of Pix2pix-GAN models and Resnet152 models are available at https://github.com/yaelhm/ Handling-missing-MRI-data-in-brain-tumors-classificationtasks. obta,yes,"37, high-grade-glioma (HGG) = 187) and 335 patients (public-dataset (BraTS); LGG = 76, HGG = 259). The local-dataset was divided into training (",BRATS;BraTS;brats,Expert reader consensus,retrospective,both stated,"ng MRI sequences in deep learning segmentation of brain metastases: A multicenter study. NPJ Digit Med 2021;4(1):1-7. 18. Azad R, Khosravi N, Dehghan",yes,verified,Dat Tat Mai,Thai Viet Pham,Thu Nguyen Thi Dang,Appraised in the post-registration round (2026-08-07) and independently verified by the three reviewers (2026-08-07); ratings confirmed without change.
S203,,10.1109/access.2024.3364699,2024,HARA-GAN: Hybrid Attention and Relative Average Discriminator Based Generative Adversarial Network for MR Image Reconstruction,Algorithmic / methodological reconstruction study,,Reproducibility & robustness checklist,full text,,,,n/a,,,n/a,,,n/a,,,n/a,,,n/a,,,n/a,,,n/a,,,not stated,,not stated,,,Fully sampled acquisition,not stated,not stated,,not stated,"n/a - evidence-linked extraction, not a rated appraisal",,,,
S204,39887812,10.1002/jmri.29682,2025,Application of Anti-Motion Ultra-Fast Quantitative MRI in Neurological Disorder Imaging: Insights From Huntington's Disease.,Algorithmic / methodological reconstruction study,,Reproducibility & robustness checklist,full text,,,,n/a,,,n/a,,,n/a,,,n/a,,,n/a,,,n/a,,,n/a,,,not stated,,not stated,,,Conventional/standard-of-care acquisition,both stated,single-centre,al This study was approved by the Institutional Ethics Committee of our institution. All participants provided written informed consent prior to scanning,yes,"n/a - evidence-linked extraction, not a rated appraisal",,,,
S205,39424209,10.1016/j.mri.2024.110252,2025,Bayesian merged utilization of GRAPPA and SENSE (BMUGS) for in-plane accelerated reconstruction increases fMRI detection power.,Algorithmic / methodological reconstruction study,,Reproducibility & robustness checklist,full text,,,,n/a,,,n/a,,,n/a,,,n/a,,,n/a,,,n/a,,,n/a,,,not stated,,yes,RI research could benefit on a larger scale with contributions to the human connectome project. Both BMUGS and MUGS does not incorporate denoising or smoo,human connectome,Fully sampled acquisition,not stated,not stated,,not stated,"n/a - evidence-linked extraction, not a rated appraisal",,,,
S206,39290071,10.1002/mrm.30278,2025,Denoising of dual-VENC PC-MRI with large high/low VENC ratios.,Algorithmic / methodological reconstruction study,,Reproducibility & robustness checklist,full text,,,,n/a,,,n/a,,,n/a,,,n/a,,,n/a,,,n/a,,,n/a,,,yes,"3 Implementation** We implemented all algorithms in Python, and the code is publicly available at github.com/JanaBrunatova/ dual-VENC_denoising. The wavelet method",not stated,,,Stated ground truth (unspecified),not stated,not stated,,yes,"n/a - evidence-linked extraction, not a rated appraisal",,,,
S207,40436128,10.1016/j.neuroimage.2025.121297,2025,Diffusion based multi-domain neuroimaging harmonization method with preservation of anatomical details.,Algorithmic / methodological reconstruction study,,Reproducibility & robustness checklist,full text,,,,n/a,,,n/a,,,n/a,,,n/a,,,n/a,,,n/a,,,n/a,,,not stated,,yes,"e were obtained from the Alzheimer’s Disease Neuroimaging Initiative (ADNI) database (adni.loni.usc.edu). As such, the investigators within the",ADNI;adni,Stated ground truth (unspecified),retrospective,multi-centre,"ging harmonization method with preservation of anatomical details. In multi-center neuroimaging studies, the technical variability caused by the batch d",yes,"n/a - evidence-linked extraction, not a rated appraisal",,,,
S208,40915097,10.1016/j.cmpb.2025.109045,2025,Enhancing reconstruction-based out-of-distribution detection in brain MRI with model and metric ensembles.,Algorithmic / methodological reconstruction study,,Reproducibility & robustness checklist,full text,,,,n/a,,,n/a,,,n/a,,,n/a,,,n/a,,,n/a,,,n/a,,,yes,"model, including the model weights, is publicly available at https:// github.com/evihuijben/ood_detection_mri. ##### **2. Methods** ##### _2.1. Data_ We used the publicly ava",yes,egarding ethical approval are stated in the license attached with the open-access datasets. ##### **Declaration of Generative AI and AI-assisted technologies,,Stated ground truth (unspecified),retrospective,not stated,on. ##### **Ethical standards** This research study was conducted retrospectively using human subject data made available in open access. Details re,not stated,"n/a - evidence-linked extraction, not a rated appraisal",,,,
S209,39847946,10.1016/j.compbiomed.2025.109660,2025,Guided reconstruction with conditioned diffusion models for unsupervised anomaly detection in brain MRIs.,Algorithmic / methodological reconstruction study,,Reproducibility & robustness checklist,full text,,,,n/a,,,n/a,,,n/a,,,n/a,,,n/a,,,n/a,,,n/a,,,yes,"maly detection methods. The code for our work is available at https://github.com/FinnBehrendt/Conditioned-Diffusion-Models-UAD. - Humans - Brain / diagnostic imaging - Image Processing, Computer-As",yes,"nce, with the Dice score improved by 11.9%, 20.0%, and 44.6%, for the BraTS, ATLAS and MSLUB data sets, respectively, while maintaining competiti",BRATS;BraTS;IXI;brats;ixi,Stated ground truth (unspecified),not stated,not stated,,not stated,"n/a - evidence-linked extraction, not a rated appraisal",,,,
S210,40275620,10.1002/mrm.30512,2025,Higher spatial resolution and sensitivity in whole brain functional MRI at 7T using 3D EPI accelerated with variable density CAIPI sampling and temporal random walk.,Algorithmic / methodological reconstruction study,,Reproducibility & robustness checklist,full text,,,,n/a,,,n/a,,,n/a,,,n/a,,,n/a,,,n/a,,,n/a,,,yes,ipal component analysis. The reconstruction was implemented using the open source code by Ricardo Otazo (https://cai2r.net/resources /ls-reconstruction,not stated,,,Not stated,not stated,not stated,,yes,"n/a - evidence-linked extraction, not a rated appraisal",,,,
S211,39233495,10.1002/mrm.30266,2025,Motion and temporal B0-shift corrections for QSM and R 2 * mapping using dual-echo spiral navigators and conjugate-phase reconstruction.,Algorithmic / methodological reconstruction study,,Reproducibility & robustness checklist,full text,,,,n/a,,,n/a,,,n/a,,,n/a,,,n/a,,,n/a,,,n/a,,,not stated,,not stated,,,Fully sampled acquisition,both stated,not stated,cal harmonics approximation model. ## **2.5 GRE reconstruction with retrospective motion and 𝚫B0 corrections** The acquired 3D-ME-GRE k-space lines,yes,"n/a - evidence-linked extraction, not a rated appraisal",,,,
S212,40089979,10.1002/mp.17747,2025,Quantitative susceptibility mapping via deep neural networks with iterative reverse concatenations and recurrent modules.,Algorithmic / methodological reconstruction study,,Reproducibility & robustness checklist,full text,,,,n/a,,,n/a,,,n/a,,,n/a,,,n/a,,,n/a,,,n/a,,,yes,"R<sup>2</sup> QSM networks and related codes can be found at: https://github.com/YangGaoUQ/IR2QSM. Furthermore, a recently proposed noise-adding module<sup>39</sup> w",not stated,,,Stated ground truth (unspecified),not stated,not stated,,not stated,"n/a - evidence-linked extraction, not a rated appraisal",,,,
S213,40639972,10.3174/ajnr.a8728,2025,Slice-to-Volume Reconstruction of Fetal Brain MR Imaging in Clinical Practice.,Diagnostic accuracy / reader study,Prospective single-center clinical feasibility pilot of an automated slice-to-volume reconstruction (SVR) pipeline for fetal brain MRI at 1.5T; 22 pregnant women; two pediatric neuroradiologists rated SVR vs standard-of-care 2D T2-SSFSE on 5-point scales,QUADAS-2,full text,2,22,yes,High,enrolled nonconsecutive pregnant women undergoing clinical fetal MRI examinations at Cincinnati Childrens’ Hospital Medical Center imaged for suspected brain anomalies,"Explicitly nonconsecutive enrollment, with SVR sequences added at the clinical radiologist's discretion based on indication, scheduling, and patient tolerance - a discretionary convenience sample prone to selection bias.",High,"This study was also subject to bias given the cohort selection process, lack of radiologist blinding to the type of images viewed","Readers were unblinded to whether they viewed SVR or SOC images, and SVR images were reviewed shortly after the SOC acquisition and review, allowing expectation bias in the ratings.",High,"the ability of 3D SVR to reproduce pathology seen on SOC (1 ¼ poor, 5 ¼ excellent)","Truth for pathology reproduction is defined by the SOC images as read unblinded by the same readers in side-by-side comparison, with no independent verification - incorporation-type bias in the reference interpretation.",Low,Reconstruction was completed successfully in all cases.,"SOC and SVR input stacks were acquired within the same examination (effectively zero interval), reconstruction succeeded in all 22 patients, and all were included in the image-quality analysis (44 evaluations); the single PACS transfer lapse affected only source images.",Low,Only single-gestation pregnancies undergoing the fetal brain malformation clinical MRI examination protocol were selected.,"Human fetal brain MRI in a routine clinical diagnostic workflow, including 68% with intracranial anomalies, is a clinically relevant brain MRI population, albeit a specialized one.",Unclear,Slice-to-volume reconstruction (SVR) is used to generate 3D isotropic high-resolution MR images from multiple 2D stacks to correct for fetal motion.,"SVR is genuine volumetric reconstruction (motion-corrected super-resolution from acquired 2D slices) but is registration/model-based rather than DL reconstruction from undersampled k-space; deep learning mainly automates brain localization/masking, so the match to the review's index test is partial.",Low,"In addition to standard of care (SOC), which includes 2D T2-single-shot fast spin echo (SSFSE) contiguous images at 3–4 mm slice thickness",A separately acquired standard-of-care clinical sequence is a clinically relevant comparator for assessing whether the reconstructed volumes preserve diagnostic content.,yes,"and 3D SVR reconstruction by using Auto Brain Reconstruction (https://github.com/SVRTK/auto-proc-svrtk).<sup>5,7</sup> Reconstruction time for each case was automatically logged on the rem",not stated,,,Expert reader consensus,both stated,both stated,"in the diagnosis of fetal brain abnormalities in utero (MERIDIAN): a multicentre, prospective cohort study. Lancet 2017;389:538–46 CrossRef Medline",yes,verified,Dat Tat Mai,Thai Viet Pham,Thu Nguyen Thi Dang,Appraised in the post-registration round (2026-08-07) and independently verified by the three reviewers (2026-08-07); ratings confirmed without change.
S214,,10.1007/s10586-026-06180-z,2026,Bald Uakari Algorithm: a novel nature-inspired metaheuristic for missing pixel imputation in medical images,Algorithmic / methodological reconstruction study,,Reproducibility & robustness checklist,full text,,,,n/a,,,n/a,,,n/a,,,n/a,,,n/a,,,n/a,,,n/a,,,not stated,,yes,"stness and versatility. The brain MRI images were obtained from the BraTS (Brain Tumor Segmentation) Challenge dataset, which contains multimod",BRATS;BraTS,Conventional/standard-of-care acquisition,not stated,not stated,,not stated,"n/a - evidence-linked extraction, not a rated appraisal",,,,
S215,40758495,10.1109/tmi.2025.3595421,2026,Diff-Def: Diffusion-Generated Deformation Fields for Conditional Atlases.,Algorithmic / methodological reconstruction study,,Reproducibility & robustness checklist,full text,,,,n/a,,,n/a,,,n/a,,,n/a,,,n/a,,,n/a,,,n/a,,,yes,I. We train all networks on an A100 80GB GPU with Pytorch. The source code is publicly available.<sup>1</sup> ## _C. Baselines_ We compare our method to five rela,yes,te-of-the-art atlas generation methods using brain MR images from the UK Biobank. Our method generates highly realistic atlases with smooth transforma,UK Biobank,Conventional/standard-of-care acquisition,not stated,not stated,,not stated,"n/a - evidence-linked extraction, not a rated appraisal",,,,
S216,41794343,10.1016/j.mri.2026.110656,2026,Improved image quality and reduced acquisition time in brain MRI using deep learning-based reconstruction: A quantitative and subjective assessment compared to standard MPRAGE in 0.55 T MRI.,Diagnostic accuracy / reader study,Prospective single-center intra-individual paired comparison at 0.55 T: DL variational-network reconstruction of undersampled k-space MPRAGE vs standard parallel-imaging MPRAGE in 30 patients; quantitative SNR/CNR plus blinded three-reader 5-point Likert assessment,QUADAS-2,full text,3,30,yes,Unclear,"Thirty adult patients (mean age: 66 ± 13.6 years; 18 males, 12 females) undergoing clinically indicated MRI of the brain were prospectively enrolled between September 3, 2024, and November 22, 2024.","Prospective enrollment of clinically indicated brain MRI patients irrespective of diagnosis, but consecutive or random sampling within the recruitment window is not stated.",Low,All radiologists were blinded to the reconstruction technique (standard vs. DL).,"Three independent readers of varying experience rated images blinded to reconstruction type using predefined criteria, and the network was trained on separate 1.5T/3T volunteer datasets, precluding test-data leakage; residual concern is possible de facto recognizability of the higher-resolution DL images and low inter-reader ICC.",Low,Each patient underwent two consecutive acquisitions during a single session. The first scan was the routinely used 3D sagittal T1-weighted MPRAGE sequence using a standard parallel imaging reconstruction.,"The separately acquired standard-of-care MPRAGE serves as the comparator and was interpreted blind to the index reconstruction; however no fully sampled ground truth of the accelerated acquisition exists, so fine-scale fidelity errors cannot be fully excluded.",Low,Only cases with complete paired measurements for both the standard and the DL-based reconstruction were included in the analysis. All 30 patients met this criterion and were included.,"Both acquisitions were performed consecutively in the same session (zero interval), the same comparator applied to all, and all 30 enrolled patients were analyzed with no exclusions.",Low,Patients were included irrespective of their underlying neurological diagnosis,"Adult patients undergoing clinically indicated brain MRI on a clinical low-field system directly match the review's human brain, clinically relevant setting.",Low,a DL-based reconstruction generated from undersampled k-space data using a variational-network architecture,This is exactly the review's index test: deep-learning reconstruction of undersampled k-space brain MRI deployed prospectively on the scanner in routine clinical use.,Low,comparing DL-reconstructed MPRAGE with standard MPRAGE using comparable acquisition geometry and timing parameters.,A same-session standard-of-care MPRAGE with matched geometry and timing is a clinically relevant reference for judging the safety and quality of the DL reconstruction.,not stated,,yes,"ider B, Radmanesh A, Kim S, Jeong G, Ko J, et al. Results of the 2020 fastMRI challenge for machine learning MR image reconstruction. IEEE Trans Me",fastMRI,Fully sampled acquisition,prospective,single-centre,"### _2.1. Study design and patient population_ This prospective, single-center study was conducted to evaluate the – impact of deep learning based i",yes,verified,Dat Tat Mai,Thai Viet Pham,Thu Nguyen Thi Dang,Appraised in the post-registration round (2026-08-07) and independently verified by the three reviewers (2026-08-07); ratings confirmed without change.
S217,40945172,10.1016/j.media.2025.103763,2026,IterMask3D: Unsupervised anomaly detection and segmentation with test-time iterative mask refinement in 3D brain MRI.,Algorithmic / methodological reconstruction study,,Reproducibility & robustness checklist,full text,,,,n/a,,,n/a,,,n/a,,,n/a,,,n/a,,,n/a,,,n/a,,,yes,"s, consistently demonstrate the effectiveness of our proposed method. Code is available at https://github.com/ZiyunLiang/IterMask3D. - Humans - Magnetic Reso",yes,"res shown are plotted from four randomly chosen samples, two from the BraTS FLAIR sequence (left) and two from the BraTS T2 sequence (right). For",ADNI;BRATS;BraTS;OASIS;adni;brats,Stated ground truth (unspecified),not stated,single-centre,"rtifact detection, we test our model on a private dataset acquired at our institution, consisting of 16 subjects scanned with T2-weighted imaging, wherein",not stated,"n/a - evidence-linked extraction, not a rated appraisal",,,,
S218,,10.1109/tmi.2026.3673956,2026,Learning Fourier-Constrained Diffusion Bridges for MRI Reconstruction,Algorithmic / methodological reconstruction study,,Reproducibility & robustness checklist,full text,,,,n/a,,,n/a,,,n/a,,,n/a,,,n/a,,,n/a,,,n/a,,,yes,"-diffusion and diffusion priors. Code for FDB is available at https://github.com/icon-lab/FDB. _Contributions:_ - To our knowledge, FDB is the first diffusion b",yes,## _A. Datasets_ Experiments were performed on brain MRI data from IXI<sup>1</sup> and fastMRI [79]. Subjects were split into non-overlappin,FASTMRI;FastMRI;IXI;fastMRI;ixi,Fully sampled acquisition,retrospective,not stated,ve 5 virtual coils that preserved over 90% of the data variance [80]. Retrospective undersampling at rates _R_ = 4 − 10 was used with normal density acr,not stated,"n/a - evidence-linked extraction, not a rated appraisal",,,,
S219,,10.3390/magnetochemistry12010014,2026,Simulation Data-Based Dual Domain Network (Sim-DDNet) for Motion Artifact Reduction in MR Images,Algorithmic / methodological reconstruction study,,Reproducibility & robustness checklist,full text,,,,n/a,,,n/a,,,n/a,,,n/a,,,n/a,,,n/a,,,n/a,,,not stated,,yes,e were obtained from the Alzheimer’s Disease Neuroimaging Initiative (ADNI) database (https://adni.loni.usc.edu (accessed on 29 June 2023)). As,ADNI;adni,Expert reader consensus,both stated,multi-centre,"rrupted data acquired on actual MR scanners, as well as evaluation on multicenter datasets obtained under different scanner vendors, imaging protocols,",yes,"n/a - evidence-linked extraction, not a rated appraisal",,,,
S220,,10.1109/access.2026.3712275,2026,Technical Feasibility of an Efficient Deep Learning-Based Super-Resolution Method for 3D MR Angiography,Algorithmic / methodological reconstruction study,,Reproducibility & robustness checklist,full text,,,,n/a,,,n/a,,,n/a,,,n/a,,,n/a,,,n/a,,,n/a,,,yes,"orks,” 2018, Accessed: Sep. 23,<br>2023. [Online]. Available: https://github.com/imatge-upc/3D-||CAL+CHEMISTRY,COMPUTATIONAL+BIOLOGY+AND+<br>BIOINFORMATICS,TECHNOLOGY.| |[17]|GAN-superresolution<br>C Szeed S Ioffe V Vanhoucke and A A Alem",not stated,,,Stated ground truth (unspecified),not stated,not stated,,yes,"n/a - evidence-linked extraction, not a rated appraisal",,,,
S221,,10.1117/12.845507,2010,Comprehensive quantitative image quality evaluation of compressed sensing MRI reconstructions using a weighted perceptual difference model,Diagnostic accuracy / reader study,"post-lock update (recovered full text, screened 2026-08)",QUADAS-2,full text,,,yes - full-text evidence of human readers,Pending,,,Pending,,,Pending,,,Pending,,,Pending,,,Pending,,,Pending,,,not stated,,not stated,,,Not stated,not stated,not stated,,not stated,pending - post-lock update awaiting three-reviewer QUADAS-2 appraisal,,,,
S222,,10.1002/jmri.25149,2016,Diagnostic quality assessment of compressed sensing accelerated magnetic resonance neuroimaging,Diagnostic accuracy / reader study,"post-lock update (recovered full text, screened 2026-08)",QUADAS-2,full text,3,,yes - full-text evidence of human readers,Pending,,,Pending,,,Pending,,,Pending,,,Pending,,,Pending,,,Pending,,,not stated,,not stated,,,Fully sampled reference,retrospective,not stated,"the point of convergence. For CS reconstructions, k-space data were retrospectively undersampled using a variable density sampling scheme with 6% of the",not stated,pending - post-lock update awaiting three-reviewer QUADAS-2 appraisal,,,,"n_readers evidence: oiled gradient echo (SPGR) sequences. In a series of blinded studies, three radiologists independently evaluated CS, PI (GRAPPA), and low-resolution images at"
S223,,10.1016/j.mri.2016.11.020,2017,Artificial neural network for suppression of banding artifacts in balanced steady-state free precession MRI,Algorithmic / methodological reconstruction study,"post-lock update (recovered full text, screened 2026-08)",Reproducibility & robustness checklist,full text,,,,,,,,,,,,,,,,,,,,,,,,,not stated,,not stated,,,Fully sampled reference,not stated,not stated,,not stated,"n/a - evidence-linked extraction, not a rated appraisal",,,,
S224,,10.1016/j.mri.2017.07.016,2017,Modified-BRISQUE as no reference image quality assessment for structural MR images,Algorithmic / methodological reconstruction study,"post-lock update (recovered full text, screened 2026-08)",Reproducibility & robustness checklist,full text,,,,,,,,,,,,,,,,,,,,,,,,,not stated,,yes,"nce quality ratings from Alzheimer's Disease Neuroimaging Initiative (ADNI) at high sensitivity and specificity (N85%). However, their method ma",ADNI,Not stated,not stated,not stated,,not stated,"n/a - evidence-linked extraction, not a rated appraisal",,,,
S225,,10.1002/jmri.25970,2018,Deep Learning Enables Reduced Gadolinium Dose for Contrast-Enhanced Brain MRI,Diagnostic accuracy / reader study,"post-lock update (recovered full text, screened 2026-08)",QUADAS-2,full text,2,,yes - full-text evidence of human readers,Pending,,,Pending,,,Pending,,,Pending,,,Pending,,,Pending,,,Pending,,,not stated,,not stated,,,Not stated,both stated,not stated,"contrast-enhanced brain MRI using a deep learning method. Study type: Retrospective, crossover. Population: Sixty patients receiving clinically indicat",yes,pending - post-lock update awaiting three-reviewer QUADAS-2 appraisal,,,,"n_readers evidence: M). For the test set comprised of 20 patients with mixed indications, two neuroradiologists scored blindly and independently for the three postcontrast image set"
S226,,10.1007/s00330-019-06319-0,2019,Compressed sensing MRI of different organs ready for clinical daily practice,Algorithmic / methodological reconstruction study,"post-lock update (recovered full text, screened 2026-08)",Reproducibility & robustness checklist,full text,,,,,,,,,,,,,,,,,,,,,,,,,not stated,,not stated,,,Conventional reconstruction comparator,retrospective,not stated,oard approval was obtained (CCER 2016-01821). ##### Methodology - retrospective - cross-sectional study - performed at one institution ## Refer,yes,"n/a - evidence-linked extraction, not a rated appraisal",,,,
S227,,10.1002/mrm.27894,2019,MRI Gibbs-ringing artifact reduction by means of machine learning using convolutional neural networks,Algorithmic / methodological reconstruction study,"post-lock update (recovered full text, screened 2026-08)",Reproducibility & robustness checklist,full text,,,,,,,,,,,,,,,,,,,,,,,,,not stated,,yes,"earch Grant Council (RGC C7048‐16G). Data was provided in part by the Human Connectome Project, WU‐Minn Consortium (Principal Investigators: David Van Essen",HCP,Fully sampled reference,not stated,not stated,,yes,"n/a - evidence-linked extraction, not a rated appraisal",,,,
S228,,10.1109/lsp.2019.2961072,2019,Restoration of Lossy JPEG-Compressed Brain MR Images Using Cross-Domain Neural,Algorithmic / methodological reconstruction study,"post-lock update (recovered full text, screened 2026-08)",Reproducibility & robustness checklist,full text,,,,,,,,,,,,,,,,,,,,,,,,,yes,additional details about the models are publicly available at https://github.com/rmsouza01/JPEG-reconstruction. ## _C. Performance Metrics and Stati,yes,"## III. EXPERIMENTAL METHODOLOGY ## _A. Dataset_ Images from the _Calgary-Campinas-359_ ( _CC-359_ ) dataset [11], a collection of open, multi-vendor, m",Calgary-Campinas,Fully sampled reference,not stated,not stated,,not stated,"n/a - evidence-linked extraction, not a rated appraisal",,,,
S229,,10.1109/tmi.2019.2896085,2019,Robust Single-Shot T2 Mapping via Multiple Overlapping-Echo Acquisition and DN,Algorithmic / methodological reconstruction study,"post-lock update (recovered full text, screened 2026-08)",Reproducibility & robustness checklist,full text,,,,,,,,,,,,,,,,,,,,,,,,,not stated,,not stated,,,Not stated,not stated,multi-centre,,yes,"n/a - evidence-linked extraction, not a rated appraisal",,,,
S230,,10.1016/j.mri.2020.05.002,2020,Motion artifacts reduction in brain MRI by means of a deep residual network DRN-DCMB,Algorithmic / methodological reconstruction study,"post-lock update (recovered full text, screened 2026-08)",Reproducibility & robustness checklist,full text,,,,,,,,,,,,,,,,,,,,,,,,,not stated,,not stated,,,Not stated,both stated,single-centre,"d to prevent, mitigate or correct for motion artifacts. In brain MRI, prospective solutions include immobilization with cushions and head holders to re",not stated,"n/a - evidence-linked extraction, not a rated appraisal",,,,
S231,,10.1109/tmi.2020.2987026,2020,Synthesize High-Quality Multi-Contrast MRI From Multi-Echo Using Multi-Task De,Diagnostic accuracy / reader study,"post-lock update (recovered full text, screened 2026-08)",QUADAS-2,full text,4,,yes - full-text evidence of human readers,Pending,,,Pending,,,Pending,,,Pending,,,Pending,,,Pending,,,Pending,,,yes,"ncoder-decoder structure with multiple residual blocks [24], > 1The code is available on: https://github.com/guanhuaw/DeepMAGiC. which has proven its eff",not stated,,,Conventional reconstruction comparator,both stated,multi-centre,[4]. Different parameter maps and parameter-weighted contrasts can be retrospectively synthesized. Traditional contrast synthesis algorithms use a pixel-wi,yes,pending - post-lock update awaiting three-reviewer QUADAS-2 appraisal,,,,"n_readers evidence: ion For qualitative comparison, a multi-reader study was conducted. 4 radiologists (E.T., D.M., J.C., M.W.) provided independent readings blinded to the"
S232,,10.1002/mrm.28526,2021,Accelerating T2 mapping of the brain by integrating deep learning priors with low-rank and sparse modeling,Algorithmic / methodological reconstruction study,"post-lock update (recovered full text, screened 2026-08)",Reproducibility & robustness checklist,full text,,,,,,,,,,,,,,,,,,,,,,,,,not stated,,yes,data. The image priors for a single TE were generated from the public Human Connectome Project data using a tissue-based deep learning method; the image pri,HCP,Fully sampled reference,retrospective,not stated,"900 ms, TR = 1900 ms). The (k, TE)-space data from the TSE scan were retrospectively undersampled as shown in Figure 1. The fully sampled k-space data of",yes,"n/a - evidence-linked extraction, not a rated appraisal",,,,
S233,,10.1007/978-3-030-87234-2/46,2021,Accurate Parameter Estimation in Fetal Diffusion-Weighted MRI,Algorithmic / methodological reconstruction study,"post-lock update (recovered full text, screened 2026-08)",Reproducibility & robustness checklist,full text,,,,,,,,,,,,,,,,,,,,,,,,,not stated,,yes,t squares (WLLS) method [22]. The newborn scan is from the developing Human Connectome Project (dHCP) dataset [3]. Newborn subjects can be imaged with minim,HCP;dHCP,Not stated,not stated,not stated,,not stated,"n/a - evidence-linked extraction, not a rated appraisal",,,,
S234,,10.1109/embc46164.2021.9630596,2021,Evaluation of EPI Distortion Correction using Synb0-DisCo and Reversed Phase,Algorithmic / methodological reconstruction study,"post-lock update (recovered full text, screened 2026-08)",Reproducibility & robustness checklist,full text,,,,,,,,,,,,,,,,,,,,,,,,,yes,code used in this paper can be found in the following github: https://github.com/Garmanta/LarynxCong **4026** Authorized licensed use limited to:,not stated,,,Not stated,not stated,not stated,,yes,"n/a - evidence-linked extraction, not a rated appraisal",,,,
S235,,10.1109/embc46164.2021.9630435,2021,Learning to Generate Missing Pulse Sequence in MRI using DCNN with Visual Turing Test,Algorithmic / methodological reconstruction study,"post-lock update (recovered full text, screened 2026-08)",Reproducibility & robustness checklist,full text,,,,,,,,,,,,,,,,,,,,,,,,,not stated,,yes,"_et al._ , “The multimodal brain tumor image segmentation benchmark (brats),” _IEEE Trans. Med. Imaging_ , vol. 34, no. 10, pp. 1993–2024, 2014.",BraTS,Not stated,not stated,not stated,,not stated,"n/a - evidence-linked extraction, not a rated appraisal",,,,
S236,,10.1007/s00234-022-03053-1,2022,Deep learning reconstruction in pediatric brain MRI comparison of image quality,Diagnostic accuracy / reader study,"post-lock update (recovered full text, screened 2026-08)",QUADAS-2,full text,2,,yes - full-text evidence of human readers,Pending,,,Pending,,,Pending,,,Pending,,,Pending,,,Pending,,,Pending,,,not stated,,not stated,,,Not stated,retrospective,not stated,aterials and methods** Our Institutional Review Board approved this retrospective study and waived the requirement for informed consent. tumor ( _n_,yes,pending - post-lock update awaiting three-reviewer QUADAS-2 appraisal,,,,n_readers evidence: unn’s pairwise comparisons. The interobserver agreement between the two radiologists was evaluated using the weighted Cohen kappa ( _κ_ ) test. A _κ_ valu
S237,,10.1002/mrm.29314,2022,Improved signal-to-noise performance of MultiNet GRAPPA 1H FID MRSI reconstruction with semi-synthetic calibration data,Algorithmic / methodological reconstruction study,"post-lock update (recovered full text, screened 2026-08)",Reproducibility & robustness checklist,full text,,,,,,,,,,,,,,,,,,,,,,,,,not stated,,not stated,,,Fully sampled reference,retrospective,not stated,"red in two slices in the human brain ( _n_ = 6) at 7T. MRSI data were retrospectively undersampled for a 4×, 6×, and 7× acceleration rate. Signal-to-noise,",yes,"n/a - evidence-linked extraction, not a rated appraisal",,,,
S238,,10.1016/j.jmr.2022.107301,2022,Jointly estimating bias field and reconstructing uniform MRI image by deep learning,Algorithmic / methodological reconstruction study,"post-lock update (recovered full text, screened 2026-08)",Reproducibility & robustness checklist,full text,,,,,,,,,,,,,,,,,,,,,,,,,not stated,,yes,"n this section, the correction performance of BFCNet was evaluated on Human Connectome Project (HCP) brain images. The BFCNet was compared with three bias f",HCP,Not stated,both stated,not stated,ons [9–23] to this problem have been proposed and can be divided into prospective and retrospective methods. Prospective methods correct the bias field,not stated,"n/a - evidence-linked extraction, not a rated appraisal",,,,
S239,,10.1117/12.2622233,2022,Self-supervised learning in medical imaging - anomaly detection in MRI using autoencoders,Algorithmic / methodological reconstruction study,"post-lock update (recovered full text, screened 2026-08)",Reproducibility & robustness checklist,full text,,,,,,,,,,,,,,,,,,,,,,,,,not stated,,not stated,,,Not stated,prospective,not stated,erican College of Radiology (ACR) Innovation Award “AI-PROBE: A Novel Prospective Randomized Clinical Trial Approach for Investigating the Clinical Use,not stated,"n/a - evidence-linked extraction, not a rated appraisal",,,,
S240,,10.1007/s00234-023-03212-y,2023,Feasibility study of super-resolution deep learning-based reconstruction,Diagnostic accuracy / reader study,"post-lock update (recovered full text, screened 2026-08)",QUADAS-2,full text,2,,yes - full-text evidence of human readers,Pending,,,Pending,,,Pending,,,Pending,,,Pending,,,Pending,,,Pending,,,not stated,,not stated,,,Not stated,retrospective,multi-centre,ages (DWI) in brain magnetic resonance imaging (MRI). **Methods** A retrospective analysis was performed on 34 patients who had undergone DWI using a 3,yes,pending - post-lock update awaiting three-reviewer QUADAS-2 appraisal,,,,"n_readers evidence: , and the full width at half maximum (FWHM) of the septum pellucidum. Two radiologists assessed image noise, contrast, artifacts, blur, and the overall qual"
S241,,10.1007/s10334-023-01142-7,2023,Improved reconstruction for highly accelerated propeller diffusion 1.5T clinical MRI,Algorithmic / methodological reconstruction study,"post-lock update (recovered full text, screened 2026-08)",Reproducibility & robustness checklist,full text,,,,,,,,,,,,,,,,,,,,,,,,,not stated,,not stated,,,Fully sampled reference,both stated,not stated,"tion was not included. However, if motion parameters are given either retrospectively [12, 14, 15] or prospectively [55], motion correction can be simply i",yes,"n/a - evidence-linked extraction, not a rated appraisal",,,,
S242,,10.1109/tim.2024.3481545,2024,Image Reconstruction With B0 Inhomogeneity Using a Deep Unrolled Network,Algorithmic / methodological reconstruction study,"post-lock update (recovered full text, screened 2026-08)",Reproducibility & robustness checklist,full text,,,,,,,,,,,,,,,,,,,,,,,,,not stated,,not stated,,,Fully sampled reference,both stated,not stated,"ven the knowledge of B0 field inhomogeneity, image distortions can be retrospectively corrected by post-processing interpolation algorithms [18]. However,",yes,"n/a - evidence-linked extraction, not a rated appraisal",,,,
S243,,10.1109/tmi.2024.3523949,2024,MRI Motion Correction Through Disentangled CycleGAN Based on Multi-Mask K-Space Subsampling,Diagnostic accuracy / reader study,"post-lock update (recovered full text, screened 2026-08)",QUADAS-2,full text,2,,yes - full-text evidence of human readers,Pending,,,Pending,,,Pending,,,Pending,,,Pending,,,Pending,,,Pending,,,yes,-free data. The source code and example data are available on https://github.com/baoqingjia/DCGAN-MS. ## IV. EXPERIMENTAL RESULTS ## _A. Clinical,yes,"linical gadoxetic acid-enhanced human liver MRI, human brain MRI from fastMRI, and preclinical rodent brain MRI. Quantitative improvements are demo",fastMRI,Fully sampled reference,both stated,multi-centre,"gjia Bao , and Chaoyang Liu **_Abstract_ — This work proposes a new retrospective motion correction method, termed DCGAN-MS, which employs disentangled",yes,pending - post-lock update awaiting three-reviewer QUADAS-2 appraisal,,,,"n_readers evidence: ize 320 × 320, TE = 1.29 ms, TR = 4.5 ms, and slice thickness = 3 mm. Two radiologists assessed the grades of motion artifacts. For subjective evaluation, t"
S244,,10.1109/iccit62134.2024.10701250,2024,Performance Evaluation of Medical Image Denoising using Convolutional Autoencoders,Algorithmic / methodological reconstruction study,"post-lock update (recovered full text, screened 2026-08)",Reproducibility & robustness checklist,full text,,,,,,,,,,,,,,,,,,,,,,,,,not stated,,not stated,,,Not stated,not stated,not stated,,not stated,"n/a - evidence-linked extraction, not a rated appraisal",,,,
S245,,10.1109/jbhi.2025.3586049,2025,3D Isotropic High-Resolution Fetal Brain MRI Reconstruction From Motion Corrupted Thick Data,Algorithmic / methodological reconstruction study,"post-lock update (recovered full text, screened 2026-08)",Reproducibility & robustness checklist,full text,2,,,,,,,,,,,,,,,,,,,,,,,,yes,"ital, Guizhou 550002, China (e-mail: wangrongpin@126.com). The source code is available at https://github.com/DeepBMI/ SUFFICIENT. Digital Object Identifier",yes,"promise. While large and high-quality training datasets such as fetal dHCP are becoming available, these methods still face challenges related t",HCP;dHCP,Fully sampled reference,retrospective,not stated,,yes,"n/a - evidence-linked extraction, not a rated appraisal",,,,"n_readers evidence: inical fetal brain MRI, we conducted a qualitative assessment (QA) by two experienced radiologists, who rated each reconstruction on a 0–5 scale based on anatomical pla"
S246,,10.1007/s00247-025-06314-2,2025,Accelerated brain magnetic resonance imaging with deep learning reconstruction,Diagnostic accuracy / reader study,"post-lock update (recovered full text, screened 2026-08)",QUADAS-2,full text,,,yes - full-text evidence of human readers,Pending,,,Pending,,,Pending,,,Pending,,,Pending,,,Pending,,,Pending,,,not stated,,not stated,,,Fully sampled reference,both stated,multi-centre,"ity compared to conventional MRI. **Materials and methods** In this retrospective study, 116 pediatric participants (mean age 7.9 ± 5.4 years) underwen",yes,pending - post-lock update awaiting three-reviewer QUADAS-2 appraisal,,,,
S247,,10.1109/conecct65861.2025.11306510,2025,Arterial Spin Labeling-Based CBF Map Generation Using a Vector Quantized VAE,Algorithmic / methodological reconstruction study,"post-lock update (recovered full text, screened 2026-08)",Reproducibility & robustness checklist,full text,,,,,,,,,,,,,,,,,,,,,,,,,not stated,,yes,"controls (18 males, 55 females) from the AD Neuroimaging Initiative (ADNI) repository (http://adni.loni.usc.edu/) with available 3D T1 weighted",ADNI,Fully sampled reference,not stated,multi-centre,,not stated,"n/a - evidence-linked extraction, not a rated appraisal",,,,
S248,,10.3174/ajnr.a8841,2025,Deep Learning Reconstruction for 7T MP2RAGE and SPACE MRI - Improving Image Quality at High Acceleration Factors,Diagnostic accuracy / reader study,"post-lock update (recovered full text, screened 2026-08)",QUADAS-2,full text,2,,yes - full-text evidence of human readers,Pending,,,Pending,,,Pending,,,Pending,,,Pending,,,Pending,,,Pending,,,not stated,,not stated,,,Fully sampled reference,both stated,single-centre,liasing in parallel imaging techniques. MATERIALS AND METHODS: This retrospective study involved 60 patients who underwent 7T brain MRI between June 20,yes,pending - post-lock update awaiting three-reviewer QUADAS-2 appraisal,,,,"n_readers evidence: ventional reconstruction. Image quality was independently assessed by 2 neuroradiologists by using a 5-point Likert scale, which included overall image quality"
S249,,10.1109/icicis66182.2025.11313176,2025,Deep Super-Resolution and Age Prediction for Brain MRI Using SRCNN,Algorithmic / methodological reconstruction study,"post-lock update (recovered full text, screened 2026-08)",Reproducibility & robustness checklist,full text,,,,,,,,,,,,,,,,,,,,,,,,,not stated,,yes,"s the super-resolved images to estimate biological age. Tested on the IXI dataset, the model demonstrates strong predictive accuracy, achieving",IXI;OASIS,Not stated,not stated,not stated,,yes,"n/a - evidence-linked extraction, not a rated appraisal",,,,
S250,,10.1109/tbme.2025.3543403,2025,DEISM - Deep Reconstruction Framework With Self-Calibration Mechanisms for Accelerated Chemical Exchange Saturation Transfer Imaging,Algorithmic / methodological reconstruction study,"post-lock update (recovered full text, screened 2026-08)",Reproducibility & robustness checklist,full text,,,,,,,,,,,,,,,,,,,,,,,,,yes,ing signal intensity induced by CEST saturation. All the DEISM source code is available at https://github.com/YiZhangMRI/DEISM. **_3) Comparison Methods an,not stated,,,Fully sampled reference,both stated,not stated,"erformance on both healthy volunteers and brain tumor patients, using retrospectively or prospectively undersampled data at various acceleration factors. E",yes,"n/a - evidence-linked extraction, not a rated appraisal",,,,
S251,,10.1007/978-981-96-6957-8/25,2025,Estimating Uncertainty on Deep Learning-Driven Fibre Orientation Distribution Enhancement,Algorithmic / methodological reconstruction study,"post-lock update (recovered full text, screened 2026-08)",Reproducibility & robustness checklist,full text,,,,,,,,,,,,,,,,,,,,,,,,,not stated,,yes,mpact of FOD enhancement on downstream tasks such as tractography and human connectome mapping. Current uncertainty estimation methods show promise in class,HCP,Not stated,not stated,not stated,,not stated,"n/a - evidence-linked extraction, not a rated appraisal",,,,
S252,,10.1016/j.mri.2025.110427,2025,Evaluation of synthetic images derived from a neural network in pediatric brain MRI,Diagnostic accuracy / reader study,"post-lock update (recovered full text, screened 2026-08)",QUADAS-2,full text,2,,yes - full-text evidence of human readers,Pending,,,Pending,,,Pending,,,Pending,,,Pending,,,Pending,,,Pending,,,not stated,,not stated,,,Not stated,prospective,multi-centre,"hted images to improve image quality.<br>_Materials and methods:_This prospective, IRB approved study enrolled 50 pediatric patients undergoing clinica",yes,pending - post-lock update awaiting three-reviewer QUADAS-2 appraisal,,,,"n_readers evidence: a single clinical magnet, and the systematic review of the images by 2 radiologists assessing the potential use of AI-DCS in clinical practice. Our stu"
S253,,10.1016/j.ejrad.2025.112289,2025,Impact of super-resolution deep learning-based reconstruction for hippocampal MRI,Diagnostic accuracy / reader study,"post-lock update (recovered full text, screened 2026-08)",QUADAS-2,full text,2,,yes - full-text evidence of human readers,Pending,,,Pending,,,Pending,,,Pending,,,Pending,,,Pending,,,Pending,,,not stated,,not stated,,,Conventional reconstruction comparator,prospective,multi-centre,and methods** ### _2.1. Study design and participants_ This was a prospective study designed as a volunteer-based investigation to evaluate the ima,yes,pending - post-lock update awaiting three-reviewer QUADAS-2 appraisal,,,,"n_readers evidence: trast, contrast-to-noise ratio (CNR), and septum slope were analyzed. Two radiologists evaluated the images for noise, contrast, artifacts, sharpness, and o"
S254,,10.1016/j.jmr.2025.107898,2025,Improve robustness to mismatched sampling rate An alternating deep low-rank approach,Algorithmic / methodological reconstruction study,"post-lock update (recovered full text, screened 2026-08)",Reproducibility & robustness checklist,full text,,,,,,,,,,,,,,,,,,,,,,,,,not stated,,yes,ighted (T2w) brain** : The data were obtained from the one repository fastMRI [56]. The brain dataset in fastMRI is acquired by different scanners,fastMRI,Fully sampled reference,retrospective,not stated,Gb1 is reconstructed from 25 % and 50 % of fully sampled data through retrospective undersampling (Fig. 12). Considering that peak regions contain the pr,not stated,"n/a - evidence-linked extraction, not a rated appraisal",,,,
S255,,10.1016/j.mri.2025.110463,2025,Verification of resolution and imaging time for high-resolution deep learning reconstruction,Diagnostic accuracy / reader study,"post-lock update (recovered full text, screened 2026-08)",QUADAS-2,full text,,,yes - full-text evidence of human readers,Pending,,,Pending,,,Pending,,,Pending,,,Pending,,,Pending,,,Pending,,,not stated,,not stated,,,Not stated,both stated,not stated,uper-resolution DLR method. ### **2. Materials and methods** This retrospective study was approved by the Ethics Committee of Fujita Health Universit,yes,pending - post-lock update awaiting three-reviewer QUADAS-2 appraisal,,,,
S256,,10.1002/mrm.30271,2025,XSIM - A structural similarity index measure optimized for MRI QSM,Algorithmic / methodological reconstruction study,"post-lock update (recovered full text, screened 2026-08)",Reproducibility & robustness checklist,full text,,,,,,,,,,,,,,,,,,,,,,,,,not stated,,not stated,,,Fully sampled reference,not stated,not stated,,not stated,"n/a - evidence-linked extraction, not a rated appraisal",,,,
S257,,10.1016/j.ejrad.2025.112497,2026,Accurate multi-b-value DWI generation using two-stage deep learning multicenter study,Diagnostic accuracy / reader study,"post-lock update (recovered full text, screened 2026-08)",QUADAS-2,full text,2,,yes - full-text evidence of human readers,Pending,,,Pending,,,Pending,,,Pending,,,Pending,,,Pending,,,Pending,,,yes,"e multi-site magnetic resonance DWI synthesis and conversion (https://github.com/410312774/multi_b_DWI_DL), enabling the transition from low b-value",not stated,,,Not stated,both stated,multi-centre,e imagingApparent diffusion coefficient _Materials and methods:_ This retrospective study included DWI images collected from three hospitals (from March,yes,pending - post-lock update awaiting three-reviewer QUADAS-2 appraisal,,,,"n_readers evidence: tion was performed for non-trained target b-values (b = 75, b = 850): two radiologists with over five years of diagnostic experience scored the clarity, ima"
S258,,10.1007/s10278-026-02059-y,2026,BrainGAN Framework for Generating Synthetic Contrast-Enhanced Multisequence MRI,Diagnostic accuracy / reader study,"post-lock update (recovered full text, screened 2026-08)",QUADAS-2,full text,,,yes - full-text evidence of human readers,Pending,,,Pending,,,Pending,,,Pending,,,Pending,,,Pending,,,Pending,,,yes,"request, subject to patient confidentiality. **Code Availability** Code is available from the corresponding author upon reasonable request. ### **Declar",not stated,,,Fully sampled reference,both stated,multi-centre,"ing the BrainGAN generative adversarial network (GAN) framework. This retrospective study included 83 patients with 16,250 matched T1/CE-T1 pairs and 100",yes,pending - post-lock update awaiting three-reviewer QUADAS-2 appraisal,,,,
S259,,10.3174/ajnr.a8992,2026,Clinical Validation of Deep Learning-Accelerated versus Wave-CAIPI Postcontrast 3D T1-MPRAGE for Evaluation of Intracranial Enhancing Lesions,Diagnostic accuracy / reader study,"post-lock update (recovered full text, screened 2026-08)",QUADAS-2,full text,,,yes - full-text evidence of human readers,Pending,,,Pending,,,Pending,,,Pending,,,Pending,,,Pending,,,Pending,,,not stated,,not stated,,,Conventional reconstruction comparator,prospective,multi-centre,luating intracranial enhancing lesions. MATERIALS AND METHODS: This prospective study was approved by the Institutional Review Board. Patients underg,yes,pending - post-lock update awaiting three-reviewer QUADAS-2 appraisal,,,,
S260,,10.1109/icici68773.2026.11580971,2026,Deep Learning based Denoising Framework for High-Fidelity Brain MRI Reconstruction,Algorithmic / methodological reconstruction study,"post-lock update (recovered full text, screened 2026-08)",Reproducibility & robustness checklist,full text,,,,,,,,,,,,,,,,,,,,,,,,,not stated,,not stated,,,Fully sampled reference,not stated,not stated,,not stated,"n/a - evidence-linked extraction, not a rated appraisal",,,,
S261,,10.3174/ajnr.a9140,2026,Deep Learning-Accelerated 3D FLAIR Enables Reliable MS Lesion Detection,Diagnostic accuracy / reader study,"post-lock update (recovered full text, screened 2026-08)",QUADAS-2,full text,2,,yes - full-text evidence of human readers,Pending,,,Pending,,,Pending,,,Pending,,,Pending,,,Pending,,,Pending,,,not stated,,not stated,,,Not stated,prospective,not stated,"different head coil configurations. MATERIALS AND METHODS: In this prospective study, 76 patients with MS underwent 3T MRI using both reference and",yes,pending - post-lock update awaiting three-reviewer QUADAS-2 appraisal,,,,n_readers evidence: s alternately performed using either a 20- or a 64-channel head coil. Two blinded radiologists independently assessed the image quality using a 5-point Likert scale
S262,,10.3174/ajnr.a9097,2026,Deep-Learning Accelerated Vessel Wall Imaging Using T1-SPACE at Ultra-High-Field Strength MRI,Diagnostic accuracy / reader study,"post-lock update (recovered full text, screened 2026-08)",QUADAS-2,full text,2,,yes - full-text evidence of human readers,Pending,,,Pending,,,Pending,,,Pending,,,Pending,,,Pending,,,Pending,,,not stated,,not stated,,,Not stated,retrospective,multi-centre,"ard-of-care (SOC) T1-SPACE sequence. MATERIALS AND METHODS: In this retrospective single-center study, 36 patients (21 women; mean age, 53.3 6 16.2 yea",yes,pending - post-lock update awaiting three-reviewer QUADAS-2 appraisal,,,,n_readers evidence: lying lumen was no longer visible (chronic occlusion/vasculopathy). Two neuroradiologists independently evaluated each vessel segment for both wall and lumen u
S263,,10.1016/j.bspc.2026.110600,2026,LoDDPM High-fidelity pseudo-healthy brain MRI synthesis via longitudinal differential guidance,Algorithmic / methodological reconstruction study,"post-lock update (recovered full text, screened 2026-08)",Reproducibility & robustness checklist,full text,,,,,,,,,,,,,,,,,,,,,,,,,not stated,,yes,d pseudo-healthy brain MRI images. The validation of the longitudinal BraTS-<br>Lighthouse2025 dataset demonstrates that LoDDPM achieves a high l,IXI;BraTS,Not stated,not stated,not stated,,not stated,"n/a - evidence-linked extraction, not a rated appraisal",,,,
S264,,10.3174/ajnr.a8977,2026,Motion-Informed 3D Deep Learning Reconstruction in Patients with Cognitive Impairment,Diagnostic accuracy / reader study,"post-lock update (recovered full text, screened 2026-08)",QUADAS-2,full text,2,,yes - full-text evidence of human readers,Pending,,,Pending,,,Pending,,,Pending,,,Pending,,,Pending,,,Pending,,,not stated,,not stated,,,Conventional reconstruction comparator,both stated,not stated,his study aims to validate a DL reconstruction method that integrates retrospective motion correction into the reconstruction pipeline for 3D T1-weighted,yes,pending - post-lock update awaiting three-reviewer QUADAS-2 appraisal,,,,n_readers evidence: reference scans in the healthy volunteers. Image quality was rated by 2 board-certified neuroradiologists by using a 5-point Likert scale. Statistical analysis included Wilcox
